Percent_Stride,hip_flexion_constantrun_3p0_Mean,hip_flexion_constantrun_3p0_Std,knee_angle_constantrun_3p0_Mean,knee_angle_constantrun_3p0_Std,pelvis_tx_constantrun_3p0_Mean,pelvis_tx_constantrun_3p0_Std,hip_flexion_constantrun_4p0_Mean,hip_flexion_constantrun_4p0_Std,knee_angle_constantrun_4p0_Mean,knee_angle_constantrun_4p0_Std,pelvis_tx_constantrun_4p0_Mean,pelvis_tx_constantrun_4p0_Std,hip_flexion_constantrun_5p0_Mean,hip_flexion_constantrun_5p0_Std,knee_angle_constantrun_5p0_Mean,knee_angle_constantrun_5p0_Std,pelvis_tx_constantrun_5p0_Mean,pelvis_tx_constantrun_5p0_Std,hip_flexion_constantrun_6p0_Mean,hip_flexion_constantrun_6p0_Std,knee_angle_constantrun_6p0_Mean,knee_angle_constantrun_6p0_Std,pelvis_tx_constantrun_6p0_Mean,pelvis_tx_constantrun_6p0_Std,hip_flexion_constantrun_jog_Mean,hip_flexion_constantrun_jog_Std,knee_angle_constantrun_jog_Mean,knee_angle_constantrun_jog_Std,pelvis_tx_constantrun_jog_Mean,pelvis_tx_constantrun_jog_Std,hip_flexion_fly_3p0_Mean,hip_flexion_fly_3p0_Std,knee_angle_fly_3p0_Mean,knee_angle_fly_3p0_Std,pelvis_tx_fly_3p0_Mean,pelvis_tx_fly_3p0_Std,hip_flexion_fly_4p0_Mean,hip_flexion_fly_4p0_Std,knee_angle_fly_4p0_Mean,knee_angle_fly_4p0_Std,pelvis_tx_fly_4p0_Mean,pelvis_tx_fly_4p0_Std,hip_flexion_fly_5p0_Mean,hip_flexion_fly_5p0_Std,knee_angle_fly_5p0_Mean,knee_angle_fly_5p0_Std,pelvis_tx_fly_5p0_Mean,pelvis_tx_fly_5p0_Std,hip_flexion_fly_6p0_Mean,hip_flexion_fly_6p0_Std,knee_angle_fly_6p0_Mean,knee_angle_fly_6p0_Std,pelvis_tx_fly_6p0_Mean,pelvis_tx_fly_6p0_Std,hip_flexion_fly_jog_Mean,hip_flexion_fly_jog_Std,knee_angle_fly_jog_Mean,knee_angle_fly_jog_Std,pelvis_tx_fly_jog_Mean,pelvis_tx_fly_jog_Std
0.0,-20.370604395779022,7.139596208488331,32.81927867102741,10.389693768749868,-0.09357487892266819,0.07280770565651921,-23.97449497684861,4.467967075011234,40.154315219038914,11.376776200790674,-0.10863883945815331,0.07251582806911677,-25.57219700681291,3.5979052229658604,48.332497045391584,11.202726428767587,-0.09739770627035434,0.07533321767389205,-23.120503989675885,8.53123732190268,53.389848583035445,15.6334109225204,-0.07607360387108554,0.11031292065120622,-21.93151753962047,7.292403015424882,40.45689142784787,12.75608253160845,-0.1057987547310033,0.06926694053913024,-19.841715428660194,5.673327517204468,25.996887358887836,9.851267703324195,-0.1601761600946013,0.11983545744108216,-22.516972002607833,5.623255721892901,32.84111020827721,11.773191232890149,-0.1911782590846681,0.09919706713395576,-20.51162914264848,13.816059106111322,41.270008981806534,14.30499500538965,-0.18737453518840327,0.09776566843188364,-22.011503922353135,6.933442323832306,48.79740191394058,13.324854806008492,-0.14127642489874312,0.0980326324924524,-20.239296742799592,7.8407307433117515,28.56641411291018,14.258251090463387,-0.1922164805027847,0.11001041775455775
1.0,-20.291877828615476,7.221388507878738,33.61216651928198,10.648481601691351,-0.09074657240388441,0.07408660451753557,-23.90118461800881,4.4871107948430495,41.05888086929163,11.24907718411702,-0.10597111550389587,0.072454925855112,-25.459880643040282,3.6273991384054414,49.247911992148225,11.139559460551753,-0.09347453670816219,0.0754935064947498,-22.918916992213777,8.816947565721199,54.10306938555376,15.475836481530639,-0.07297285432831663,0.11217164207140554,-21.812361886822465,7.3411954476240435,41.24641552105143,12.847763124823395,-0.10383507388626881,0.06999846402688496,-19.798117985948902,5.7180902608283635,26.589273116992565,9.974152851192594,-0.15811358988357604,0.11983693053471056,-22.44380388648042,5.6855841920195385,33.69169444999485,11.70119147035242,-0.18765759210932512,0.09971085096597228,-20.346705639379536,14.00221308123227,42.15373401246219,14.436994715565756,-0.1844448348733765,0.09927277501254331,-21.66225746304425,7.507796939662563,49.7133824378416,13.406895684502272,-0.14067234360665068,0.09704673751710823,-20.117359430105445,7.99697712173521,29.183585735092198,14.43956122993265,-0.19044124009061714,0.11054697621995875
2.0,-20.15428411614003,7.303675302804539,34.596342708077785,10.905584719737886,-0.0874973435929468,0.07532701378341158,-23.773315201518173,4.516583797344517,42.14504722452481,11.190395427282414,-0.10285777228723807,0.07240238528534779,-25.285465294424455,3.6820470610383453,50.339091050299565,11.096175071201479,-0.08882828418486423,0.07601574071085629,-22.609198299793093,9.216455999131457,54.95095454634324,15.35595310290754,-0.06981342322116907,0.11405660521430368,-21.64879848381017,7.438612914033845,42.191315599028606,12.964199532660464,-0.10147189656182322,0.07068967697020484,-19.715508516956362,5.785934103845667,27.347184114718456,10.102359079374859,-0.1557475815009044,0.11993595583601459,-22.304530443026767,5.767546724020877,34.712145041655766,11.6870303200278,-0.1838748156617489,0.1003430422693184,-20.13266552203372,14.218344571270723,43.180122108687755,14.521870763657224,-0.18116004596103832,0.10115524448169182,-21.23700485867977,8.130244267290834,50.78719458908351,13.52546507861825,-0.13952386801669345,0.09731503249612998,-19.94133650108572,8.173954395159942,29.947074805613337,14.637823548581911,-0.18832474054408815,0.1110612875959409
3.0,-19.971743453612824,7.390258549495245,35.73107296519438,11.167642744172719,-0.08391559814616101,0.07655937438252969,-23.60205104417566,4.560420059683075,43.38066091854935,11.192495278722495,-0.09940433280149095,0.07233521561956761,-25.0611546068225,3.765725689178442,51.57531569777683,11.07527058537598,-0.08365546422336627,0.07684032062042499,-22.21212818697084,9.713989886242082,55.90851358301289,15.267709551163003,-0.06670773253866573,0.11585692907013119,-21.449359714816993,7.579050575921423,43.26243247766023,13.102530603947462,-0.09879740863045113,0.0713909705541424,-19.602784940594606,5.875616176090681,28.23906089929266,10.237847076959373,-0.15313519736708409,0.12011323909357098,-22.110967669686776,5.869220180815989,35.87723942472142,11.728865394829466,-0.1798752857808477,0.10108764834428738,-19.877984820071557,14.460769423734089,44.326987978166535,14.570215322792123,-0.1775860063231873,0.10336633681284196,-20.7498223696935,8.781524919540207,51.99134457029799,13.669119647042034,-0.1379110783966609,0.09863964768353445,-19.721567296154248,8.372059316389153,30.83297246422105,14.853459408552578,-0.1859381763835984,0.11155721065936805
4.0,-19.757947644932965,7.484402237635231,36.97617404486092,11.444736055551394,-0.08008883918719505,0.07781850214743842,-23.39855646278025,4.622291974331214,44.733568585176336,11.24991117515506,-0.09571632003996612,0.07223966735949226,-24.799152226091454,3.880807405485608,52.925867412511195,11.08449268357359,-0.07815259234657419,0.07792058458922795,-21.748486928304025,10.293659549873242,56.95075601317127,15.206716148580774,-0.06376820426982881,0.11745014233269906,-21.222439412815593,7.757444908023985,44.43124055772299,13.262218677646352,-0.09589782709659972,0.0721550927110091,-19.468845175775648,5.985921852578414,29.23334401794234,10.385698904734879,-0.1503334999026121,0.12035159286416636,-21.874931563900347,5.990859110315001,37.16175504065339,11.826800893983108,-0.17570435850553012,0.10194216159262565,-19.591139562953558,14.726096309721903,45.57214632858181,14.59506124774468,-0.1737885538316215,0.10586482936960917,-20.214786256519236,9.448732257379888,53.29833858411686,13.832121246291932,-0.13591405501434178,0.10077334930997515,-19.468391155724905,8.591704887292138,31.817369850662764,15.088679190881514,-0.18335274212954872,0.11204164602470591
5.0,-19.478405452937345,7.599971972268686,38.42545780781959,11.705529684845711,-0.07568895191375263,0.07905552980905166,-23.158340489605482,4.699555317127869,46.24408608985909,11.347000558471612,-0.09165004533819235,0.0721095545754617,-24.507717652309253,4.027671543108014,54.37611908224209,11.125951124387285,-0.07246562841165906,0.07915112945982351,-21.234741832024252,10.935659903274074,58.062027662365914,15.169114418999078,-0.061074254156763305,0.11873252120638957,-20.958539236501867,7.957856550737415,45.771672508990555,13.354124312636959,-0.09252121860185944,0.07291006368500011,-19.320166750114733,6.113422267207696,30.314996126055004,10.546156309253679,-0.14733060469271025,0.12068259036765512,-21.606121476339805,6.130276528229218,38.56067805392437,11.968499157252289,-0.1713241523501013,0.1029331439479702,-19.27322762551789,15.007820867009826,46.92205864201139,14.588420069847695,-0.16971796354228683,0.10864347456429739,-19.6458114712874,10.122349368697252,54.68185226695724,14.010554144822722,-0.13360855941589453,0.10344607080786843,-19.19152138017623,8.83246093728368,32.8994649010063,15.333710119314192,-0.18056893284791603,0.11252386879620183
6.0,-19.04554583348821,7.775328605537794,40.289462252379494,11.924330241954637,-0.07007071609901061,0.08005271242344596,-22.798733261695592,4.814558050979367,48.21186786946513,11.442475143774816,-0.08617497134550645,0.07161772124818527,-24.098431999698317,4.205936576279407,56.26830829555104,11.063479825787478,-0.06516824508843382,0.08100772348424021,-20.57005714499755,11.632456861068233,59.47593758132951,15.131145628045743,-0.0573784035581612,0.12055538740733382,-20.533498320513846,8.387051937712595,47.64443304496734,13.406833565691604,-0.08803638107416323,0.07362849878533573,-19.12099034144455,6.261722207048811,31.56764533824687,10.720734422739106,-0.14384036202971248,0.1212525040682641,-21.272085382071733,6.273566048396658,40.238213508373484,12.074025411850178,-0.16609410793706167,0.10430781856084534,-18.884867975874112,15.304838587430972,48.557847015665,14.426350671014495,-0.16449104100207337,0.11193053539750937,-18.996778507503645,10.791878741827626,56.21996762051598,14.128548109136505,-0.1308825813492932,0.1063809120348301,-18.864617134110542,9.12423911232779,34.24087195959736,15.56418631001345,-0.1770459166126351,0.11294885046479596
7.0,-18.513945008085113,8.003719422212965,42.39228338441473,12.133939466630201,-0.06386054527285909,0.08090591123565384,-22.300537275819423,4.991490302733905,50.59468316575332,11.558326175089727,-0.07935081226378322,0.07089777603281436,-23.525650387382658,4.4299672025837005,58.68785044871465,10.874687286218528,-0.05570543321612354,0.08463165272525493,-19.614454784386798,12.604077292197402,61.37368888803381,15.195299909491485,-0.0517201202673923,0.12471449290127314,-19.92901892434052,9.184573504054244,49.94116952612983,13.55979287686495,-0.08303005440409902,0.07503883628585804,-18.814107483580635,6.473447528455987,33.10234470260206,10.882802651693583,-0.13960494091006612,0.12192028518219011,-20.76147257910033,6.476260103407406,42.38645421082511,12.150606428442229,-0.1597082666081335,0.10606148212771803,-18.32677509130373,15.703974335495456,50.6245853413708,14.05823906160977,-0.15747096445317166,0.11640526726681819,-18.135337954430046,11.517281366653148,58.15187048346812,14.12137363386656,-0.12705090117171164,0.10967946143285298,-18.418485695459694,9.48009961103574,36.074585469106005,15.755918368084426,-0.17198174744692285,0.11312135691628908
8.0,-17.952172041317066,8.25730532958802,44.517593631039546,12.342859863982182,-0.05779856277737679,0.08162392988338589,-21.722828384347412,5.221030797431622,53.12779618086113,11.68597197286255,-0.07204212349165881,0.07015822090057275,-22.846892701746,4.711148623973366,61.35195331865401,10.674254332287415,-0.04539834388628597,0.08990199073294464,-18.44297759734756,13.80256638788,63.560727308168005,15.37131710976612,-0.04508819444585894,0.1311601676463272,-19.23506840975258,10.216559921370003,52.35299703338751,13.835021518647974,-0.07813884726412582,0.0774761379794371,-18.407850018920595,6.760828882917786,34.86448622107126,11.004519767711203,-0.13498175205609186,0.12245171523692579,-20.080319415513888,6.752832988277678,44.902472785491355,12.243350426950977,-0.15261854008315284,0.10801607546406947,-17.61035763428705,16.157968081687173,52.989590795810564,13.615914206455413,-0.14931277636845366,0.12166964992703487,-17.075086992346353,12.26089526344918,60.46361076641836,14.010978209560188,-0.12170163156609609,0.11345400154987367,-17.870840261281952,9.886413370132944,38.288325938555985,15.88161848785199,-0.16570430666997366,0.11320147897116568
9.0,-17.395119462048704,8.478267397149455,46.52683573447449,12.526933915541939,-0.05235350721951688,0.08216583328903156,-21.118285212825665,5.479362333735523,55.57826331228662,11.82093878446583,-0.06499133293983736,0.0696101847944003,-22.12154622485996,5.043596857621033,63.97486686674819,10.549464201597017,-0.03559169608385089,0.09585241368783738,-17.173478002597683,15.096990922092392,65.79623034810584,15.622753800855364,-0.038644255851576846,0.13904763133178594,-18.530655235193755,11.305944701650214,54.62519342206329,14.170046638958317,-0.0737798633518111,0.08079783153916802,-17.941578888714165,7.10534356006806,36.735259003408906,11.097350497883959,-0.13046541322603541,0.12276921475601824,-19.28481744213803,7.082469488857798,47.56617165142905,12.381102141856438,-0.14558937306413347,0.10984799180276408,-16.80543138308979,16.59644137731565,55.43793478135856,13.212285212491429,-0.14105640452371132,0.12687768093920723,-15.901959906027795,12.955234616875394,62.961586466362284,13.8802472779095,-0.11550286205987303,0.11751404860622056,-17.26585689035435,10.320016794690838,40.66464667313848,15.957341757962755,-0.15897926769261986,0.11333632601446875
10.0,-16.789391248851256,8.694675620294902,48.492944199066976,12.644056633997165,-0.04713241944555915,0.0825827590225898,-20.49997458934574,5.725279009329688,57.853461335892604,11.921977968730157,-0.05846031884667831,0.0691642782974413,-21.390627163573257,5.402538439860114,66.32703163673267,10.525267942749563,-0.027443167935001126,0.10078533956984771,-15.910424149685843,16.33852635645623,67.86326140781377,15.877536122241047,-0.03350838667370335,0.1466242059714088,-17.862183229233796,12.243895804218464,56.67754675507164,14.38702971651817,-0.06974791830002461,0.08417855867628615,-17.434895094036058,7.470651996872797,38.62569326365678,11.158606404907523,-0.12640135308663145,0.12292796087215957,-18.423978426608258,7.429623648430401,50.20720154752568,12.553559426018202,-0.13915336776870324,0.11125803790323364,-15.962453190283492,16.94140552769981,57.83006160591187,12.912110017574909,-0.13337743602233898,0.13122750791132035,-14.70686911997689,13.51835100031084,65.44268757324873,13.78964195755216,-0.1091880283524925,0.12122742860150894,-16.644534496331637,10.745800846324638,43.02775080592742,15.964946137004336,-0.152407515618344,0.1135664105431023
11.0,-16.12766525560266,8.934588564254701,50.463540083037394,12.742401836137452,-0.041998515650762416,0.08293932838618759,-19.826478012895027,5.933487749498813,60.02314325466182,11.967039094108488,-0.05224520104535609,0.06866827039789866,-20.61148576649104,5.746028991083436,68.4712713211904,10.553394978838357,-0.02049116620460131,0.1047889239623938,-14.659478557123451,17.35714111118603,69.7410521831088,16.04073105669496,-0.030007660670574927,0.15166069182200462,-17.19027418039164,13.036713257673405,58.634818080574085,14.512065440836134,-0.0657050019241626,0.08758458593349637,-16.865563906160066,7.82317249536152,40.516841266166274,11.199022717305208,-0.12289774413156897,0.12306728298751177,-17.5244579796118,7.741485947937774,52.750818802551876,12.712146546059419,-0.13342467481275302,0.11218282067803567,-15.117469673112167,17.10511533936018,60.103675479032425,12.724192922399043,-0.12652310214444032,0.13399705707911805,-13.54499171650802,13.861232997705523,67.76884085283903,13.737530497185904,-0.10340011569455511,0.12356039606167409,-16.02466216040855,11.155328865097026,45.27069764644462,15.888598284378514,-0.14638957622385573,0.11393341917727855
12.0,-15.44527738825397,9.20101390988705,52.397038350543134,12.813402059837449,-0.037189260430973946,0.0831698926682866,-19.07785315542622,6.13402999294154,62.16220017987095,12.00025094472862,-0.0461952085682809,0.06829842432028964,-19.74324602734937,6.0838590584905585,70.54132929819549,10.599572395409721,-0.013896676892373163,0.10899753402992571,-13.38453834939079,18.14754383822253,71.50205697022386,16.142528984409964,-0.02725519431801537,0.15562449298964537,-16.477593465444713,13.816104387229924,60.552602032155285,14.63403654616908,-0.06181772222039858,0.09146584285179102,-16.230903569993114,8.148732307249313,42.39617576297795,11.261582321719052,-0.11981908712502387,0.12342383058093699,-16.562701144571015,8.015224342390121,55.1926495923431,12.85745086209156,-0.1285029704190159,0.1126503402432811,-14.234589409015989,17.099246674329226,62.27960166691363,12.552044473332767,-0.12012281159019873,0.1358111183894652,-12.389462817169344,14.039737495726655,69.90809903416145,13.717425523738594,-0.09854944047896654,0.12419354054312369,-15.376906487570093,11.556289073531516,47.43807220773483,15.769337668722828,-0.1409328607230497,0.11454327786968994
13.0,-14.764222606864793,9.480160266303045,54.26344369145933,12.834309157691607,-0.03286802610456794,0.08317751342396587,-18.27542362876763,6.343085501624431,64.25306930865301,12.022590561715353,-0.040486553034820544,0.06818623371688042,-18.812744648219606,6.429675557776827,72.53153547126786,10.676515530844059,-0.007907681971762786,0.11284334984003465,-12.04745809727713,18.847767730963987,73.21464383742217,16.259746984345604,-0.025055817865104295,0.15964255396288596,-15.73707695287122,14.555544422862036,62.4134376064882,14.755519569472545,-0.058159374513608454,0.09549511481703414,-15.51728270369874,8.47309652945681,44.29372986444136,11.337629326934033,-0.11695589336591118,0.12390991347316307,-15.505395108521569,8.284989754381987,57.600546836167105,12.96788941334023,-0.12408675269252735,0.11272615138619504,-13.266979193971574,17.061434555665645,64.39350841599341,12.415222848606373,-0.11423632386642933,0.13745698853339505,-11.182328367236579,14.207621129625,71.91540231122295,13.731151537427724,-0.09440418196496485,0.12361590892373894,-14.676182826533188,11.955344565411385,49.58680540503875,15.620565460691525,-0.13581674159279275,0.1152803356784087
14.0,-14.069418796924166,9.75660230939879,56.07168787519445,12.77507784095688,-0.028958399492956553,0.08301998215189009,-17.43445200350649,6.561527619084244,66.28884235797172,12.02910980574231,-0.035195714390973146,0.06825747882653452,-17.85149436308902,6.784465077417756,74.43199357677275,10.791107787507478,-0.0028119534504052117,0.11562813788391141,-10.678759122275444,19.45950598753804,74.87760672923775,16.38709927463173,-0.023368734465772367,0.16354345004111892,-14.974947096376699,15.228971590461057,64.20553521941491,14.866079834064385,-0.054712477348901244,0.0992383842628569,-14.740055039569178,8.811092762130054,46.21123771192132,11.420527496574511,-0.1143377751767815,0.12441485429881474,-14.375117499934492,8.562253404559558,59.96625646725253,13.047554520277851,-0.120100891570881,0.11250601922679698,-12.214632579795982,17.009035383499405,66.46381916474175,12.347708229781631,-0.10888388591596472,0.1389631013777636,-9.898471987941209,14.348832392286058,73.86125516976844,13.75589942795968,-0.09039433023670497,0.12265538570412972,-13.923680727855308,12.346168421483037,51.71959612332146,15.451427990240955,-0.13102513259088772,0.11615299846532795
15.0,-13.328301463781665,10.045817668895364,57.85308536467835,12.68042759162794,-0.02526359145156529,0.08284181882498384,-16.541706027308273,6.774138544865402,68.27590190504004,12.009241169907124,-0.030215727181332377,0.06844102027693726,-16.871265548716025,7.1423405284775985,76.25053016046864,10.947966128083342,0.001253573937038794,0.11656652139347488,-9.3011785105104,19.976180818210835,76.4832106662712,16.520016040532653,-0.022376601840706355,0.16680922632986975,-14.186691359136958,15.800311406941212,65.9476180859964,14.94786154540609,-0.051331552822910784,0.10237712450570252,-13.890656707712457,9.155198047222875,48.15270972620394,11.506158183081732,-0.11226745887602838,0.1247070171273059,-13.193369842696193,8.841808323431799,62.273046015148516,13.118475544573892,-0.1164260888302068,0.11223799491008445,-11.08933877530149,16.954245152266168,68.48820256105977,12.35467977911922,-0.10410483665610282,0.14027923115470542,-8.55331560322528,14.464965962683161,75.74730151721602,13.787900519276072,-0.08652375251932282,0.12171096828826668,-13.132816086305546,12.717265374530083,53.821519245447625,15.25277669138598,-0.12656841756977924,0.11698424410143009
16.0,-12.558308967709054,10.34979748666945,59.5944381670649,12.575334844510262,-0.021813373571025394,0.0826710165194666,-15.578152159424416,6.984261259012064,70.22749773449024,11.975906220834663,-0.025572098519575863,0.06878002513582376,-15.845344015570559,7.47804635355874,78.01085837249616,11.132117256348245,0.004693517959699764,0.11624680179024809,-7.889323757684995,20.38399998382389,78.0456745011429,16.637538586874996,-0.022167329267613254,0.1688355015789474,-13.354260013538044,16.29726269169188,67.6664125373635,15.015183402497723,-0.04797918000755833,0.1052297272520888,-12.964930434525497,9.509837135602588,50.121633622303754,11.599207591194387,-0.11083464394535612,0.12479479540353121,-11.983277944594626,9.111697957194986,64.49820793563377,13.183670000831796,-0.11306330582382568,0.11203557611086026,-9.91053149799883,16.904098900544394,70.45580570899374,12.424434748431523,-0.09998875222553388,0.14133443923455055,-7.161825024087395,14.555129888401039,77.56886952892825,13.827596692790722,-0.08298126259327594,0.12091816437732497,-12.3132496894701,13.06187418149019,55.876129589556506,15.03426238072446,-0.12252544850316444,0.11785262925441406
17.0,-11.77911059300168,10.65631303185498,61.277514022995206,12.461441372198518,-0.01866466494044308,0.08248004923791778,-14.54338091847816,7.196948328058923,72.14077605614563,11.945501746808032,-0.02131334638608095,0.06926895218839027,-14.73915246499226,7.78008360173835,79.72408841284673,11.325911868913845,0.007929549439517491,0.11579973528530972,-6.435120864129178,20.671140569133346,79.57274141678766,16.742081908946005,-0.02244085746660873,0.17004590914901593,-12.474210570116046,16.756166899259807,69.35907600500987,15.07638848034385,-0.04476797542418226,0.10808047755586618,-11.967852248788903,9.858892824058627,52.10042633700924,11.712057077077077,-0.10983493191806798,0.124937278138304,-10.737252303183515,9.376047530819305,66.64108527589147,13.248246792725661,-0.11020101951378927,0.11183703545252625,-8.671238057329528,16.857972247936726,72.37971564337128,12.50723364627313,-0.09668518672854211,0.14202090277112,-5.7284088515318725,14.633719756346053,79.3249141500775,13.876740049335366,-0.08018697741604522,0.1203493621275723,-11.46905098801917,13.374331958462585,57.8724448968834,14.809352409212032,-0.11887683379373414,0.11888853296831127
18.0,-10.997471346448647,10.950633428632496,62.90453883759025,12.342096615988295,-0.015903079403434477,0.08224757908921503,-13.460737389093643,7.406723972137343,73.99556642276052,11.917833080331201,-0.017495117911462892,0.06991500272565938,-13.568531566770316,8.061967440281192,81.37902372517105,11.530557619884943,0.01083728547232563,0.11527046013478727,-4.940630618362524,20.879624281866338,81.0799192905848,16.85637541183282,-0.023087068034875497,0.17103518039149412,-11.557307395671014,17.163818730665753,71.01511022509547,15.120406979349598,-0.04181398505597677,0.11057132326394892,-10.91329695209781,10.187879567041037,54.06090132875215,11.840266107066839,-0.10917114887101113,0.1252079164486952,-9.44556866480696,9.661680180542906,68.71658938226699,13.320546484404243,-0.1079556356259945,0.1116626914479128,-7.380758176887109,16.795845555156568,74.25466654186908,12.589899192735349,-0.09404611718582216,0.14212609272552465,-4.268221373825269,14.707419825102816,81.01313248980094,13.93869705643849,-0.07814091651606622,0.11951472725177018,-10.589469160655096,13.65062584649738,59.822732713695935,14.591013040773287,-0.11553826956969716,0.12009937753460569
19.0,-10.19199587610284,11.242149860022641,64.49536295974995,12.203483882763814,-0.013472343104454923,0.08210315478217105,-12.341289384911839,7.605325663721036,75.78803983093616,11.885350887977976,-0.014168308541390973,0.07063699078616928,-12.358122277926045,8.327653238365366,82.96684584774722,11.748170079376386,0.01329499183024808,0.1146087291299837,-3.428517286783954,21.01042314332828,82.56415482470094,16.971646524522033,-0.023920780976628683,0.1719172278517156,-10.613119624766954,17.50182656714284,72.62532511159269,15.138303057621947,-0.03913929300547854,0.11234693705372159,-9.803797781138188,10.49311230513168,55.99886243400661,11.962336130086191,-0.10871688488796091,0.125542526402844,-8.108537125295728,9.964131599451614,70.73256696092415,13.39631158736451,-0.10636096179151235,0.11130591882551202,-6.04358071389588,16.726677043764347,76.07731697583161,12.690480612770303,-0.09195959126007996,0.14184098425655367,-2.782372691886712,14.775153835007456,82.63478106929635,14.025343375664423,-0.07668264070775012,0.11842324430322272,-9.662744825590094,13.91134079842305,61.73971382466522,14.386008244163149,-0.11262811640593966,0.12144346911990951
20.0,-9.352689836564283,11.521194959213126,66.03383574295822,12.04425628752898,-0.011308979967362121,0.08220036782644527,-11.185343888521285,7.787385571344724,77.51467020118568,11.835927540118902,-0.011313750870197817,0.07135824353774288,-11.122035977047618,8.591050160787013,84.48858684982415,11.985255321176618,0.015255192446476442,0.11373448065297136,-1.9027875320327041,21.060712036053218,84.02062363498327,17.081474725721023,-0.025034850924639467,0.17263172352726572,-9.639902598988309,17.751098660756586,74.20686361534698,15.125968471734195,-0.03667118659402229,0.11318875657709696,-8.634123851805558,10.806483932326776,57.91975219428932,12.075681630174655,-0.10858047278567885,0.12592428701401479,-6.73883683151788,10.273826267089863,72.67996266876628,13.477719954055171,-0.1052580429679239,0.11086107860232272,-4.651473494824427,16.64961305617355,77.84722687175234,12.82477538893736,-0.09044457750424896,0.1414605778725671,-1.2527249268632514,14.832084690609602,84.20469658415672,14.131396086124834,-0.0757301890177876,0.11746437394875701,-8.695612054083538,14.160169054492773,63.61543723508571,14.191201784399945,-0.11007862113468976,0.1228450052784153
21.0,-8.487031394644792,11.758922651918914,67.50412081932298,11.875588954300255,-0.009353074129541799,0.08260668754672804,-9.9897248243223,7.953191333045389,79.17986040428232,11.786161235075882,-0.008978615952106701,0.07223760235644947,-9.851407619355204,8.853615853101141,85.96102181849409,12.236685154824137,0.01654623028788344,0.11232502654663111,-0.3485949637719917,21.031970089030523,85.44692553033332,17.18093871658133,-0.026580800798793575,0.17316545787059934,-8.622087805037717,17.944030328716465,75.76663268975985,15.087336874460501,-0.034338998105683895,0.11337061172900247,-7.398727703103998,11.147563156052845,59.82494128903072,12.18757800209716,-0.10878184305520587,0.1265077620037299,-5.360422237366281,10.587797391078194,74.54061207089225,13.57196796901186,-0.10456834158579749,0.11041600572678112,-3.202276422406847,16.553435848768785,79.55840361546863,12.995506122637822,-0.0894453342765888,0.1411216359794664,0.3239378792680437,14.887377358161224,85.72598199412826,14.244731324016715,-0.07524001023082959,0.11682598984111328,-7.693682163767571,14.3951096776749,65.44580111836555,14.007370600434777,-0.10798539917137437,0.12428500354534858
22.0,-7.614337180481827,11.93370955981871,68.89116943565405,11.718499117764441,-0.007724603894126425,0.08312066059411712,-8.748170581815275,8.102164781618333,80.78435893908379,11.756187719676308,-0.0071283442628757255,0.07336662710793627,-8.521978329445249,9.086440566038364,87.4002422259818,12.488936822058937,0.017162261377778695,0.11027567227391756,1.2272871119674038,20.934067548119597,86.82271647905006,17.276251263971115,-0.028415568719598168,0.17336377600558112,-7.555605689226495,18.11124612616982,77.29308229598743,15.023680576976348,-0.03217977604493994,0.11333441549602485,-6.1024711538984375,11.506460416365677,61.70650439591176,12.300670955920165,-0.10933657286104159,0.1272801618785653,-3.975713655582308,10.907672095704518,76.31176775252841,13.675950705338236,-0.10428838011145171,0.11000236399058544,-1.6972286850293672,16.43559155016301,81.21175281593167,13.190663195812615,-0.08901187015722795,0.14071221228677305,1.9415131540825639,14.956792015237117,87.19393998825727,14.358018699546319,-0.0753343338581834,0.11650755559146066,-6.649825802324732,14.594787271519076,67.2336156045047,13.837382632509586,-0.10630454382237632,0.12582273156777393
23.0,-6.715088575838683,12.077774554375935,70.232509197864,11.584636675872924,-0.006534754870007437,0.08342387298532129,-7.477755450338766,8.233109873171866,82.315265286544,11.747045654963129,-0.0058916113161814505,0.07461240260770069,-7.130035984885904,9.274627124038538,88.80467200745314,12.73806708417881,0.017220953380824845,0.1078904052437552,2.8148978535499634,20.79827317400013,88.13397539125029,17.384542567799365,-0.030428017781322633,0.17313482808051103,-6.443240999841498,18.227479049210775,78.78183683026825,14.924490456656315,-0.030259034051849,0.11308168695789864,-4.776428202745915,11.868501012991358,63.534317222353266,12.399812745373897,-0.11025038857037579,0.1280974644564246,-2.575932287975366,11.23537975254561,78.0032911315241,13.785719617746942,-0.10449646254931529,0.10962119834234572,-0.13500063696386294,16.290752174360822,82.8190081128327,13.380594354981696,-0.08919859804321312,0.1399127517359269,3.5864267879787475,15.042048581508723,88.60238714887714,14.464952002429932,-0.07597195666616759,0.11639501369144845,-5.5676523011917505,14.740546342051658,68.96684372570586,13.682614869772213,-0.1049258638440337,0.12726397772662698
24.0,-5.777079718366999,12.193109012207183,71.54152688887459,11.466545759067495,-0.005725073224438213,0.08355235519502664,-6.1787219886200395,8.350474491230656,83.76842007521083,11.744398119050322,-0.005239593859628067,0.07565308233363184,-5.689087092903964,9.424580597738704,90.16320179928185,12.989903205070124,0.016882100112105346,0.10541888869314567,4.408185160808181,20.657220137054193,89.38347838065577,17.50239155306569,-0.032681556528873675,0.17278140710531253,-5.295568809996216,18.27223815978779,80.22908730053271,14.792960424229019,-0.028634530587605518,0.1126407860583188,-3.4257761430628535,12.244601903356825,65.3011372546605,12.495554140880454,-0.11162503028930237,0.12893224830191405,-1.1491250738953989,11.56571453165309,79.62907951282426,13.912381866628115,-0.1050915723279589,0.10941230983733637,1.4674874155402415,16.10525925170642,84.38872730019982,13.541911592191392,-0.08979823996758339,0.13829200868606145,5.232072024641723,15.129556543910027,89.9396320342396,14.556012211317338,-0.07691290384164955,0.11621661143186765,-4.448274599413571,14.833690854931909,70.63923742919731,13.541808910046868,-0.10385813635967413,0.12820752798887572
25.0,-4.795870959091283,12.251128694147889,72.81660155388592,11.361385739179719,-0.005132728770893907,0.08376589333147227,-4.8453504932178655,8.459150000942445,85.14390097699874,11.743466069185452,-0.0051919390092753015,0.07627791754863832,-4.215892545471321,9.56792189752936,91.46492705476787,13.241560321102657,0.01622719894065231,0.10313367878002833,6.005685612349045,20.49015901748056,90.60823294880004,17.608147696918724,-0.03508307702091012,0.17257708561061907,-4.117681160059799,18.224453141078612,81.65561903024538,14.640005118863808,-0.02740524972093764,0.11196939257544768,-2.049109919008409,12.614973081614535,67.00994507212867,12.558616638006574,-0.11323037950383173,0.12990496263078619,0.3110245497075418,11.899317775477599,81.20342763985855,14.058443041502628,-0.1061045491368873,0.1092957384190508,3.129207990096039,15.87368580757367,85.92242325125423,13.691220309738322,-0.09073647346916472,0.1362229747225381,6.884693185633494,15.20230253967218,91.22863603752094,14.645908936114173,-0.07813250057773917,0.11605162923935487,-3.2906312176645462,14.908533716554176,72.26104008978486,13.430607293853312,-0.10324708231277334,0.1286065638814959
26.0,-3.791617819707709,12.238474617635902,74.04553292408566,11.272570127939803,-0.004706799981617463,0.08423105026315157,-3.4805648281915063,8.554784027486413,86.44963348598618,11.760950537581712,-0.005669013694203184,0.07671830882633089,-2.706189047530707,9.711045736888984,92.71401184575012,13.498549455799512,0.015236898868681301,0.10103403963588022,7.598583699589447,20.294389763307397,91.80140555055557,17.691729611015074,-0.03760925401019713,0.17271466690537385,-2.897030606623974,18.119080993682726,83.0577043432616,14.479066922276695,-0.02668793422262444,0.11076888727258366,-0.642911071413733,12.981081771992685,68.66138588409181,12.588894671034245,-0.1148859339359355,0.13111935139391165,1.7923202649576513,12.226684461835456,82.71009134845163,14.213925656612137,-0.1074869314689673,0.10931157996372778,4.84940094445874,15.60623987384798,87.41778951061822,13.848131525231004,-0.0920070660131095,0.1340195327719854,8.541471854582447,15.255980382468024,92.45724921213028,14.7207895427496,-0.0796137862333591,0.1159289498563348,-2.0920734277367994,14.980595525517932,73.84116374695527,13.346200340074773,-0.10309643429200685,0.12858794163968038
27.0,-2.774184217062514,12.175356297060464,75.20705851328277,11.216542931417763,-0.004508701478336291,0.08486964818354396,-2.0946154002524486,8.642366515609583,87.68600029555554,11.812104801524486,-0.006544622785826999,0.07723158205877778,-1.15180534446685,9.837590241191103,93.91633756057398,13.761618293747759,0.013808958430543137,0.09896505972293232,9.176843163714508,20.069541586770303,92.93306423296359,17.738671100292827,-0.04020351344886903,0.17319050982339135,-1.6159228164677666,18.002915998772366,84.42069123526423,14.307872104619939,-0.026462521865267565,0.10895676889445866,0.786963269097931,13.344736534146461,70.25315107541088,12.599918334879984,-0.11648969146244867,0.13255365540312386,3.2790200473546727,12.54137372619188,84.13408528916959,14.36432138292741,-0.10918176867486194,0.10950283802112398,6.623071490508613,15.322288504973612,88.86858811575236,14.0203442113912,-0.09372675554142727,0.1317902250505917,10.20146408150634,15.29722250619248,93.61156081375063,14.769899327637372,-0.08134303145740975,0.11592149999737517,-0.8464365712943992,15.04627661579611,75.38664623625006,13.280129609038012,-0.10339073939880067,0.12837267477865813
28.0,-1.7252152543819854,12.097512209919515,76.30121005782239,11.212900304356268,-0.004635344825492046,0.08544742686381801,-0.6884887920645597,8.732964153464637,88.84892809392933,11.88914442313835,-0.00782814908487518,0.07783440987777061,0.45166812174239684,9.926950019309407,95.0772648493758,14.01698856945871,0.011779409999798906,0.09692407774295037,10.735150116279636,19.81353102225135,93.97399429383803,17.74255657387401,-0.04274941954275029,0.1736873064976154,-0.27653757565719583,17.87673021230282,85.72859151425243,14.112610857364919,-0.026616246935026858,0.10685219119714988,2.234203674601631,13.68462533766749,71.78540904638847,12.589499331574064,-0.11811925107544481,0.13390683069282475,4.7712573327602215,12.854970567459462,85.48906505025622,14.494138861684764,-0.11125729152662106,0.1097258234241857,8.462183095134012,15.03281728231806,90.26354591573768,14.193858385640889,-0.09610907355395416,0.1295079835932391,11.866788235877891,15.338545692805004,94.69589116912206,14.795852678260303,-0.08336688546714735,0.11612086787656374,0.4502374370751568,15.079106093605056,76.88973925868513,13.22327304059291,-0.10412240363764512,0.12811684427246717
29.0,-0.6408279610999235,12.008099802245138,77.3419662163397,11.259982950335782,-0.005141419516457394,0.08578485564657048,0.7485261766053349,8.82307391851177,89.94342638216558,11.978376913575005,-0.009595227086655202,0.0784312515425493,2.1008117433166382,10.003643932464252,96.19123178274837,14.265856228598352,0.009063677000399296,0.09501564646295356,12.269054080812325,19.52041136887533,94.93615591753881,17.71943653463627,-0.04516283327432458,0.17373801097592734,1.107680049168953,17.748175674428165,86.95839551883016,13.898656495475766,-0.027023646236153893,0.104785557218797,3.700967684734735,14.004810596738917,73.2612800039628,12.579824251770164,-0.1198412742570639,0.1352120742184561,6.2905236041622175,13.168491947514822,86.7826757115087,14.604531914052986,-0.11375837813159793,0.10995518618871203,10.3526394690741,14.738611659259652,91.596379683437,14.343665818016946,-0.09923270845752766,0.12668032845038227,13.520352887522563,15.369765129645044,95.69046654380757,14.788194286107469,-0.08554397630920693,0.1164358251507718,1.8045254043068109,15.069989242861134,78.34002043444842,13.174312043042825,-0.10530608213202207,0.12785620810088819
30.0,0.4782384869468846,11.909225021656166,78.33867650797787,11.355309664035055,-0.006041399816047211,0.08598134039496744,2.228562993392412,8.920166460452515,90.97002800742594,12.084074447595453,-0.01185225234690249,0.07882492450814765,3.7781067807547686,10.10832449940146,97.24024850999702,14.496802220160507,0.0057874821695542205,0.09341569991827585,13.768793894139542,19.212810158600718,95.85459716965553,17.71843563904731,-0.04735593572912537,0.17347323618722305,2.535036840933544,17.620715005509446,88.12460573352567,13.690066466403294,-0.027710183605740887,0.10295396965613697,5.166403738440961,14.260315333664904,74.67022010848214,12.549620868621588,-0.1215742608445738,0.1364433294535804,7.835291325801675,13.484643605057268,88.01158160272381,14.697272755336519,-0.11657444654990351,0.11026474245992184,12.293093705066237,14.446910649828183,92.85658973578806,14.45068424648706,-0.10295239159006095,0.12366187959775708,15.15567400812312,15.364444012633301,96.5913126249716,14.734074697925845,-0.08781992401265515,0.11674998131796513,3.2051484131054977,15.02499908039056,79.72277419234635,13.13727781899795,-0.1068900144079091,0.12759409837235278
31.0,1.6141134921554985,11.815725014005091,79.27974274428996,11.477252794703602,-0.007276729108060717,0.08622176370827206,3.755881387746119,9.030841921371858,91.94075659383668,12.211912994288008,-0.014664491146351998,0.0787160565424362,5.484538814635159,10.249209784462535,98.22925621265473,14.723814276664756,0.0021444669561511776,0.09209642884254414,15.254596267877234,18.907108912759266,96.73501094734249,17.713979350824857,-0.0493893862133156,0.17316710040352423,3.991918253454461,17.454430138098772,89.22435083264426,13.502548273594556,-0.028868116582297362,0.10110303118866892,6.639819105269543,14.462097388651472,76.01522521499108,12.495515621201758,-0.12355852090833694,0.13772673607053298,9.419575233259126,13.808869532077473,89.20214228473827,14.797270315429087,-0.11967771073847243,0.1106565062029035,14.285879358145174,14.201334635763752,94.04357445622104,14.530227268555118,-0.10719408542228191,0.12092389239573378,16.78327643480641,15.296708349872251,97.41659193806306,14.62689042488882,-0.09022893684193163,0.11699262879179613,4.649285598931895,14.993567106367523,81.04653534132771,13.127732973917,-0.10876156307753305,0.12727278311062823
32.0,2.7619566879175133,11.74066553273338,80.15619643181441,11.62808528438515,-0.008735599154901217,0.08662297005551199,5.322428958349237,9.151470279452756,92.86160519339076,12.355460249707058,-0.01801052832443682,0.07800716500122713,7.219162150862625,10.416287096446172,99.15781425904298,14.950248239070705,-0.001675652960262471,0.09106773186431907,16.730495461240448,18.61268884709838,97.54036179733264,17.67914873301905,-0.05130794049785563,0.17296460669569627,5.4744989063519585,17.220203324134896,90.26341746506175,13.33069867245169,-0.030521820322456553,0.09896873637453385,8.120935600712299,14.635139819477258,77.2847965067002,12.429922842299804,-0.12580321206692205,0.13915803021026138,11.034897029986212,14.125492541628564,90.32800608774426,14.87983794085005,-0.12292820965333594,0.11111106368159848,16.307961686918453,14.027842344989104,95.1397630789,14.577135271636768,-0.11177681308270013,0.11873142547814805,18.393047229670763,15.160756489766705,98.1667415445574,14.479441940576665,-0.09276961364785648,0.11713114757900084,6.135364862603639,14.996569004801708,82.3114936525561,13.144391497404941,-0.11086510745903663,0.12678311173836246
33.0,3.921532735540595,11.687622856218264,80.97706858967362,11.784179061957271,-0.01037358615170795,0.08709887182926987,6.921840891887438,9.273674343327338,93.73631531761954,12.501637757268853,-0.02186988580041424,0.07698506325236842,8.980541379564295,10.602247748109548,100.04070004534647,15.158218871345067,-0.005908801903562365,0.09057770001137568,18.189008040088712,18.30647638534021,98.24056775165157,17.5862471921383,-0.053059562854275516,0.17264860716019628,6.969537201784074,16.936469898658448,91.21576189499763,13.17254630066286,-0.03249527279407672,0.09678090259095998,9.621023852983601,14.762235464951972,78.49692131716132,12.359059794359304,-0.12831839116465094,0.1405249051343619,12.664093334696691,14.43471609386116,91.38445932136356,14.914120062873037,-0.12622722214058543,0.1117452323188634,18.361375812481977,13.923792206873665,96.16563652435725,14.592094755937307,-0.11682097911770421,0.11701246065881449,19.99609136469058,14.995181968140672,98.84433432525286,14.309765658428587,-0.09542537224296638,0.11714903576106475,7.677903573203121,15.014153810139714,83.53273542954098,13.186002635673013,-0.11351560862418085,0.12590925799141187
34.0,5.09083953673149,11.650846466366573,81.73800797435294,11.924770575765175,-0.012137518257183134,0.08759760212461723,8.547435966287024,9.382015695366478,94.55824199222751,12.641814937801621,-0.0261348077121667,0.07583144741153211,10.751074605811114,10.801932143876481,100.84427592547196,15.323983951827513,-0.010459164058509877,0.09075256109356135,19.622361683141726,17.9690238115841,98.812719048568,17.43090309764882,-0.05461237727144897,0.1721066352697719,8.466638314975635,16.623802924500264,92.04610953737321,13.015052317493952,-0.03465405019035201,0.09471934147311442,11.138862436142247,14.828199415122436,79.64925178211739,12.28753434529682,-0.13107860134933447,0.14178669263993512,14.303975417289791,14.73369069358303,92.35081859661116,14.878181618066856,-0.12955243169152048,0.11252437007950192,20.424770421771992,13.875505083009358,97.0975376247176,14.559781896011362,-0.12218818934513832,0.11560295235991547,21.58894491416926,14.808738307163066,99.4476772602288,14.134820500583787,-0.09818702790644487,0.11711925502456953,9.276391760345767,15.036432879700271,84.70569793576821,13.236658366575302,-0.11670414665803298,0.12485327787456545
35.0,6.274815600493531,11.625200255016452,82.43963052567682,12.05838658367686,-0.014120022228761218,0.0880347364453053,10.194094781885713,9.467222458908122,95.30670802831048,12.774972874541708,-0.030585681935151418,0.07467939704128956,12.51332193467642,11.004557209640081,101.52893501919267,15.425688499485016,-0.015134412266208186,0.09156015127449228,21.021978780216394,17.58147078622748,99.29894243778757,17.275219497072417,-0.05599007371234248,0.17136741909789865,9.969759673965731,16.311571217377008,92.72234112690496,12.838024105486475,-0.036984237012103044,0.09289341292455783,12.671420726992224,14.808106809829706,80.73440426995465,12.21770183741858,-0.13411644284186788,0.14293445826373793,15.964322207126111,15.020755191655779,93.21254079891598,14.77756667676428,-0.13305222037087627,0.11340012990805905,22.49676164496331,13.871455454115583,97.94936413801238,14.475088181368198,-0.12790931065799935,0.11429417332180837,23.16987886297905,14.607942361739616,99.99083625744181,13.981151877290026,-0.10115346278639333,0.11715750529804975,10.947505787041395,15.072329981672848,85.8390547500399,13.294048874088801,-0.12063189303915303,0.12396782424861826
36.0,7.483017945913422,11.629692152631943,83.0803018442372,12.165785648029926,-0.016379808063703195,0.08859700022196608,11.890496076774115,9.519203062384674,95.99019285705779,12.88200293842397,-0.03543466950284326,0.07329109113730829,14.279552807981558,11.189242922094506,102.07573983281385,15.476911857913644,-0.01990145469400544,0.09260329928566012,22.386904717522548,17.176718984814052,99.70454289157476,17.122124186301075,-0.05729294668977371,0.170393559949274,11.47302083704105,15.980705691955057,93.27749734783131,12.66052402087491,-0.039463081090924584,0.09126967484256446,14.225961010591558,14.74518801299866,81.73653462532155,12.144415975475285,-0.13739221285562495,0.14401065562974652,17.646808661948608,15.284920171712436,93.95708420328637,14.6237097167569,-0.13674741511981156,0.11421643306593286,24.54575568282574,13.907619919280783,98.69026668412465,14.341620072645433,-0.13368953694677144,0.11316595968601244,24.74071436913338,14.379966119980255,100.46645550611962,13.828208619927288,-0.10444675844092885,0.11717877555538793,12.672767418500161,15.126800416217984,86.90746508803282,13.331824820119463,-0.12506572978520006,0.12336909550921775
37.0,8.705500032987953,11.649875190028952,83.63954972312149,12.231322284064053,-0.018837221074514923,0.08923625566050598,13.646169730172604,9.54140880090731,96.62072171378877,12.960267460474165,-0.040867958850906806,0.0714451620745589,16.05887804070357,11.337835341341231,102.4871775040188,15.502855068720208,-0.024674930719241536,0.09359189495951462,23.72973928263655,16.788878804619706,100.05784980214764,16.967565937337156,-0.05871629865454446,0.16921895490599212,12.967616650625681,15.60835476245243,93.74176636168988,12.506507711135812,-0.04210625355593214,0.08979837732718693,15.820364008716334,14.706896904812579,82.66056356436697,12.06640391168523,-0.1409977502742045,0.14516761626046706,19.364169978012175,15.534665159435908,94.62144232462485,14.474631363679146,-0.1407491820027605,0.1148691673206825,26.566434506431527,13.981592364264607,99.31725196798214,14.19097243571543,-0.13936714243205944,0.11212171081763544,26.324958348447492,14.11006929053049,100.85908356375222,13.626875822350517,-0.10831484304202652,0.11697482064738775,14.432474238951077,15.202098726649329,87.87739625003226,13.326204939713097,-0.12973328028935974,0.12309961264807133
38.0,9.928799288450156,11.670137268012537,84.1083831839651,12.243860647629132,-0.021435388913137413,0.08980203063702989,15.43680869890733,9.537448357240619,97.19273889101939,13.000077338483337,-0.04677301560479502,0.06951043455701998,17.851057877369886,11.449026873305321,102.8227614997384,15.500465180807895,-0.02956141049258594,0.09468876876099436,25.034966594463416,16.43068490023678,100.36196562928772,16.818399784349044,-0.05998560488815642,0.16809582258205516,14.440627355574096,15.190187758270323,94.10448177607454,12.382776592590899,-0.04483070148216668,0.08854253468671665,17.43238143321961,14.68629967137115,83.50587358934254,11.992357263899699,-0.1448055910582323,0.14649914443488132,21.112016626266513,15.737674279067782,95.22647478001417,14.312347870776607,-0.1448767616793295,0.11545923998853079,28.54134695975075,14.062868887022825,99.83021486531929,14.010496315418813,-0.14490585627957472,0.11105144597885948,27.910449520966008,13.79240610025858,101.16643742752355,13.404178900655412,-0.11252851266602276,0.11658312711326442,16.22168519224997,15.281019492890138,88.75912831271901,13.28078199172349,-0.1346002274083922,0.12300188428814958
39.0,11.142315747732413,11.669388769111182,84.46070222288753,12.228466222007398,-0.024004307003594794,0.09032812346208602,17.22435958383752,9.497918084691502,97.65616159186487,12.990957466054638,-0.052765267370167956,0.06772230431459235,19.627214362683937,11.512241657414682,103.0817539512218,15.46169833106577,-0.034412875617572274,0.09599559696180227,26.307446029885316,16.085604359828324,100.59187389482106,16.627371655990686,-0.06108812604874702,0.1669727225789788,15.880601729861587,14.73979947434884,94.3203036840838,12.270480159698385,-0.04758998961827274,0.08748793368465438,19.049136654208443,14.69937082231067,84.25922673827773,11.929996748833236,-0.14880259253605269,0.14797360274507185,22.883443004613177,15.874561156572677,95.7722878372115,14.120229708409687,-0.1490904265744603,0.11602857135699259,30.45752670372395,14.120298844759704,100.22322822850842,13.778915208022385,-0.15026074772902115,0.10974686356679939,29.486275449027612,13.429705004852094,101.39546134762469,13.186329517469556,-0.11695525327266296,0.11601868936712698,18.030649864357983,15.358094974663295,89.56131491659126,13.207311681028377,-0.13972719008137782,0.12281752281097395
40.0,12.3595745635445,11.648190160406154,84.6833769847349,12.20788055505466,-0.02662623277674733,0.09072154907610211,18.984675600258363,9.391553815667383,97.97634224677695,12.911132042671948,-0.058478874282379543,0.06622130282489708,21.347849586885573,11.517092063690916,103.23959263593353,15.383220478431433,-0.03888762899719931,0.09764275598910206,27.571588802862205,15.7137537878917,100.68584245051494,16.33632331990051,-0.06215602051633959,0.16562330595276395,17.290662018835647,14.275836816289425,94.34573715366481,12.159336814105801,-0.05048795735561378,0.08655016085638735,20.6746554391314,14.75888365997257,84.91812718058223,11.878999248156756,-0.15310571914152712,0.14955229583973237,24.669911408861246,15.94669580211418,96.24848083692856,13.888717878312482,-0.1534408012007798,0.1165754753298491,32.32530076285325,14.15300873787581,100.50151002586061,13.486334634545079,-0.15545413220744927,0.10820201362032505,31.0435842281247,13.038944453326273,101.54226539127131,12.965453266678676,-0.12148604889237699,0.1153248163288537,19.857983119127724,15.447328524379417,90.30197932929887,13.133760488653342,-0.1450497459432662,0.12269835666985378
41.0,13.589539335902304,11.610699603809463,84.80173628881379,12.161843129140431,-0.029342993969744144,0.09101436950194725,20.744322048150117,9.201556998084389,98.13900599861303,12.761721070397169,-0.06401797251442896,0.06491678548547236,23.03003077412696,11.470851344273443,103.2554990147449,15.243870319592988,-0.043196821859276265,0.09931047969353263,28.811157717495757,15.320649938755139,100.63417096774901,15.9883476826924,-0.06322362162386083,0.16388210850419674,18.675104977573355,13.79410074037158,94.20613687574735,12.053906288671218,-0.053527816351025374,0.08576221306352484,22.302826101420937,14.850765269488194,85.47566994250698,11.821599927212702,-0.15767711894351977,0.15110398442105047,26.46390836059372,15.953031412661748,96.65801301518728,13.639027842461488,-0.15797741879190602,0.11695312914693054,34.136266459078556,14.166224801648914,100.67477108210005,13.152069549613026,-0.16046439955865033,0.10659816558550202,32.58206587300714,12.637641059978241,101.61327383142924,12.721445499633655,-0.12607185654214506,0.11459477941307906,21.704423830834273,15.543869974156,90.99174804054145,13.0622552062189,-0.15048560243671708,0.12273840444636293
42.0,14.813542321898394,11.550402169762219,84.81486816860705,12.102429501467867,-0.03209792231397806,0.09110382902123854,22.511513058096163,8.9734388468823,98.1644918675019,12.567445654836481,-0.06960684164231622,0.06379388410230462,24.71577231662826,11.39343195009692,103.08509717711576,15.038345853101436,-0.04767090330299115,0.10075765426290195,30.006836750618252,14.92020539715965,100.46359801555526,15.625744932184965,-0.06432041430132986,0.16166299695710432,20.041852746341274,13.295631494328129,93.94986918678532,11.948691195261967,-0.05675079661696179,0.08512947405801626,23.925599704778485,14.953581782499528,85.94207871757588,11.745581059213347,-0.16233464796262212,0.1526071142567137,28.261217125446983,15.896433359967006,96.97416398651912,13.387351944635551,-0.16270714961365784,0.1170341446716686,35.87038652035163,14.142781469778374,100.74492501850244,12.794727737939345,-0.16521944216999251,0.10498365607609177,34.117204204278536,12.232590600216174,101.61133888031269,12.43581850003552,-0.130836285294397,0.11383247041996569,23.561954037523776,15.618303725577656,91.61690857227146,12.96936154309955,-0.1559660324150015,0.12296258974230251
43.0,16.013573283544577,11.462498957700605,84.7246053996986,12.04674092673169,-0.03481809958738048,0.09109366752249637,24.239462729130146,8.715836650296524,98.0827296593895,12.336355007858021,-0.0751258122423347,0.06297103541192711,26.3826734081553,11.310254575223114,102.72201928604089,14.785337976322335,-0.05220727356895032,0.10209244061704484,31.147187683956844,14.533977840318634,100.20469636243335,15.25924471905901,-0.0654599437029859,0.15921717069004027,21.37007674218224,12.786002394909396,93.6101923735525,11.834587314610822,-0.060005880259185754,0.08469996395464013,25.531010195292726,15.081770255906932,86.32987431940195,11.665452351041443,-0.1669859468890753,0.15414728591985782,30.072339103999457,15.771416172703347,97.14900221241118,13.110187382513915,-0.1677323315127728,0.11670267674670017,37.52835842771621,14.084322086529575,100.70053631687537,12.4286814051171,-0.1697323413413332,0.10336379471246047,35.6687083449783,11.81154305398056,101.52517774705265,12.122877945879633,-0.13600174510452429,0.11288564945807927,25.425049254462657,15.661727163828289,92.14380496347103,12.832516437451009,-0.16153309871516475,0.12331887762454939
44.0,17.183666728162482,11.34844408565493,84.47698793676697,11.966696238114801,-0.0374688483463183,0.09097382262795067,25.87464365013784,8.422724708167689,97.883699079938,12.08460662729884,-0.08038623616968577,0.06245552524550435,28.002697177679096,11.238701800294123,102.18351613380402,14.518512963579088,-0.05675799536884003,0.10333641981033807,32.24955127615707,14.174422404424556,99.83749581127529,14.840033539384551,-0.06666680900604433,0.15678656834999483,22.65111136430705,12.271941801276125,93.17793981754565,11.700780785457773,-0.06337368615323778,0.08448379860782448,27.104784684683576,15.247006037409859,86.61223404530656,11.587929174062712,-0.1716029340326804,0.15570630603699906,31.89567328781813,15.560199818400363,97.19535727265715,12.798876657911965,-0.17304207422323567,0.11587340792613572,39.088862166297545,13.999894189004458,100.55524623188624,12.10841780042909,-0.17403406634490542,0.10185891141420385,37.214324875117875,11.370485850434077,101.36102003429913,11.82093225039099,-0.14145299068510558,0.11169780476763179,27.26802893494679,15.674137725528151,92.54382987699718,12.626191972049357,-0.16708222262135983,0.12366934363307866
45.0,18.32629283076939,11.215929102667852,84.08289710398363,11.85151624261945,-0.040015759190498344,0.09081394754235994,27.413576606834,8.064861738660746,97.50276251130671,11.771249452526568,-0.0852692897624114,0.06227259025233142,29.525597341780628,11.177433769994572,101.53040693375517,14.27116627326827,-0.06108175872183952,0.10447063045688157,33.32066624006277,13.841972682068583,99.36889266271695,14.35765359278095,-0.06798940501542595,0.15438329538495035,23.877882548176117,11.767332121923628,92.61283298213306,11.599864619661256,-0.06682381112397025,0.08448898635173992,28.63500543389907,15.441349772755581,86.78115589377154,11.49897608609398,-0.17617298746032728,0.1571667305913248,33.69583269830841,15.29726007087667,97.12125503378121,12.46598225262693,-0.17845742310471036,0.11482159881144824,40.54049735132359,13.890906879447806,100.29500123230027,11.822067418720474,-0.1781418720694428,0.10049291272806765,38.73142592327167,10.922993282381123,101.1206731018295,11.541018063034288,-0.14702046876199718,0.11032662984743763,29.0576410489709,15.662294580296285,92.79901780590833,12.371947793858174,-0.17246092174262392,0.12398324929955255
46.0,19.41772236250175,11.05893800015473,83.5889839787151,11.714387277724512,-0.04235089208421412,0.09064034261773632,28.85713453134486,7.6764694199787415,96.88267926307351,11.393757683865477,-0.08977206617032413,0.062341477786022545,30.95165191796943,11.107283537803339,100.74810153618232,13.945680910678405,-0.0651770209628991,0.10548329559178793,34.34450956119644,13.533356179235149,98.80019768338968,13.847232955726803,-0.06930250181447103,0.15195654882041082,25.039671980627006,11.282679494813287,91.88466606460126,11.50077455657931,-0.07020805887899091,0.08471442919326275,30.131608586623763,15.657685769876009,86.85169082171448,11.397598847050611,-0.1808304195503924,0.1585107437082222,35.46706445701399,15.004702098122731,96.9605952904988,12.131713082530318,-0.1839730729339818,0.11373959049041639,41.92715234839004,13.765432495573087,99.92221071733002,11.537670325329326,-0.18214055093107234,0.09928690130510365,40.20495770196194,10.49144069936386,100.81373128823483,11.286732694951004,-0.15246594667789537,0.10888381289192775,30.795740727603185,15.636208187844217,92.93591102896438,12.104322535528988,-0.17765324319069,0.12432495111654004
47.0,20.45817548954486,10.88281790983816,82.96925738415182,11.53563797256122,-0.04455946717243031,0.09038071462013,30.213421671761846,7.308491574800614,95.99701609825182,10.971666033433872,-0.09405706058542018,0.06271384507964992,32.32802973559799,11.035306351565252,99.78324369705534,13.461375412734888,-0.06922415759988067,0.10633336477566428,35.31537329225166,13.266400063094903,98.16499448336579,13.359211269069409,-0.07062872049153797,0.14968985396330178,26.148498652650577,10.830628311117845,90.97431243904613,11.3692280994924,-0.07356792906234941,0.08501785183565143,31.592573953098153,15.869499529875453,86.82798845761657,11.282449496444793,-0.18546317571708978,0.15964011501803532,37.21065572352078,14.667705568123708,96.7575300304696,11.83674145542927,-0.18966732517636745,0.11244071817738165,43.248946780566904,13.6045519856545,99.46798908738661,11.26363949564668,-0.1860710553243147,0.09835061915143223,41.61830744227752,10.100009246343745,100.44922257652934,11.051643030823083,-0.15763916864259733,0.10758288218191897,32.48473331317616,15.563561086804953,92.98535169323574,11.843543425305581,-0.18269620534368944,0.12462036833758455
48.0,21.430809058636832,10.6784077204752,82.23983358107732,11.34880596880115,-0.04679219916801273,0.09002021182555739,31.42905084952483,6.97277697657121,94.94261492465368,10.556209784067907,-0.09802506102531591,0.06323231178646482,33.631171954084046,10.970177653092083,98.69545744123438,12.880874695935889,-0.0732157645567731,0.10699213599228213,36.23789960363725,13.03943991963323,97.46449491592418,12.903324962490467,-0.07215814523044917,0.14765090423125266,27.19231778835185,10.430129603850254,89.967342261212,11.205945527423307,-0.07684884840690477,0.0854929126961375,33.005423877851946,16.059204857538976,86.73053467992371,11.163747462393266,-0.18993605200212063,0.16054751161578504,38.904847460550464,14.311119208942019,96.4693452382751,11.554393071824359,-0.1954517969317988,0.11102305870278625,44.51122777088939,13.418986869849578,98.9383311093122,10.991558030536405,-0.18995352645717395,0.09768019958640237,42.97978979769088,9.752067224205906,99.98563872202247,10.790106489823561,-0.16267306335260756,0.10649589939765589,34.11728528260708,15.455028682215362,92.9549723146159,11.609751699541507,-0.18759366183680096,0.1249024007969039
49.0,22.35037892990986,10.466429647609248,81.38120753111554,11.103440815715533,-0.048970082311734865,0.08947658258700251,32.51692271277813,6.671643424606603,93.7179131312224,10.158672270678462,-0.10162757168644243,0.06384571009043041,34.859352499239215,10.911361223595549,97.46599268059947,12.279792316936883,-0.07745030423812076,0.10743586801499161,37.164896519726206,12.811058251113538,96.64555241797596,12.42956247783523,-0.07444547745595226,0.14537399200066897,28.190685930719813,10.11128469804991,88.82392508329929,11.033517346741204,-0.080179384732746,0.08609191533126809,34.38595091223052,16.21248501701964,86.54931104692402,11.05392145896407,-0.19430791116804422,0.1613244814142286,40.56018292903449,13.942076567580283,96.04670336503017,11.255321835665399,-0.20140352544915002,0.10949896136609487,45.7326412657133,13.25466697475851,98.32057101780087,10.75446656570657,-0.19384881350344169,0.09713715467435671,44.3207473518827,9.43242747101795,99.38485542220636,10.495646875709062,-0.1679182574492903,0.10556881325835128,35.70483370878355,15.350063356832752,92.82468194180248,11.410963217691679,-0.19242935306705647,0.1252225650639892
50.0,23.20977283286984,10.255150757794038,80.4241810045123,10.806948527252391,-0.0510181433219767,0.08881855157680406,33.48108081188041,6.407944660518405,92.37767311811805,9.790972670275965,-0.1049504915862963,0.06444702170910258,35.98146455723431,10.82910992598967,96.17242244857577,11.7180446157959,-0.08188427352792124,0.10746662654880164,38.109125770283335,12.593252582232198,95.73292465495337,11.95259534480394,-0.07752955438546522,0.14301975699030792,29.140321434875656,9.876370600371724,87.56768151528303,10.894262347272479,-0.08355797838375473,0.08665708161719045,35.71983482470772,16.320441401374765,86.30245892245627,10.960553363345829,-0.19850615501436178,0.1619339616825339,42.140463692267176,13.60546788120073,95.5099621886089,10.954762276900667,-0.20723251807697413,0.10821840179135225,46.902519484959114,13.110247678475623,97.64690060584958,10.576322447647911,-0.19779669835862468,0.09668635584718327,45.627297796714906,9.16013990155958,98.68317181161889,10.224253907257141,-0.17332309459040618,0.10481878566427327,37.2179305438232,15.256496417108846,92.59119047944358,11.270661419382197,-0.19707806354947496,0.1256010694028166
51.0,24.009678301195255,10.046421513353424,79.36888748232448,10.473536524027772,-0.05302220871981766,0.08809923040604388,34.32901533027739,6.199613642788672,90.92356120886436,9.433370776829056,-0.10813359792047637,0.06492373108078746,37.01707791084625,10.698931104407608,94.79905315406954,11.15870887543398,-0.0865265140133409,0.10703565075313767,39.066938370705614,12.388173199071312,94.73350438794012,11.486073570742649,-0.08122128875711726,0.1406638196652358,30.023428833806015,9.691976748666187,86.19963497379122,10.774552311676542,-0.08698518480770784,0.08703267567997182,37.010173814370205,16.39288545330965,85.9976857994569,10.876105763902313,-0.20261774612291622,0.16231693769605549,43.645162458235646,13.30622857103827,94.85589536609031,10.643641575505958,-0.2128647799664506,0.10724408617210486,48.01965428287656,12.968192147499972,96.92085494972392,10.45443305429086,-0.20184520571341344,0.0963611262283755,46.896256369043186,8.95558188616476,97.8971509057404,10.008901568453435,-0.17881988496163034,0.10422304529853933,38.653913992582005,15.160507374577744,92.22007719980014,11.18371493282167,-0.20152485504423853,0.12601810133843494
52.0,24.756904460646417,9.84236645162708,78.20710431523115,10.125824559529132,-0.05509711603269884,0.08736448383478487,35.086129561847905,6.061442602700026,89.3502966924855,9.056098238368584,-0.11132011336114782,0.06523526022968792,37.998414855264805,10.52886558085598,93.3136083031945,10.561012597780394,-0.09134699820783825,0.1063444011355515,40.02659332139036,12.206126362413988,93.66068911863,11.05394578025965,-0.08526579278181662,0.13844711813795058,30.823918575375895,9.533562951641509,84.71854506370438,10.64237546072248,-0.09041331511203782,0.08715349214896735,38.262742792627506,16.445456544229913,85.6456332489449,10.798806247486818,-0.20673808268546293,0.16246824114643985,45.08429376063203,13.036597216225509,94.10370002562637,10.31958886473975,-0.21830670676660505,0.10649898842733929,49.090029843891514,12.80917682392798,96.14331399693356,10.390380168343073,-0.20600758851193135,0.09625333921354805,48.125216853011764,8.832749490042817,97.04510508396545,9.85834223573237,-0.1843455174224076,0.10377947792299501,40.020846709336006,15.051967311984647,91.70521406710681,11.134033308162126,-0.20580405681743918,0.12647773650982275
53.0,25.444554296648885,9.637380696079907,76.98266410465833,9.786361967821163,-0.05729073521801977,0.08658710037740391,35.755912706236664,5.9915103105941965,87.71417416921152,8.679897577073389,-0.11462474915812268,0.06532744624251302,38.91215467429692,10.331829624852375,91.77585330522504,9.974273684822954,-0.09621943448969629,0.10552378895955143,40.98275580120135,12.06556012591611,92.55508677208982,10.680951953185922,-0.08957157249811339,0.13658790113806496,31.5354066196744,9.396220558263115,83.16119330823427,10.500944916737433,-0.09369182538596808,0.08691722447733537,39.47048136122897,16.471926549816434,85.2600566536013,10.759397082193153,-0.2108147152829001,0.16240570635843668,46.43617291650586,12.818906572372498,93.30469483156769,10.006224843234126,-0.22338553664498473,0.10605519364997658,50.11629391139722,12.62056141074797,95.34025983105762,10.377664124859576,-0.21029042893254088,0.09633120971743023,49.30047691780299,8.794805354046794,96.16722642572992,9.767504932981785,-0.18982187674618267,0.10348465657059797,41.304338979124296,14.941769758985943,91.08546417972394,11.113827179819666,-0.20986097586863056,0.12700549444166334
54.0,26.083882725687864,9.425160371894776,75.70111702090972,9.444327034582496,-0.0596208409592931,0.08572675800391537,36.36868846491732,5.998705012560095,85.99874991367294,8.331069317862084,-0.11800980185249249,0.0654248031365113,39.773028347025125,10.142887934885765,90.18309063851723,9.450583886914053,-0.10121975547316663,0.10478591146943367,41.959801277437464,11.93487010691571,91.395806904636,10.341006156469867,-0.09459185910883666,0.13492489017979117,32.18886801786124,9.277188142327368,81.52497406441542,10.351457290018327,-0.09682470650039253,0.08623130319186346,40.65490781881696,16.45216374958229,84.81456483806062,10.759573984606083,-0.21494758174165385,0.16217015791506434,47.7204961922756,12.653223230464826,92.44363947286999,9.739714464769945,-0.2283120802095049,0.1058583686874783,51.12921798948962,12.42616104007046,94.50230439404784,10.368783451113947,-0.2148195886452561,0.09650749017073283,50.42745266938801,8.828564981482682,95.22576831911978,9.710693169823976,-0.19521647574924267,0.10350808038232016,42.51970226968317,14.866857649909884,90.38395772476927,11.127825369533873,-0.21377355326108674,0.1275737043625527
55.0,26.673590104153256,9.212314233698795,74.37103532979492,9.12762451800855,-0.06206431874368764,0.0848535798635428,36.938098383181895,6.056927171153655,84.25988226124676,8.023156029905648,-0.1214059440006726,0.06556710691047407,40.57864265703871,9.975054234150145,88.56801088824967,9.025421575230894,-0.10629373435619506,0.10424343502224888,42.959907165071954,11.805001825004185,90.17778528044211,10.033398720602882,-0.10041694659497422,0.13346456211825264,32.80757986011817,9.163364374066797,79.84258789327622,10.221327356440884,-0.09993731048465783,0.08530038105426252,41.80448051073304,16.399988082116845,84.32263196912287,10.7823803453687,-0.21906059454772045,0.16188392237615196,48.937100713677275,12.55119000543911,91.52218049922051,9.526461832100122,-0.23318436347058327,0.10591380153829634,52.13599106380827,12.237407227655623,93.63137534980028,10.35144049373939,-0.21954738413682306,0.09682286226720131,51.51611674859266,8.917907570467287,94.19749465915541,9.679554995405704,-0.20068031195897987,0.10395224555097139,43.680225571262696,14.844932453133696,89.63868785748731,11.19138276279492,-0.21761272604760257,0.12820062811002908
56.0,27.223007928232203,9.001265326775767,72.9586247408022,8.827723496529945,-0.06468206784543444,0.08393589210469056,37.46679266491701,6.115602211368956,82.49630272984457,7.737248593577087,-0.12491331067885406,0.0655980396577149,41.353533394029796,9.79079015950941,86.92123494812965,8.697827461326847,-0.11167513397731382,0.10336818788891212,43.9926874072314,11.663629430036925,88.89787080301265,9.7281066154845,-0.10703011106457086,0.13199759286614243,33.41856924974201,9.05855433723339,78.11311910450583,10.097553879648142,-0.10339408306032921,0.08416128002415244,42.92202671868147,16.329619294017892,83.80938135963285,10.82069445728192,-0.22321051979857706,0.16149330359059189,50.09168292115399,12.5029484465035,90.52108017834202,9.343588283101543,-0.23803685801207755,0.10615423723248239,53.13107225656884,12.051494777471294,92.72226294110433,10.323847955967194,-0.22437267845197095,0.09724636899414814,52.568102438803244,9.047863559271407,93.10740912499473,9.673509540811395,-0.2062019435675687,0.10469404522718362,44.79797422986917,14.865157495115218,88.82398821608099,11.343453705130914,-0.22142197382768103,0.12893926517693358
57.0,27.72914156747742,8.798775484981887,71.48476524820101,8.559447368864172,-0.06739628188374279,0.08293288176806683,37.96341785126734,6.160449486504987,80.73356797405735,7.45917844904231,-0.128562982354598,0.06560280905648809,42.11664967316998,9.553173125048934,85.23595756892446,8.439030542745272,-0.11750623396726606,0.10172154780576521,45.07082586677519,11.503981482895423,87.53437307906543,9.425953025017527,-0.11435723473664965,0.13036251298297177,34.006546540026136,8.959612591504005,76.35527491190516,9.959259324112718,-0.10726769594049748,0.08281220131538669,44.007340301106254,16.25733701139767,83.25856496929711,10.88291831419102,-0.22729736301272357,0.16105094333410064,51.185488497002716,12.50232234895217,89.4418230437658,9.16561501070848,-0.2428553507743004,0.1065585581896441,54.110495851263586,11.876656448838913,91.7619258329628,10.298186580765355,-0.22929752538911882,0.09782756554716018,53.597026982875704,9.203962348479488,91.96718139288684,9.669381165778262,-0.21181666673088886,0.10560146694258789,45.87719509697435,14.91991752356876,87.91901974035882,11.566413762094196,-0.22531663643908942,0.1298042858577538
58.0,28.206591144127223,8.613515481050106,69.9529318827336,8.335932349666164,-0.0701988715009872,0.08194877729734562,38.443470105631384,6.208378945579893,78.98033841864523,7.221840617298177,-0.13244795659453204,0.0655913420350691,42.86254340817697,9.27680147069171,83.52931220858774,8.229698293038757,-0.12359269330879796,0.09946633281702559,46.174900862033546,11.333566214814923,86.11153282683763,9.139504372547286,-0.12211642759206727,0.1285783895470153,34.563237596516196,8.85939583283475,74.57907790202671,9.803374368012541,-0.11141711154762006,0.08136717142941305,45.051390194596415,16.19206104121559,82.66759129006135,10.990376476205798,-0.2312331918932757,0.16065326253739481,52.21312662673059,12.539958273521284,88.3202979243423,8.999359382961835,-0.24758287315923422,0.10707166858000207,55.07765961352758,11.709542815166031,90.74351592932824,10.276525172822302,-0.23439722371496333,0.0984318579144906,54.6162891870285,9.381337356683733,90.8037274383329,9.637530663474031,-0.21762101038832918,0.10665514564337192,46.92200165356938,15.002756610176132,86.95166436387971,11.827100647611742,-0.2293236279284362,0.13070402104040404
59.0,28.654224412115532,8.454773151442877,68.36103061961428,8.169206075975218,-0.07304749830239016,0.08110237760681543,38.905428202518166,6.278592242236244,77.23310649415353,7.060577657817509,-0.13650898169816494,0.06544156770251122,43.599276919914935,8.992245518350861,81.80468819626614,8.058373988948341,-0.1299303425597736,0.09683746039981916,47.288520531069416,11.151235735400622,84.65684159538017,8.888291267231677,-0.130200772029142,0.12651260945732104,35.089715956863834,8.76449135390496,72.78492307231913,9.642895142390385,-0.11555131253664373,0.0798213940748259,46.04472442933039,16.141544777438277,82.03468498335835,11.152527864222654,-0.2350160319689765,0.16021843169571712,53.18705775649707,12.599544643820284,87.18068661030827,8.85974734414185,-0.2520830812131842,0.10767650225794657,56.03265879112658,11.544210934216082,89.65866884429836,10.24636802929846,-0.23965417718432427,0.09900210056165629,55.627150875113934,9.565909269259334,89.64655954780314,9.553779220476754,-0.22358769159462322,0.10768574237677582,47.935489988071794,15.106886335045418,85.93778772801092,12.094463906290377,-0.2335194791937518,0.13153222372833162
60.0,29.070374513535437,8.32215801823582,66.70475045349505,8.048309081537807,-0.0759391062284327,0.08041187340947406,39.35339407909772,6.360570621736687,75.48212134983685,6.9975873101251675,-0.1406474301690427,0.06514494440433363,44.32465421988116,8.727074211073248,80.06969037652675,7.918875301683347,-0.13636955307125298,0.09421436934085199,48.4007013932642,10.967370076424286,83.17105579996445,8.657954852305839,-0.13856070165785078,0.12448970961331508,35.590405987385466,8.667412312254227,70.98265890829109,9.49403106728917,-0.11952793428590623,0.0782764352818587,46.99426916604411,16.11780111938801,81.3498327609721,11.342517784986395,-0.238745891661267,0.15975729088024662,54.12910849072324,12.665339808448786,86.02351410955525,8.760415234676595,-0.2564669261049063,0.10834357006472854,56.9774813528796,11.396208413733985,88.52213625399035,10.212944792028,-0.24504872934361574,0.09979294147377185,56.62808048781584,9.752707833508982,88.45302941167428,9.453539004387304,-0.2297105554308132,0.10870164281565976,48.926354876350004,15.22504690356989,84.87292044592805,12.354537364466834,-0.2379496571882709,0.13213000345270914
61.0,29.44788697484605,8.2027335163178,64.98782232012233,7.95827891623213,-0.07887743973245209,0.07969175358900443,39.798695722300124,6.4490078676029805,73.70993804568087,7.00414490364924,-0.14484590409409687,0.06477057969936478,45.04191793959418,8.471240979575347,78.30762755724494,7.813378017903261,-0.14296213448214554,0.09151194320310546,49.49757319523713,10.758732433358194,81.64261859760198,8.411671667644239,-0.14712737000187998,0.12252930257088099,36.08756460941996,8.581115577670452,69.17211424159629,9.35581686924587,-0.12355093568872413,0.07678265483790651,47.91819089531337,16.12830995854607,80.61803271505448,11.546535722065446,-0.24249807985778363,0.1593672433638966,55.04702627483896,12.74298206942064,84.83925751922864,8.694255709999416,-0.26090602208632746,0.10900290383151308,57.89573575314787,11.281297737252201,87.34285547813701,10.182909042667982,-0.2504712274103693,0.10079653063611108,57.61719721301582,9.942171317562158,87.20492486237636,9.36571073617209,-0.23596677106339206,0.10977851816394874,49.89498585853971,15.357251669397447,83.76682662596684,12.614198085500485,-0.2424686577129827,0.13250061875326724
62.0,29.795754421097676,8.09707759600334,63.21320994699921,7.892315012669761,-0.08180757673632234,0.07885268765411654,40.24695559701068,6.548738790311427,71.90226343191522,7.034853568575307,-0.14900029353029604,0.06453768228622656,45.75304714301578,8.204615728079968,76.49652040742228,7.740818295357895,-0.14972218353750474,0.08849981301892497,50.57510391353158,10.509475012946714,80.05535977463325,8.153523659171553,-0.15583705149470617,0.12041784045115328,36.58036481739163,8.516482198547683,67.36263672033873,9.229324943328288,-0.12774117235774282,0.07539345082049281,48.81439056495615,16.17955398920536,79.8462454879327,11.763862543113172,-0.24623701075556123,0.1591570804897412,55.94280553554732,12.83737945982861,83.62490110069646,8.641357343332285,-0.26542173094133886,0.10968927195891713,58.77729666719395,11.200987234474375,86.11049642453685,10.15969430572229,-0.2557710498358633,0.10188984741913241,58.58754520228128,10.124431653634382,85.90813743750886,9.29412544132603,-0.2422712441144586,0.11085556663116605,50.83719688535314,15.513366081833846,82.63377945741271,12.875930605342015,-0.24696795053104548,0.13281000420128367
63.0,30.119752268263717,8.020451715652898,61.38008593264672,7.847578107806057,-0.08466807532024774,0.07798413171068384,40.68517365058715,6.643284014377401,70.05896393331561,7.091115406675268,-0.15297614601564127,0.06441979185553695,46.44737733734039,7.924287347324653,74.63310841568543,7.685073049183375,-0.1564371176467049,0.08506117600943444,51.64834816042011,10.241519664839117,78.37019778747744,7.886408614056037,-0.16466472594719944,0.11799975070530466,37.03996462070819,8.473613314408523,65.5403118498945,9.090962852723669,-0.13183345743041355,0.0740957010202685,49.67287820483522,16.277816708958554,79.03124905484708,11.979106344019636,-0.2498919844960259,0.15914986736843076,56.81286703158012,12.93235490157706,82.38334309527202,8.592176254346157,-0.2699735860549142,0.11040619364988943,59.62695264808471,11.1378401098917,84.8067964040424,10.141038899812031,-0.26090998295996065,0.10283332101962445,59.5220075625946,10.281416062072928,84.55461358426646,9.230658311779228,-0.24838291863350917,0.11182785701315756,51.752605603438404,15.699572639769382,81.48497764711553,13.137497132103702,-0.2514909640343325,0.13312428617549177
64.0,30.40272405684952,7.9712845143373405,59.49941492883757,7.815766852528446,-0.08737574075604092,0.0771915136420874,41.09371803481206,6.724269484318826,68.17672189957959,7.182576326406191,-0.15668703328285413,0.0642839324897442,47.11421490155187,7.630442641478439,72.7130716696419,7.629930458766726,-0.16294465914671888,0.08123030902314768,52.678908271274665,9.961081261951358,76.5877962144897,7.6187396369721,-0.17326618133877753,0.11521269738593978,37.444744302042984,8.446280757052383,63.691367494810464,8.92997671726546,-0.1355851338711241,0.07287631125114323,50.48823377392728,16.41328687139933,78.17216943798869,12.186846770084152,-0.2534597732518416,0.15925005950788093,57.64598054543447,13.014337089275767,81.11787279794969,8.548294944479279,-0.27445544399571553,0.11111235300729358,60.44912467609845,11.112337098231352,83.41848683772781,10.134914010768703,-0.265925563001571,0.1035491016861182,60.423393881659976,10.412257690034998,83.13355562917869,9.160128734885957,-0.25428470373335393,0.11266904588846434,52.64750025218375,15.899523867742971,80.32163051920439,13.397279895668515,-0.256048161073826,0.13338024748671973
65.0,30.65482848361558,7.928253069165648,57.57843644057021,7.792375249061227,-0.09000052088024309,0.07641098872151987,41.47608679396035,6.793935708020911,66.24933464561693,7.317332999314913,-0.16021143467231985,0.06405439301382575,47.75104947691671,7.335485970706006,70.74276249135896,7.55880922850519,-0.16925714298283215,0.07735370520095718,53.623851659556884,9.669748049139027,74.71702919875656,7.35984168842603,-0.18132459463094291,0.11210515433522195,37.786287420045134,8.397331620979532,61.80828273443515,8.769823207875211,-0.13895670752741676,0.07170654684446723,51.24675050325977,16.566174204143685,77.25104143631155,12.392253248985682,-0.25689473075665187,0.15932555181922956,58.42148172882945,13.071209866712394,79.82469840955109,8.51921415716371,-0.27875369472635286,0.11171724441812213,61.22605021791926,11.134540401012133,81.94455966033898,10.14380974753946,-0.27067615003762324,0.10404157858246636,61.281850107492374,10.502966557553997,81.65361472248038,9.084244260478423,-0.2599354401360784,0.11314381190638591,53.52744629705856,16.102710428839824,79.13306503880965,13.649804159474959,-0.2607112441408154,0.13353396581314805
66.0,30.880484311346056,7.867322040296231,55.61934079042385,7.772677946841975,-0.09258436269544622,0.07550462141553003,41.839820575683675,6.869772325477651,64.25464968590977,7.474769422805913,-0.1636689698157197,0.06369173512217668,48.36142466914904,7.043159290036449,68.71536520924812,7.482286683695756,-0.17542660987764616,0.07345846083870448,54.488595757058086,9.370765415746495,72.75594619480744,7.129615770556215,-0.1887950370456719,0.1091352022293743,38.09240593214559,8.329202474265081,59.88711573962115,8.618761334777743,-0.14220908353371603,0.07055436543330004,51.96307538272599,16.754891339237403,76.25966705273683,12.584129694528919,-0.2602378321697542,0.15952124362654163,59.14885234834228,13.110517163469726,78.48172792347549,8.506390942018896,-0.2829504599740225,0.11231671772888581,61.95140992615935,11.20423496109189,80.3892078515829,10.15697128618729,-0.2752160431127791,0.1045242626384057,62.12814609275382,10.550060600594641,80.09972753139076,9.00833543518271,-0.2655289855653939,0.11314072660678247,54.38607038822707,16.2992452117811,77.90386041201076,13.882528663996831,-0.2654826022133178,0.13352091614560027
67.0,31.08659758726008,7.78936689230844,53.61339038764016,7.747518431284831,-0.09518895348255302,0.0743906906877287,42.17581452144347,6.9712182049635345,62.175175286731424,7.6317065703446225,-0.16709667843931444,0.06325923406325928,48.93833777622533,6.7595503499069185,66.61845022655893,7.417616912923067,-0.1814533533968744,0.06958073994077989,55.25161162164423,9.049154041931232,70.70792061878868,6.945769234043419,-0.1954950622628063,0.1064802693369979,38.37960453124678,8.263162698384148,57.932184885142725,8.475845275812334,-0.1454491454936132,0.06935326805950175,52.64688132648453,16.96688675407554,75.21256231030836,12.761554669181743,-0.26353821969927677,0.15982137279827857,59.81771263847847,13.1348055219331,77.08636672123474,8.512143813603913,-0.2869906987025892,0.11287139975302227,62.612731976054505,11.304674733403068,78.76638930031659,10.177723362078464,-0.27954711711080926,0.10503286625689363,62.94053046280222,10.55080579897812,78.46991022455926,8.952609030943645,-0.27094101878551125,0.11259988879918675,55.204649149591724,16.482155004103983,76.64004791993726,14.092647771040854,-0.2702237736934788,0.13327380920554574
68.0,31.260908771129593,7.720734863692875,51.57975961195356,7.708252015672217,-0.09777262474193489,0.07318503161199882,42.46834375462609,7.077708929458609,60.02330677418033,7.784656800765863,-0.17036234934821326,0.06274542359903709,49.45910766608737,6.492616837805914,64.44636052269297,7.375748246477862,-0.18714862096675378,0.06575011699007592,55.93758599942256,8.729288679794399,68.53482664756768,6.810779191946054,-0.20169807419428254,0.10405795701115761,38.64492015218267,8.202018308469915,55.92758140894392,8.318119640898649,-0.14854581589011626,0.0681191913062163,53.30327165246323,17.18334577653681,74.10343939741244,12.911445504714747,-0.2668036865533098,0.16019689800663878,60.43621252075949,13.15852744086267,75.62437044094457,8.521837230723019,-0.29092005841123597,0.11344049191946041,63.217404879027946,11.397507234856135,77.0587394995239,10.220105217677421,-0.28385917474017947,0.10525146770629223,63.69158020009688,10.521086143017868,76.75665647530204,8.931751269555557,-0.2760697720053485,0.11171834042878918,55.972258806618576,16.677871953821104,75.34034242763911,14.282917642876514,-0.2748176809138817,0.1329870724256718
69.0,31.40361338399761,7.6643863159164685,49.53109913541796,7.6585558718563185,-0.10030327061412914,0.07195597525610457,42.705792721321465,7.170253817424546,57.809751175690856,7.933104713344784,-0.17326612593676294,0.06218786331058057,49.89489203675519,6.2484062302793575,62.196717376793686,7.365215099814922,-0.192259277216791,0.06204767059986812,56.52621871195752,8.429724502088579,66.24999918038573,6.744662157595402,-0.2072901611986832,0.10184192315729021,38.876715124710515,8.14292466119991,53.87340286145192,8.147794917579343,-0.15134371524529655,0.0668711314822267,53.92083106454624,17.389544994618447,72.94408076696938,13.033323950369263,-0.2700032551869582,0.16053968755576978,60.99203146023047,13.170607413847131,74.10005871909972,8.541093916173455,-0.2946840441632156,0.11387344068782534,63.74766662974664,11.460068793023332,75.27780652593974,10.28863321225092,-0.2880637528192115,0.10510483826466689,64.33925244286428,10.461725038124381,74.96406248710898,8.957735055807445,-0.28065254436607734,0.11057650159390918,56.68165284443343,16.88661886981467,74.00932041071707,14.46163471099098,-0.27914445868629234,0.13271507146809391
70.0,31.52991767042927,7.611792985941682,47.47161027116233,7.606307339757017,-0.10280793804044165,0.07074417520017293,42.88677718977911,7.236580600253904,55.545223348169245,8.08069672494493,-0.17571358455304267,0.06168191777144251,50.233151401682846,6.025722771632891,59.868594119245046,7.3768204181241,-0.19667766992359378,0.05855849647995508,56.98675965589129,8.146638901012487,63.88905579451038,6.757092074125845,-0.2122410828206695,0.0997398996654396,39.06386150327435,8.074445653295054,51.77343405626462,7.984503204261511,-0.15384758754873384,0.06568586422968294,54.48462876134789,17.574571813561985,71.73475958228003,13.141479442600577,-0.2731502182695176,0.16077514754460734,61.4797678969993,13.165152111546933,72.51176219144155,8.586984213686508,-0.29825251940548086,0.11411939237716777,64.21053427335211,11.512484061343654,73.42063197957759,10.359487618696159,-0.29214249663957054,0.10473086013755856,64.87238331487542,10.363697226097571,73.08968469789558,9.018951024867695,-0.28459633870901324,0.10911359007898616,57.35722708381119,17.103575297878635,72.64382462433181,14.636626429506741,-0.28326035603740496,0.1324451332701636
71.0,31.64340466815847,7.552145743306451,45.395061230662726,7.55027889004165,-0.10525464557077109,0.06945805420394452,43.0127122010641,7.304618330480039,53.2137946122782,8.233260501498037,-0.1778987501959612,0.06129048632080005,50.50081404182213,5.83044827182829,57.461459966895966,7.41870529738969,-0.20060834287982818,0.05527190492521514,57.300688360412806,7.842932672055942,61.455656155832564,6.864100503773689,-0.2164572855738666,0.0976243756274135,39.20725376018435,7.988878707947868,49.6218458187206,7.840781863275666,-0.15625231118920338,0.0646293576731902,54.984048344084236,17.72427148686334,70.48623530798834,13.25039591329192,-0.2761767213772973,0.16087515240195682,61.875979065499166,13.132120553326123,70.87201896224491,8.673713007199071,-0.3014856700784134,0.11409340142011543,64.58724502262454,11.559756063463867,71.50455149080031,10.439809831232912,-0.2959366383098778,0.10418567444575336,65.27562477125248,10.225968963135601,71.13046256179275,9.107435050487927,-0.28779240041408716,0.10735942676644399,57.98824358521572,17.307876374805122,71.24970119280076,14.80610990687649,-0.2870668025939672,0.13207878932147837
72.0,31.73697497400188,7.477449083621281,43.317466362023765,7.491205403869344,-0.10759126799252722,0.06815836103164978,43.10186093884668,7.39530066694196,50.815004774944235,8.383918900983792,-0.1800532037726894,0.06101612568579462,50.72918003205671,5.680139395533392,54.98204395805976,7.499124886840405,-0.20425391919091448,0.052292771818747134,57.484666371907146,7.520138017813477,58.94175581192442,7.054629212835382,-0.2199812000545941,0.09557301014302723,39.31008559530479,7.889204063393713,47.42494931019699,7.717524727849802,-0.15857087559974653,0.06370471226528651,55.44370992218396,17.865005044463146,69.18560641367809,13.360351058657432,-0.27913244284478084,0.1609348543340794,62.19331373876552,13.079065014687242,69.17212754415594,8.801761864700246,-0.3043549325045639,0.11381572130387972,64.8830269276622,11.606391953920236,69.5291011791728,10.521024076715438,-0.29927935200549916,0.10338583002008869,65.61169961179529,10.08096766590232,69.05235934809534,9.233039106911324,-0.29062191786888886,0.1055414835566658,58.570399722600456,17.493820883927185,69.81503385361704,14.95100262216081,-0.29061436225336795,0.13158594946183075
73.0,31.79760275672591,7.370905981943545,41.2511884987413,7.42112899309603,-0.10980953545300089,0.06690673508487965,43.14714404432121,7.493085541191829,48.37221335925125,8.533054245514704,-0.18209882136230546,0.060855995274651666,50.897860182234695,5.568735053565499,52.44762989810065,7.6076254301574195,-0.20743489379510097,0.049795188517308596,57.52605473063014,7.210139828758896,56.347070253765246,7.3230787796870604,-0.2226590813285588,0.09373457370804161,39.358002263317466,7.779442857439053,45.18777435904835,7.609280610918173,-0.16069042145508608,0.06293246995162048,55.86609264703997,17.98346416451719,67.82922601663287,13.471549181738608,-0.28206374247857324,0.16087441338392308,62.43937473563269,13.009947087581644,67.41445006639867,8.966523896454628,-0.3067919084705221,0.11339411069096358,65.09350527191671,11.637717966461558,67.49624115230841,10.61949307041494,-0.3020878282069813,0.10233171856083442,65.89207421076823,9.94523152604528,66.86775287689808,9.381768455998545,-0.2931880674361022,0.1036796116860427,59.07872780698676,17.657467031861824,68.3510240204764,15.064667994089815,-0.2937917065189578,0.13102789299629036
74.0,31.829812387045088,7.254139777012998,39.20038515369903,7.344940969550439,-0.11192298538961866,0.06581595239079774,43.14071195830189,7.584656579845868,45.907165629802975,8.67243479178164,-0.1838155646597028,0.06079420790464536,50.959238433415436,5.505191448597437,49.87153569393207,7.748593717610848,-0.20981655723771767,0.0478537060913918,57.42578374556732,6.966987784566585,53.69454920299464,7.648875787309279,-0.22428129614735848,0.09237010109787007,39.359959518537046,7.67117799145766,42.927401645075264,7.5242820482282955,-0.16255623245738604,0.06230128257579885,56.25052514722082,18.06961580964731,66.4264710304231,13.581768397948006,-0.28495282422231133,0.16075142130440404,62.62893393578505,12.933231618387902,65.59366720219505,9.145751001624896,-0.3088994448719655,0.11288047240975624,65.21978316756756,11.641590805867933,65.3976439763704,10.761470351246206,-0.30445266146138084,0.10092528420110922,66.09751146040661,9.829845974435159,64.60821037888732,9.539150950942025,-0.29530721673499344,0.1018772717808963,59.496382973709544,17.804772331226243,66.85729220883125,15.152917158078925,-0.2965477136244337,0.1305517203818672
75.0,31.847402572020133,7.146227632574275,37.16808726427382,7.266839041066738,-0.11398883587351018,0.06489638664184301,43.084922394235264,7.6655672386300875,43.4502722866402,8.806883114546407,-0.18511152334121944,0.06082731910553607,50.90739364377561,5.492169849234941,47.270790596430096,7.899478484463131,-0.21125900389755126,0.04645070227743759,57.190445357557074,6.81073197855768,51.04938415994687,7.988077393579413,-0.2246881370477009,0.09140087006779157,39.33690884241306,7.564005526124432,40.66068578247477,7.477622318344367,-0.1642015495992861,0.06179152960743398,56.58526996707656,18.127267728807862,64.98668509215392,13.698646672715082,-0.2876761662079576,0.16055211846335973,62.745877774584905,12.848238393630336,63.718484015974504,9.361783666474858,-0.31074680264836047,0.11203054927902822,65.26583973817492,11.612858251262233,63.248353412617675,10.929884139405031,-0.3064994647497213,0.0992416920295268,66.18935394513673,9.725844547817621,62.29892582915697,9.697400311185028,-0.29673684492343594,0.10005861034621576,59.843016848298184,17.943493265766786,65.32535436966235,15.214746714570024,-0.2989868584458083,0.13024228397050433
76.0,31.85341771862145,7.058391176706811,35.16854044353745,7.199359804419836,-0.11594950521663606,0.06414733503994145,42.977325865953354,7.733624803708934,40.99661823854409,8.935218017568932,-0.18608679834123854,0.06096104080318611,50.74883678458929,5.505447865414054,44.64846382955852,8.051300321513194,-0.2119633701586463,0.04549090728713507,56.85159711438991,6.735808837962847,48.443014066847795,8.327531161928361,-0.2240474743233752,0.09077661091652213,39.284000548232726,7.447329958090069,38.39874156380748,7.455679766902488,-0.16546947805981527,0.061327353435643384,56.850035696222356,18.160368373577782,63.522864512542874,13.82826719139658,-0.2901094322052038,0.16028414765067947,62.77869609448227,12.743490755530582,61.81521484598124,9.62467646403501,-0.31231358732518344,0.11087295757199835,65.22274398020559,11.55083528483923,61.073496137134356,11.108995568879925,-0.308167757980099,0.09747295050495777,66.14878723589784,9.636323753365353,59.96048751472544,9.838730065355781,-0.29731430633006956,0.09829302843032892,60.131202708270806,18.06616345349183,63.762189138044114,15.256271904716385,-0.30120351962156167,0.13007613019140737
77.0,31.838752224133195,6.9859025885438975,33.215091664543515,7.142163845381601,-0.11767455543666125,0.0636099654328073,42.81846409680108,7.791733008647431,38.539247004272724,9.058594730688355,-0.18687356241823866,0.061236882032278506,50.505187749762904,5.540887592239969,42.016775049761186,8.201312998687998,-0.21221143938968814,0.04499352565042098,56.437059009872435,6.712507971785506,45.88468254802595,8.670401411387116,-0.22259246618701495,0.09036574732623058,39.183732342125055,7.3141436202283545,36.14616892137756,7.4315909356356,-0.16626177411761045,0.06081107973948854,57.035770180393904,18.161832343338883,62.03565541541695,13.979915889717597,-0.29220006240721574,0.15989857284520967,62.71505345488816,12.611206947323483,59.90873723806088,9.931237459974785,-0.31349339800016507,0.1095212415456299,65.08774507277019,11.456802122164465,58.89446210120282,11.287745093428226,-0.309375725269576,0.095766635557841,65.97154789531413,9.552795060396233,57.60279478304396,9.95045274195183,-0.2970038892342554,0.09650982155779687,60.3642931587988,18.162346404374883,62.17912559950941,15.280948337566473,-0.30324233926206645,0.1299756312453361
78.0,31.788743221986547,6.905837224376171,31.307592915457747,7.081546652840789,-0.1191046656603454,0.06328457620414901,42.61097119147069,7.838347706308268,36.106713306255585,9.175488940945625,-0.1874131681262772,0.0616120487019099,50.19503619745914,5.614476960142553,39.41783510488976,8.338723832195198,-0.21192304794945285,0.04499266040108858,55.922701598494584,6.669620681326477,43.37621090868009,9.002944502660748,-0.22028887769418729,0.08976268586230748,39.0340890330836,7.1719043330274035,33.910381016738086,7.407410352953705,-0.16671123794446044,0.06024736553704687,57.15300942963867,18.129695403357353,60.506191544956174,14.155934126465276,-0.29399982000761277,0.1593741873724555,62.55303699230676,12.464552587760158,57.996400444481296,10.264651072229364,-0.3140987521684604,0.10800111813111027,64.86647525704477,11.331413699231854,56.71064086364042,11.457622528756412,-0.3100000273724308,0.09398686300410673,65.66932202230154,9.439607470519887,55.19008601784627,10.04903192979705,-0.29607750971576663,0.09451614865722752,60.53867529615129,18.231032834574208,60.58149602688902,15.277428641388115,-0.3049795632785465,0.12986030027987297
79.0,31.71085903752587,6.823123850786326,29.452447078157263,7.02592086999633,-0.12031157034545134,0.06317790324428993,42.35844629918407,7.872511564426132,33.734084666348245,9.271887651380078,-0.1875172294166527,0.061931402348435347,49.813471803048515,5.737505627425103,36.893243778368614,8.466975262267324,-0.21093574148331026,0.045514788485637,55.292493370913334,6.602327899404962,40.93821453965041,9.290177841259696,-0.21715309480068773,0.08920334011282419,38.84521869285958,7.032691372531988,31.723003694486426,7.388004643815393,-0.16688584466680217,0.059762560753712606,57.20100767820277,18.067280914935086,58.95086049044761,14.351901803407724,-0.2955238612595938,0.15882646363083383,62.303600238131565,12.30422549234544,56.08216024714904,10.589005513498774,-0.3141608095709085,0.10652997193280858,64.54342343364645,11.20144342187829,54.525526763167115,11.644679092915466,-0.3100606129904414,0.0921963124433671,65.2549912021172,9.303151322216193,52.768840582921456,10.128237727984484,-0.2944809892648521,0.09259812223118583,60.63995430021657,18.276137679555834,58.97915399792318,15.247883031619203,-0.30629225461326737,0.12975325222223896
80.0,31.62616302319928,6.754626425493436,27.661959593055915,6.982943596978272,-0.12144051192668338,0.06326109458069837,42.072647254910116,7.8981658443138585,31.46443483318965,9.340216576493235,-0.18706612562324054,0.06195994115957539,49.36239882026135,5.88193410431976,34.4818371539342,8.548435766786803,-0.20920642191933922,0.04642560325917339,54.56516552561813,6.531460535649974,38.61524815077724,9.49025479635021,-0.21331131187993513,0.08885324514274143,38.622449414299574,6.912020856711644,29.621628820805896,7.369262881631964,-0.16672912576627702,0.05933735744861072,57.18196178938236,17.988808399966004,57.39930582151516,14.560553531039785,-0.2966706640849068,0.15828094753601,61.976650688654345,12.142337489364149,54.17370887804731,10.908068877676268,-0.31375183181426763,0.10512865253065552,64.12480396500885,11.063003908655627,52.3507091407651,11.847133202297783,-0.30961901252986396,0.09050268514801164,64.743276343863,9.164448797483198,50.38201049762795,10.18537982477065,-0.2921755664853185,0.09092668110664746,60.6698705086136,18.285559222178765,57.36944123496083,15.186150873230737,-0.3071856754728307,0.1295653718261451
81.0,31.5343766378469,6.704934514730716,25.966016903530527,6.970326430543083,-0.12241330491075195,0.06349540424989701,41.74768775349368,7.902578437247767,29.283369330473274,9.375063364374274,-0.1860941374140377,0.06183681797786697,48.83304093005794,6.012110684863664,32.16427041564331,8.574764962309485,-0.2066366449857878,0.047451806438297287,53.768857879897915,6.485715279768571,36.42791267278006,9.618917582619014,-0.20879457923515132,0.0886835299600884,38.36139573966539,6.795109684840603,27.622644618665444,7.320806396475733,-0.16615761859069916,0.05910497623670154,57.10213288067897,17.9093444233775,55.86309647014742,14.781958769657916,-0.29741261960836796,0.15768467533046865,61.58250436458934,11.9795524801946,52.292626876347306,11.229040191877216,-0.312908746771918,0.10380620257402845,63.623746617321174,10.911772748008763,50.214950904980036,12.0458331972934,-0.30862500419396593,0.08902621486313901,64.14821500546951,9.04257762773704,48.059953614548434,10.225868083192664,-0.2891469256270648,0.08955205664617823,60.6405416608278,18.258898147286704,55.74716062499694,15.102617933648002,-0.3077753123942702,0.12931096498815306
82.0,31.420311965583682,6.664744612049435,24.368915828326017,6.967523950291349,-0.122944630885907,0.063855802319339,41.37884698736454,7.877518166709045,27.18009309022859,9.385825533746424,-0.18471321937368682,0.06181188124346525,48.23175475962133,6.115113249902122,29.92954526856937,8.55824852270319,-0.20331762347589263,0.04844541468681253,52.92706337715444,6.488509327549163,34.37356193372678,9.717467027225098,-0.2036708063397382,0.08866274137563362,38.05562250061599,6.669357958511498,25.70202051191147,7.229101547745455,-0.16501600327674856,0.05902113286963395,56.97206902049811,17.83856857812643,54.346950393907825,15.01475408317347,-0.2977274646860856,0.15698523546963303,61.13517658881855,11.810884438633819,50.480269248570444,11.53794816364171,-0.3115765940115185,0.10268253669704644,63.03936554112948,10.769236338538988,48.145897315096114,12.231223447975676,-0.3068990144675667,0.08789280742735008,63.4729724164639,8.944107841504438,45.833347758053726,10.245135095540299,-0.2855024704110923,0.08838333667745425,60.55933296802703,18.210297729750604,54.12981892329505,15.014301998925701,-0.30817435798446075,0.12912246384082865
83.0,31.27610369517653,6.624117658832978,22.859330867785733,6.969819522687365,-0.12295517070206859,0.06434957778124774,40.977136874447446,7.834897064775126,25.187892695276194,9.358533805299952,-0.18300752715824012,0.06185803654710404,47.58329578108504,6.209664113328519,27.819132061379975,8.52235608226832,-0.19943615462796016,0.04946765224368047,52.0674245419988,6.532125310695975,32.48148469621289,9.775220825187118,-0.19813014796137499,0.08871391399413237,37.70742792138119,6.538304668157138,23.876845190372805,7.097022591343959,-0.163309544864198,0.058892772774653004,56.785566351706386,17.768081680785837,52.8553059489543,15.25295030136992,-0.2976724586053001,0.1561761132956644,60.63104060895652,11.645311085162218,48.763408877871605,11.828025130211861,-0.3095765926904206,0.10182583617025133,62.36092391503809,10.644170661321374,46.15403477226537,12.382385971275268,-0.30432787428933267,0.08706419009634736,62.716202037524134,8.857513576226886,43.71664608995467,10.232816800619212,-0.2813111722145335,0.08724363685938294,60.41750875844564,18.14635807182514,52.54589204445424,14.924686224611422,-0.30829802730033856,0.1290753456802962
84.0,31.1117212916353,6.593532795524231,21.436057841298286,6.9745443493884105,-0.12272224878793812,0.06505209388464808,40.549320932330616,7.79313363395044,23.336873961798762,9.297192906845915,-0.18097861694713918,0.061923677443914305,46.91903425323244,6.308696436073612,25.902651963017036,8.474237902099725,-0.1951783815785378,0.050533360902966215,51.190468685498416,6.5620254511952005,30.75023347633295,9.778764146602933,-0.19210697676324268,0.08850422258313854,37.32131716930293,6.411409883968403,22.176956089359276,6.940465959502094,-0.16120488419024906,0.05874497274105029,56.51813255110269,17.664369964991174,51.39419200150997,15.47791172059948,-0.29720003876419426,0.15522446456870517,60.048424856286275,11.469827756152268,47.13316699709978,12.07049067101125,-0.30681227670162636,0.1010954893603031,61.58562255580715,10.535764916005139,44.24177056225801,12.5095399707537,-0.30105048678980706,0.08649906262080562,61.85898990128182,8.747842139180351,41.66776661730269,10.212731350483631,-0.27649171495498603,0.0858720839851865,60.20974908934626,18.07255405372159,51.007103960547575,14.824994700922856,-0.3080809405768738,0.12917050947268846
85.0,30.936929914945413,6.5699169065680945,20.12638995383385,6.997487839258135,-0.122285317895167,0.06577441604030868,40.106774332870636,7.7561203201271045,21.662030496201858,9.184018421372157,-0.17862474434528114,0.06202801990145786,46.25950920207119,6.404320102079887,24.229884918271924,8.388988617293036,-0.19060833817606812,0.05158245062533683,50.29049849023985,6.585724547148787,29.17290927773745,9.690646526088397,-0.18549110115601877,0.08817593346017437,36.9163308986858,6.296117110517064,20.639283880547527,6.760582571613829,-0.15891942633978412,0.05866178777770352,56.1730914413654,17.527900204970607,49.99041403362066,15.673738275314548,-0.2962599811760987,0.15414784723350522,59.385114228637356,11.27888641452937,45.5828911094036,12.251346748564357,-0.30340614672396465,0.1004705227929003,60.719901930056736,10.446317321568623,42.412700857646755,12.629902784204042,-0.2971168297195099,0.08623929652067354,60.92236835752462,8.617096249253182,39.72731446430876,10.177748495819538,-0.271122521166958,0.08445791680730676,59.93669224779637,17.97785400890372,49.5065750297151,14.711619067187252,-0.307551958506941,0.1292947329233467
86.0,30.756744760764253,6.543424671368055,18.96265129474667,7.0264278382423955,-0.12151739679918183,0.0663160920388477,39.63397465916152,7.689365392802086,20.154183067508715,9.01256568532638,-0.17564527566916896,0.06206364701512446,45.56737137521721,6.461872129951206,22.730670757921832,8.243809967385719,-0.18522956124125967,0.05246698317712921,49.371417812685785,6.615432752282474,27.74225462159372,9.54262120499275,-0.1783592926223069,0.08783686428458005,36.50480786823609,6.187079294550594,19.263198975292475,6.562169328999614,-0.1564335873466847,0.05861311974486892,55.761225480912124,17.372810870139773,48.65948297735695,15.83780060889227,-0.2948763944363028,0.15305515871996822,58.64916535383736,11.099415763076383,44.10509416879326,12.407870950035774,-0.2995230321211559,0.0999563999905854,59.79194064850466,10.350742150854634,40.68116909253241,12.716693690054788,-0.29262426534959946,0.08612595948544693,59.92504328434578,8.479038698425557,37.926310000081465,10.133522165903829,-0.26528281261005565,0.08317292185767323,59.602848524268374,17.8572738894795,48.02789767653111,14.605510821880326,-0.3067571516511848,0.12942932742523755
87.0,30.565860527907205,6.507905153145846,17.94295410734391,7.039586410771334,-0.12025209853911756,0.0665732185251085,39.12472893268255,7.579194207716535,18.787344625894914,8.796490821921342,-0.17191257584717226,0.062041002199906825,44.82041642831147,6.465921337184524,21.34231197284613,8.077116331838639,-0.17890282913920472,0.053113445839769055,48.436427376704295,6.651899315921018,26.433577365525988,9.394248366836958,-0.17059549932597165,0.08750779456470328,36.07295264998039,6.074052942335294,18.016170574322228,6.341384225100363,-0.1534329473967998,0.058765931085576796,55.29649321470668,17.216838483278508,47.40358201621589,15.96489017933974,-0.29316099110358973,0.15204411396675052,57.85644822041553,10.949973457778034,42.7383110353592,12.53344612832151,-0.29527876102400946,0.09964091940992569,58.82109758393429,10.269697691527183,39.08431771797055,12.770242893420821,-0.2877528546376013,0.08612882273715584,58.88036013445697,8.352021611105934,36.300641003787355,10.08293216803905,-0.25893839523876355,0.08217295208498372,59.21883205217296,17.715009609370355,46.599606359471814,14.51892104560429,-0.3057371003937484,0.1295300580965706
88.0,30.350944563418377,6.457260050342849,17.0155981256927,7.034779028287281,-0.1185189196454826,0.06687006454237705,38.59114388381136,7.450110470451859,17.556981262270057,8.565683152981654,-0.1676462583197272,0.06209068872288944,44.041558641291545,6.434197310572854,20.09117259452424,7.946173163598781,-0.17194651549981751,0.05361217906818098,47.50428217230532,6.688983056912578,25.277799856634246,9.239216656765864,-0.16245520438452277,0.08719033627361622,35.61634843996866,5.9635453897111885,16.897340734996735,6.11572326806686,-0.14985710956382914,0.059193039524105436,54.79091192975196,17.070449202932032,46.23664565309823,16.04514048884668,-0.29112741006949433,0.15108613066226126,57.0068340819782,10.833361947551046,41.515264008201754,12.621153399703257,-0.29061130735645935,0.09962770628329465,57.823479020454776,10.213280393765448,37.646671904376554,12.794329562665057,-0.28277476339889146,0.08607213528905903,57.813978360551005,8.248801448119496,34.88775159128999,10.019909012754036,-0.25230093009578075,0.08149817919315805,58.78850461465161,17.54910656322575,45.25522336273504,14.43572044510426,-0.30438052740355076,0.1294052965085415
89.0,30.118356420792242,6.399628502346618,16.17945469142372,7.0287898868645,-0.1164616873419724,0.06737913659502498,38.04446176185155,7.3265602593310195,16.469423829498172,8.349284541430817,-0.1629945235470821,0.06234394761643097,43.2590270784335,6.382176302271873,19.04997168632409,7.858131199317037,-0.16468517886472475,0.054051441449303635,46.59002939496804,6.709191647379369,24.29982934571942,9.08035804439175,-0.1542173057750041,0.08680063921853075,35.14433641298485,5.865626680716434,15.919840267282087,5.905471140842091,-0.1458089832392847,0.05987308941828715,54.255509163327964,16.926407391956886,45.184462633147966,16.066464552899895,-0.28884984160118116,0.1500974387072427,56.10798484431088,10.73895425218679,40.46935514645501,12.641124282303405,-0.28551711637493,0.0998147644510502,56.776370964397834,10.167061732692797,36.365788734616395,12.754122762800339,-0.2774566185522254,0.08591871787733936,56.709425437742404,8.15886906269289,33.66016668425392,9.916753955260948,-0.2452322227970412,0.0809943160224356,58.298689793799014,17.36596712930459,44.02006971851982,14.33436179719216,-0.3024557294044472,0.12913701653115292
90.0,29.8749013019439,6.3392466090647845,15.465682184334408,7.01225969379468,-0.11419529621440325,0.06803413837040687,37.50058612634637,7.219006470315439,15.57197742431667,8.140652184787346,-0.15815705813041225,0.06282397930977555,42.49144301279887,6.316180657613836,18.279101632205215,7.807526139182735,-0.15730089279130008,0.05450945511595472,45.65576511112094,6.7086254869376996,23.439912649807134,8.910935285947447,-0.14561018825857128,0.08629860636290446,34.66820190660874,5.785523938360376,15.128148292175032,5.705287824282746,-0.14147273359729715,0.06070554151963208,53.66191004958293,16.75249027378257,44.23872257235963,16.004038555863577,-0.28603959161817066,0.1487781479923663,55.11543672474256,10.610021122531226,39.561305728962644,12.561693321327782,-0.27954916494852283,0.09977238950523892,55.648731265386004,10.14063229169902,35.20845921466162,12.674360771533014,-0.2713748818270752,0.08575672209080432,55.52535240536845,8.051776666732419,32.53777384674296,9.770549671245117,-0.23727922953408082,0.08040324736855481,57.73121676367837,17.164445481915944,42.89659601324055,14.179521427394903,-0.29984038537604135,0.12882773789748175
91.0,29.617302557840738,6.2816635276426975,14.933037264455518,6.9667044428752645,-0.11172225445354886,0.06882885740452248,36.936992481036235,7.100667750900427,14.874236459991767,7.882486650764396,-0.15285787895445438,0.06332499327410361,41.67738618126996,6.206536534893385,17.71396174800017,7.70803949573431,-0.14894723122565834,0.05504029591296471,44.65796567817457,6.718498451186151,22.666737139225802,8.724480284250685,-0.13609836525734836,0.0859114551039363,34.187571320284,5.723243529846394,14.5339575744761,5.511687576564651,-0.13688150762958598,0.06169213491762121,52.991235179379935,16.56026045568356,43.40624318960486,15.848843143616914,-0.28244274733326247,0.14719106412369456,54.038150116085625,10.493479851968166,38.7483200499761,12.433078045972954,-0.27251124442055524,0.09978280772536606,54.439074840143014,10.136091684261876,34.14855812600662,12.563671915477162,-0.26427203306771785,0.08562738613943234,54.274799435043505,7.9681520545306475,31.51360808318492,9.610412794598727,-0.22853314128923993,0.08010946954317533,57.06727275950304,16.964567044127012,41.838871888471395,14.003799523161131,-0.2964502265692375,0.12870050517798248
92.0,29.30304613942797,6.216202562090134,14.554043210961355,6.889652564559947,-0.10847523089219022,0.06978745208582347,36.340421605282685,6.974292495028259,14.323554999497853,7.575867207697708,-0.14685086685112209,0.06378821148956478,40.80446434219164,6.075964392064277,17.243431619256903,7.5833856957798655,-0.13943767551277758,0.0554093419188106,43.592177684528465,6.74363229568196,21.977246762858115,8.55376340362651,-0.12538196725364725,0.0857786304459769,33.677211873687824,5.682115961307637,14.040147189047817,5.327076236025056,-0.13165594136024292,0.06303878626506965,52.241288698923604,16.377436083012146,42.65030469316461,15.653518016441453,-0.2780634070761559,0.1454959801251225,52.94365735484952,10.441229477758428,38.02295397207676,12.317466716651287,-0.26495279055844934,0.10010174531762334,53.21798801822372,10.1652467554392,33.20806216702836,12.45984167349422,-0.25659087937521025,0.08569472894467658,53.01655653282454,7.932397697377633,30.623791424730918,9.469239410052953,-0.21936716863203717,0.08037130256139578,56.33176162643411,16.777451475442355,40.85589204859007,13.849807255786924,-0.29244831034543695,0.12878374197921144
93.0,28.921636329753333,6.154595950080536,14.235204169730256,6.811014544639731,-0.10416827584619845,0.0708359466319911,35.72125958745301,6.872643507581793,13.870431453708134,7.3043876109927055,-0.1402326814289198,0.06451032222677278,39.94486367145944,5.961481677872627,16.856663509877052,7.488916029577487,-0.12977544799539134,0.055851815866077334,42.552335179336495,6.765194684753462,21.41053592966014,8.414724572540203,-0.11456982774531932,0.0859433286094451,33.14734143628013,5.665142280966925,13.62514912286175,5.19291956867284,-0.12584401791315042,0.0645031032605794,51.47326767601835,16.217160948324903,41.986477717956326,15.446354697890111,-0.2733451269683517,0.1439538193600051,51.93945464689324,10.458301901077299,37.426308122311006,12.236541096277712,-0.2578195485652693,0.10066895839719278,52.08628312812194,10.216730005489417,32.43977180884733,12.39144583729078,-0.24914054615893738,0.08593989359671267,51.84743576844129,7.947116689060871,29.93951726146987,9.352722614046561,-0.21060984023642995,0.08115727359479476,55.57519365970297,16.61764160562387,39.98030914224511,13.741264953072347,-0.28818960535582455,0.12908591382561976
94.0,28.53383002203291,6.116605516164049,13.9778453473324,6.746639169751159,-0.09948708128870008,0.07182454376840905,35.125339016883494,6.8056030487300445,13.521778673305446,7.094424417258483,-0.13362695739924188,0.06551506390540124,39.183179628843845,5.880863258639066,16.572103670485795,7.431461532599557,-0.1211211583548767,0.05643278857770208,41.64239796300767,6.748128197060742,21.019057544458718,8.305552295469619,-0.10490206648853742,0.08610335466960073,32.641946616064324,5.6638015124736985,13.311379627740562,5.1228444994981075,-0.12000659889007767,0.06587227605375953,50.76414630308227,16.07781309061494,41.45636969222743,15.240710001476184,-0.2689134649154467,0.14278165962205067,51.135143254985415,10.532496617570015,37.01384733963676,12.185607486826374,-0.2520968037255214,0.10132615007438221,51.15545985130616,10.253842010593228,31.913174954512666,12.354727781466368,-0.24289213953275474,0.08610659578095844,50.86077259297432,8.007108631797811,29.52008815021613,9.26306973050683,-0.20308029042583448,0.08232349530537707,54.86789279001604,16.478145158981217,39.270918577232734,13.670365800056619,-0.28415313258469,0.1294097655761697
95.0,28.21054628022065,6.100434905729362,13.814418662917182,6.702674017664682,-0.09540297089723443,0.07241488782687217,34.623501579927265,6.76637231757419,13.305413733079336,6.954109100353976,-0.1280308331502712,0.06655254311374738,38.600626029780926,5.843179943755789,16.405990730460356,7.408131025574934,-0.11458904710517409,0.0570862376531684,40.94560613691085,6.646114274498053,20.82115055021518,8.21427393587673,-0.0974321593939013,0.08558436000194289,32.21163166227655,5.661183923816099,13.123472555407478,5.108262255307299,-0.11491198505602272,0.06691809599840154,50.169848231018996,15.942550005710109,41.0848381735776,15.022055446628372,-0.2652482690851142,0.14193173706816273,50.54366881164218,10.620832821139492,36.78259276207277,12.131517923427907,-0.24810577280781757,0.10183650555548655,50.434236104107825,10.248090933149708,31.602869249148625,12.296245097709129,-0.23812867563967155,0.08598124443103268,50.066177190587545,8.078110027046096,29.31294908561172,9.169064625700612,-0.19692427693865514,0.08342676641338126,54.25038835854158,16.326567941539558,38.754530883086176,13.58917955029932,-0.28064406696361716,0.12945453405547563
96.0,27.99760145777555,6.090447608711458,13.768957766038357,6.676789198783121,-0.09261987275224982,0.0723730346314397,34.235515359555066,6.722637190806098,13.194727391879152,6.835585595667702,-0.12381992509211902,0.06733185980649556,38.14238604058867,5.82188393693359,16.32036836477452,7.389101603035808,-0.10953320765240347,0.05805377788579998,40.37841711536881,6.494583558931172,20.706537943227755,8.1237679598185,-0.09143280297303814,0.0844891504304599,31.870891311421346,5.6474406258408205,13.042174936209406,5.104921155725971,-0.1109066179151011,0.06770478336272279,49.65912752538834,15.790375444053268,40.81306986254668,14.772272171254167,-0.26209701353030157,0.1411242964702712,50.04638448930429,10.664508721667746,36.63615354346056,12.044307350373952,-0.2448711131339156,0.10192961121236535,49.798330342770775,10.22171311477179,31.38898011360901,12.188486845434886,-0.23388765016139554,0.08574094002361288,49.34580590439891,8.14403647946008,29.17153250651538,9.059821352339677,-0.19121554814700661,0.08435598349143492,53.684483724641986,16.14517148452938,38.36216672194529,13.457566868068351,-0.27738990085608356,0.12921461117579636
97.0,27.81699802577121,6.076005648123019,13.782794803557863,6.650596194929091,-0.09028102264874556,0.07212259222920697,33.89790770169871,6.675057933916931,13.118164703158877,6.727161243684119,-0.12020623259513406,0.06785711060273862,37.71740686539781,5.815419558172441,16.258216840693304,7.3741436990333336,-0.10481207468448372,0.05915854387207168,39.83463943165264,6.385027270514744,20.61747621427881,8.046906687911937,-0.08556382886795981,0.08381628958734486,31.555281384402317,5.641237727565442,12.985823682301898,5.085413953455282,-0.1072483806911739,0.06851775758451563,49.166000216208246,15.640025638682514,40.57790433189479,14.528344620992113,-0.25903565730229455,0.14029767195343734,49.586712416778845,10.71211323778032,36.514651714911096,11.964558136079233,-0.2418614129370712,0.10195004652673414,49.20190750385367,10.204521985246341,31.214139302559644,12.080591145541563,-0.22972073687556657,0.08560468466875323,48.66450288148996,8.238204480532183,29.062646854602274,8.962128748510942,-0.18564822728399333,0.08553521046676826,53.124764443895224,15.957292623411359,38.02726336040639,13.323121771816178,-0.2740283131719879,0.1288909170051311
98.0,27.647404780864097,6.064774630842651,13.826443105253594,6.620136616958933,-0.0880351225926619,0.07179718446188066,33.5825957104172,6.638903256281194,13.066895243237797,6.6372623293238675,-0.11680065140198177,0.06833235684629309,37.33145242895468,5.824169771956294,16.224773813123452,7.366095256133161,-0.10048152318421388,0.06033101864827297,39.31965724394976,6.337085498076838,20.559581586444327,7.9854192023889405,-0.07987045295732251,0.08384501482089624,31.258591139982233,5.648077708309241,12.960312638690105,5.062502436631564,-0.10376656012084809,0.0692822597744904,48.69305214972895,15.493187581777761,40.38012969918354,14.29648894261475,-0.2560771765583049,0.13949741913853786,49.173042364670515,10.76507808675299,36.42084713511232,11.895355850448995,-0.23912661209412964,0.10188468194438931,48.64991700842716,10.200480185868388,31.08097556872241,11.982244509087307,-0.22566709521096845,0.0856347237479324,48.03595137246139,8.36126413331804,28.997777690473647,8.879661001504575,-0.1803336578318654,0.08701079556832582,52.56815370752431,15.76998801411263,37.74861606308889,13.201155637280547,-0.2705581933174441,0.12855689901078385
99.0,27.494569459225257,6.056387663740037,13.899317832238394,6.58939581156928,-0.08596961616650824,0.0713579903509272,33.29762412214872,6.610788842427511,13.049581493629864,6.566694300267312,-0.11369071827661713,0.06871632528220148,36.99458382920763,5.845683529906077,16.229429783094748,7.36274253153181,-0.0966459255411995,0.06151946256057343,38.84206698200754,6.367776087902002,20.542340886905617,7.939655640502041,-0.07443785767176724,0.08481863595234258,30.989669236605398,5.6673248355166495,12.971735204667599,5.037556632255465,-0.10054631844220552,0.06996766933416153,48.24633093326837,15.350532175021122,40.22859722470932,14.077101610747787,-0.2532904198053308,0.13875326502281046,48.81855616015591,10.81993076267354,36.361949642646564,11.837467265719646,-0.2367546539153705,0.10169446671730532,48.15179101787851,10.20761528677471,30.997103602162703,11.895744416457632,-0.22181176386795176,0.08586273589306796,47.474160802523514,8.51397009989366,28.988784589477383,8.815705613442644,-0.17538670226235173,0.08882474776913897,52.021139626602896,15.581625609974429,37.54013387193966,13.092502042000373,-0.26705043203103557,0.12821127811224076
100.0,27.364513377159362,6.050571875283165,14.000851885243838,6.5618228041691475,-0.08417677380977406,0.07076792396774241,33.05103767333144,6.587779689031492,13.07488593584902,6.5159633606415195,-0.11096396998299501,0.06897516445769061,36.71686216410493,5.878259948541243,16.281575251636962,7.362061377036162,-0.09340965414504661,0.06268692361266637,38.41046507557335,6.491432357346763,20.575240942843973,7.910145602431563,-0.06935122544193512,0.08692710966884115,30.757318210993798,5.69896981816727,13.026123466837145,5.011618424174112,-0.09767351108724268,0.07055205639739406,47.831884174144264,15.21317926306439,40.132158168768534,13.870886742136856,-0.2507442355503716,0.13809884073789946,48.53643563041133,10.874131896475934,36.345169076096184,11.791720333662807,-0.2348334817110725,0.10134562275158075,47.71696169359482,10.224971134446836,30.970138092945913,11.8232295882316,-0.21823978154686696,0.0863258632302614,46.99314059688658,8.698379871158785,29.047527126961324,8.774119459315353,-0.17092222304718088,0.09101993339245676,51.49021031220479,15.391269108799984,37.41572582890549,12.997628419924164,-0.26357592005134595,0.12785641755209595
