Percent_Stride,BFLH_Right_4p0_Len_Mean,BFLH_Right_4p0_Len_Std,BFLH_Right_4p0_Vel_Mean,BFLH_Right_4p0_Vel_Std,BFLH_Right_5p0_Len_Mean,BFLH_Right_5p0_Len_Std,BFLH_Right_5p0_Vel_Mean,BFLH_Right_5p0_Vel_Std,BFLH_Right_6p0_Len_Mean,BFLH_Right_6p0_Len_Std,BFLH_Right_6p0_Vel_Mean,BFLH_Right_6p0_Vel_Std,BFLH_Right_7p0_Len_Mean,BFLH_Right_7p0_Len_Std,BFLH_Right_7p0_Vel_Mean,BFLH_Right_7p0_Vel_Std,BFLH_Right_7p5_Len_Mean,BFLH_Right_7p5_Len_Std,BFLH_Right_7p5_Vel_Mean,BFLH_Right_7p5_Vel_Std,BFLH_Right_8p0_Len_Mean,BFLH_Right_8p0_Len_Std,BFLH_Right_8p0_Vel_Mean,BFLH_Right_8p0_Vel_Std,BFLH_Left_4p0_Len_Mean,BFLH_Left_4p0_Len_Std,BFLH_Left_4p0_Vel_Mean,BFLH_Left_4p0_Vel_Std,BFLH_Left_5p0_Len_Mean,BFLH_Left_5p0_Len_Std,BFLH_Left_5p0_Vel_Mean,BFLH_Left_5p0_Vel_Std,BFLH_Left_6p0_Len_Mean,BFLH_Left_6p0_Len_Std,BFLH_Left_6p0_Vel_Mean,BFLH_Left_6p0_Vel_Std,BFLH_Left_7p0_Len_Mean,BFLH_Left_7p0_Len_Std,BFLH_Left_7p0_Vel_Mean,BFLH_Left_7p0_Vel_Std,BFLH_Left_7p5_Len_Mean,BFLH_Left_7p5_Len_Std,BFLH_Left_7p5_Vel_Mean,BFLH_Left_7p5_Vel_Std,BFLH_Left_8p0_Len_Mean,BFLH_Left_8p0_Len_Std,BFLH_Left_8p0_Vel_Mean,BFLH_Left_8p0_Vel_Std,SEMIMEM_Right_4p0_Len_Mean,SEMIMEM_Right_4p0_Len_Std,SEMIMEM_Right_4p0_Vel_Mean,SEMIMEM_Right_4p0_Vel_Std,SEMIMEM_Right_5p0_Len_Mean,SEMIMEM_Right_5p0_Len_Std,SEMIMEM_Right_5p0_Vel_Mean,SEMIMEM_Right_5p0_Vel_Std,SEMIMEM_Right_6p0_Len_Mean,SEMIMEM_Right_6p0_Len_Std,SEMIMEM_Right_6p0_Vel_Mean,SEMIMEM_Right_6p0_Vel_Std,SEMIMEM_Right_7p0_Len_Mean,SEMIMEM_Right_7p0_Len_Std,SEMIMEM_Right_7p0_Vel_Mean,SEMIMEM_Right_7p0_Vel_Std,SEMIMEM_Right_7p5_Len_Mean,SEMIMEM_Right_7p5_Len_Std,SEMIMEM_Right_7p5_Vel_Mean,SEMIMEM_Right_7p5_Vel_Std,SEMIMEM_Right_8p0_Len_Mean,SEMIMEM_Right_8p0_Len_Std,SEMIMEM_Right_8p0_Vel_Mean,SEMIMEM_Right_8p0_Vel_Std,SEMIMEM_Left_4p0_Len_Mean,SEMIMEM_Left_4p0_Len_Std,SEMIMEM_Left_4p0_Vel_Mean,SEMIMEM_Left_4p0_Vel_Std,SEMIMEM_Left_5p0_Len_Mean,SEMIMEM_Left_5p0_Len_Std,SEMIMEM_Left_5p0_Vel_Mean,SEMIMEM_Left_5p0_Vel_Std,SEMIMEM_Left_6p0_Len_Mean,SEMIMEM_Left_6p0_Len_Std,SEMIMEM_Left_6p0_Vel_Mean,SEMIMEM_Left_6p0_Vel_Std,SEMIMEM_Left_7p0_Len_Mean,SEMIMEM_Left_7p0_Len_Std,SEMIMEM_Left_7p0_Vel_Mean,SEMIMEM_Left_7p0_Vel_Std,SEMIMEM_Left_7p5_Len_Mean,SEMIMEM_Left_7p5_Len_Std,SEMIMEM_Left_7p5_Vel_Mean,SEMIMEM_Left_7p5_Vel_Std,SEMIMEM_Left_8p0_Len_Mean,SEMIMEM_Left_8p0_Len_Std,SEMIMEM_Left_8p0_Vel_Mean,SEMIMEM_Left_8p0_Vel_Std,SEMITEN_Right_4p0_Len_Mean,SEMITEN_Right_4p0_Len_Std,SEMITEN_Right_4p0_Vel_Mean,SEMITEN_Right_4p0_Vel_Std,SEMITEN_Right_5p0_Len_Mean,SEMITEN_Right_5p0_Len_Std,SEMITEN_Right_5p0_Vel_Mean,SEMITEN_Right_5p0_Vel_Std,SEMITEN_Right_6p0_Len_Mean,SEMITEN_Right_6p0_Len_Std,SEMITEN_Right_6p0_Vel_Mean,SEMITEN_Right_6p0_Vel_Std,SEMITEN_Right_7p0_Len_Mean,SEMITEN_Right_7p0_Len_Std,SEMITEN_Right_7p0_Vel_Mean,SEMITEN_Right_7p0_Vel_Std,SEMITEN_Right_7p5_Len_Mean,SEMITEN_Right_7p5_Len_Std,SEMITEN_Right_7p5_Vel_Mean,SEMITEN_Right_7p5_Vel_Std,SEMITEN_Right_8p0_Len_Mean,SEMITEN_Right_8p0_Len_Std,SEMITEN_Right_8p0_Vel_Mean,SEMITEN_Right_8p0_Vel_Std,SEMITEN_Left_4p0_Len_Mean,SEMITEN_Left_4p0_Len_Std,SEMITEN_Left_4p0_Vel_Mean,SEMITEN_Left_4p0_Vel_Std,SEMITEN_Left_5p0_Len_Mean,SEMITEN_Left_5p0_Len_Std,SEMITEN_Left_5p0_Vel_Mean,SEMITEN_Left_5p0_Vel_Std,SEMITEN_Left_6p0_Len_Mean,SEMITEN_Left_6p0_Len_Std,SEMITEN_Left_6p0_Vel_Mean,SEMITEN_Left_6p0_Vel_Std,SEMITEN_Left_7p0_Len_Mean,SEMITEN_Left_7p0_Len_Std,SEMITEN_Left_7p0_Vel_Mean,SEMITEN_Left_7p0_Vel_Std,SEMITEN_Left_7p5_Len_Mean,SEMITEN_Left_7p5_Len_Std,SEMITEN_Left_7p5_Vel_Mean,SEMITEN_Left_7p5_Vel_Std,SEMITEN_Left_8p0_Len_Mean,SEMITEN_Left_8p0_Len_Std,SEMITEN_Left_8p0_Vel_Mean,SEMITEN_Left_8p0_Vel_Std
0,1.06193496432265,0.0111302008594716,0,0,1.05755889229049,0.00820139256652678,0,0,1.06306086901799,0.0071110064775617,0,0,1.05665342448143,0.0106251200314692,0,0,1.07418744148154,0.00545715066982084,0,0,1.04523580561877,0.00474380257909558,0,0,0.922266489702388,0.00179966443562256,0,0,0.911313523080534,0.00571857126352307,0,0,0.909348352522694,0.00461621985450968,0,0,0.893650589028634,0.00573421028240992,0,0,0.886593539165865,0.00211463009165348,0,0,0.875679579968665,0.00331102088567764,0,0,1.03778511409675,0.00852482499837376,0,0,1.03278814259188,0.00434259348752329,0,0,1.03621152303651,0.00512840363664808,0,0,1.02951240467524,0.00826038686099193,0,0,1.04030941125383,0.00567659404991937,0,0,1.02939141957591,0.00430131047615232,0,0,0.865745716869932,0.008710376086656,0,0,0.846402425430565,0.00723212689053676,0,0,0.842130769924736,0.00310268794897092,0,0,0.818976190132794,0.00755013238190725,0,0,0.81819694732716,0.00572961889884258,0,0,0.791788984984748,0.00160963561644012,0,0,1.09957059365919,0.00972594530479309,0,0,1.09383154881805,0.00432867386035293,0,0,1.09762805457277,0.00595490907979133,0,0,1.08870802381295,0.0103607120198567,0,0,1.10186700713196,0.00675269649623697,0,0,1.08681090922331,0.00532215846604128,0,0,0.901109193297062,0.00995365042162986,0,0,0.879615681026819,0.00733272913271827,0,0,0.874412894910268,0.00353258133393288,0,0,0.848927188057199,0.00791573097227733,0,0,0.847780939433029,0.00576349516205952,0,0,0.8238357357593,0.00211505838877372,0,0
1,1.05842035795021,0.0114160086003374,-0.522031733129653,0.0430091766350296,1.05403567592813,0.00776084527572061,-0.575450136727373,0.0734477205834261,1.05846113323985,0.00701764877695537,-0.832250694341513,0.0162952296358102,1.05155773574617,0.0107316914712775,-1.00985698580374,0.14119821267819,1.06900903047553,0.00513673757061968,-1.02394168197939,0.0666314913804575,1.04080961254713,0.00440008580082411,-0.888739533884343,0.083585371474478,0.921811906351252,0.000875826791225223,-0.0576025439894614,0.180515708912106,0.912061989101944,0.00796739292459437,0.13997917743788,0.395303392207722,0.910501188192366,0.00581069114716669,0.221638315870138,0.233491662166473,0.895934798485524,0.00558220094748519,0.473616924789695,0.240523982594364,0.886518414114224,0.00102295010854358,0.00883772384073121,0.336271807843687,0.881897099840201,0.00416518230427496,1.280603007364,0.160484229241658,1.03276947226693,0.0084667551080611,-0.746433238474961,0.0188842570362345,1.02781250301763,0.00439041969459901,-0.817131969440597,0.0537997332165289,1.03055988115039,0.00516332830415732,-1.02329691129369,0.0111686478555613,1.02367880647948,0.00807240378968118,-1.15763458090928,0.0892647957783396,1.03431525790367,0.00532522715514653,-1.18649836253815,0.0541516861444714,1.02301410543785,0.00409697213814513,-1.28120936275794,0.0415774630669856,0.861819168222166,0.00752580978942904,-0.564601234084266,0.182174472350352,0.843949468281251,0.0042844176641497,-0.371776753188725,0.496122055506962,0.840251538676485,0.00288446983171761,-0.313352735901695,0.267948697641173,0.818694144501014,0.00662862678964445,-0.0140756916782122,0.269058817304233,0.815174507229162,0.00384381628784519,-0.549072115188933,0.374666111337482,0.796416068970124,0.00255778794573257,0.981560022387193,0.19026773657163,1.0932214251976,0.00970572398991533,-0.943692838109725,0.0186932942297956,1.08760346403414,0.00452029563005427,-1.01918557423407,0.0573127556440069,1.09055014774044,0.00605713041696619,-1.27816501059631,0.028008998891941,1.08141430457341,0.0101274000734026,-1.44092795178824,0.1025480863618,1.0945185609684,0.0062949268569323,-1.44961952556737,0.0717800807621903,1.07900468114515,0.00508742959496526,-1.56653122346903,0.0481741263980717,0.897115204641141,0.00848603932758331,-0.57071816380879,0.22585468311511,0.877246353385124,0.00385380217519547,-0.351744087546426,0.595934535805624,0.872816867499069,0.00359999996745591,-0.256290883986908,0.323919947583866,0.849245159925893,0.00698743048869717,0.113376098402174,0.317050321420779,0.844868478168245,0.0035497186756978,-0.517693090421909,0.444023006543008,0.829690724394874,0.0032468575841706,1.2392673907625,0.224047896021124
2,1.05490917348785,0.0115802119503056,-0.52222141958367,0.0225424976946047,1.05058328106704,0.00737302414266989,-0.56475081822138,0.0900025425574413,1.05412123462459,0.00685280155949702,-0.785661935033409,0.0291944939638323,1.04683772707754,0.0108908988917318,-0.946458511585517,0.153096185920631,1.06417496630661,0.00466971914231623,-0.95970113261055,0.0869701939650394,1.03628443694048,0.00401925412198655,-0.941453952408012,0.0967669213914223,0.922008546406556,0.00118670038721073,0.0481401317783033,0.214346300437799,0.913630502615363,0.0102387436111239,0.280191579740994,0.393308466021939,0.912750644931146,0.00705087552247262,0.421815384610055,0.235687559801379,0.899636273747922,0.00553618069697348,0.760722269142741,0.267877806589528,0.887884076091984,0.00195397929664358,0.299000694831154,0.376815917963484,0.889007183996634,0.00484445793692559,1.49577167148383,0.144958380015631,1.02750679517281,0.00823061999312317,-0.789170203301225,0.0464204912795942,1.02258409094586,0.00446141406266483,-0.86139327281745,0.0800842853214067,1.02481573857623,0.00507953223838856,-1.04407297838863,0.0127748015481125,1.01790862079245,0.00788741023865364,-1.15781542644709,0.0905353724969454,1.02824761828283,0.00478436999299547,-1.20596680622164,0.09379989814423,1.01651758672193,0.00386980975095987,-1.34970488094329,0.0605553757871411,0.85865708101018,0.00611590363486986,-0.439915921078107,0.219309652988379,0.842436667891831,0.00162437531188068,-0.210454332124794,0.503024839807138,0.839599788985228,0.00342021778358362,-0.0883274915287102,0.277955609336634,0.819925341534184,0.00568592316999556,0.286107702352389,0.290461710591485,0.813708367713239,0.00188219971956577,-0.23692069696342,0.406548900559806,0.802146199549435,0.00335743794219834,1.22496020053811,0.165715912133969,1.08658468839026,0.00948693273418004,-0.988298054990653,0.0403745135071011,1.08112673837565,0.00475345218095005,-1.06084957001528,0.0772691744154178,1.08341519823359,0.00604100062370272,-1.28866582139185,0.00638233939483024,1.07426959331787,0.00991690327084445,-1.42614645361144,0.106520040846126,1.08717188091449,0.00560634464254723,-1.45449704751429,0.110808361846521,1.07109270416735,0.0048281338917294,-1.64225222991788,0.0708836766051286,0.894042882988285,0.00675109017232207,-0.42041777960527,0.269819643534606,0.875999283434362,0.00147783149564906,-0.159019365624934,0.603626003696399,0.872682953444962,0.00450584430493575,0.0119986045443144,0.335384893674344,0.851363638373399,0.00610860541171208,0.472159970236121,0.34346008915205,0.843804614682989,0.00132564290643403,-0.146029021730867,0.484188499184504,0.836802502983393,0.0041795128629147,1.5208225640214,0.193582333387902
3,1.05140074826938,0.0115592633613852,-0.5225237486672,0.0125358512886426,1.04715170668554,0.00706316756717275,-0.562841367481076,0.111631605658185,1.05003582478192,0.00662364958941306,-0.740246136014869,0.0426630177913572,1.04247898623996,0.0110928658820693,-0.874615005980067,0.150173794952519,1.05970001801198,0.00410032468127507,-0.889149406925239,0.107129981068585,1.03165882783271,0.00362798134830981,-0.963074521668738,0.0923272029402468,0.922959454474809,0.00259946538814094,0.166358879292385,0.245158344405389,0.916048935238733,0.0124642061710602,0.425006780350181,0.384866654855036,0.916104301802648,0.00827321321626722,0.622045066766246,0.227610589646227,0.904748453925521,0.00568794052162982,1.03892679158553,0.278958565315715,0.8907970312072,0.00379502913040864,0.607145180379082,0.409609630314739,0.896847036951067,0.00536088406343862,1.63892270092677,0.115677311204491,1.02202537199209,0.0077593250867459,-0.822681038346273,0.0837292677936146,1.01714296817214,0.00459761396358618,-0.898381199323994,0.102935000713012,1.01901503002278,0.00491332952153695,-1.05574290466567,0.0270122392148973,1.01225916375001,0.00772679160145155,-1.13427371968881,0.089223705051118,1.02221189511345,0.00411924690631183,-1.20015501768264,0.133990117842085,1.00999873967449,0.0036497604285866,-1.35650337259348,0.0633442910910727,0.856384295857901,0.00449725392689548,-0.29989070982259,0.255003713228321,0.841915043937319,0.00237754442357353,-0.0413832792023799,0.498266425417536,0.840210505455864,0.00447063027515003,0.141412851303973,0.277218348913158,0.822668432227629,0.00484914813577596,0.584192010742501,0.299580636315727,0.813911703383556,0.000924145193964729,0.0959763435799619,0.429353057760984,0.808791050648173,0.00398381687238687,1.40253797041305,0.130609094683969,1.07976736999066,0.00904668304582177,-1.01373890015294,0.0727871404498873,1.07447802112518,0.0050633127606488,-1.08951658285401,0.0986844298677791,1.07632376952462,0.0059227630924196,-1.28098358736979,0.0158896547334736,1.06735898367785,0.00975476412694506,-1.37997973326836,0.106294659014414,1.07995332188304,0.00477422224109006,-1.43137018526383,0.149582003411386,1.06320057660681,0.00457853940208752,-1.63873148989585,0.0759999394119414,0.892035673730503,0.00477517844900256,-0.252760052828566,0.311113408697034,0.875935112942152,0.00401982401986176,0.042882603095212,0.596361153576831,0.87404728842198,0.00589156985138305,0.28487931485407,0.333658453572391,0.855278018543391,0.00545653702385774,0.826711191357599,0.354756614645661,0.844721782715382,0.00176436487043871,0.249585927604229,0.51287839202317,0.844938674793112,0.00489408676383109,1.7195712510303,0.149858440183528
4,1.0478748711424,0.0112591322039044,-0.525902373817786,0.0499156738614513,1.04366538965448,0.00686629807718107,-0.573866200567794,0.133659997494576,1.04615206151194,0.00633863766749345,-0.704462873768779,0.0560533024253186,1.03842746833676,0.0112992693583781,-0.813191254412827,0.132854071286604,1.055544765132,0.00347646747133876,-0.826118387305697,0.11881509930254,1.02694609808099,0.00325206096221916,-0.981029574771932,0.085151648720951,0.92484694761547,0.00432627457105202,0.29476521285259,0.270034415642171,0.919319506308152,0.0145824062692418,0.568047017217802,0.366573829680844,0.920514934450327,0.00941649196191992,0.812090687328964,0.209351301849259,0.911184260669366,0.0060266333696513,1.29979350922604,0.265518151061027,0.895270607915355,0.0057771860504684,0.917208968346219,0.419227321612464,0.905265926092568,0.00573600764126172,1.75194741247048,0.0918825710689419,1.01640207273194,0.0070333170807261,-0.839777952377502,0.113355625053973,1.01152666940445,0.00486178881279887,-0.927890275736288,0.118288723445459,1.01320860905918,0.00469011190410802,-1.05633409407506,0.037086366207436,1.00677966436506,0.00759204815686848,-1.10009641596923,0.0776093912760237,1.01629595568055,0.00343401194878294,-1.17606179568864,0.163081132186249,1.00353996016991,0.00349922811404106,-1.34903861895411,0.0645769163554647,0.855228691747735,0.0026595485111124,-0.145996614888001,0.285892939809041,0.842407297207718,0.00511293331294179,0.129734908125877,0.479461564189434,0.842063563124233,0.00571747864911576,0.365433083596786,0.265003361181771,0.82684567030186,0.00426843132996423,0.865040820204276,0.289232898692062,0.815812368873204,0.00272363865887284,0.431757739193099,0.431268538987112,0.816169754913903,0.00445297228707877,1.54395143987654,0.101972687342544,1.07290273986166,0.00834570463981875,-1.01699004305038,0.107116433005552,1.06771024571894,0.0054916816123062,-1.11057905832593,0.124755206169612,1.06934175351201,0.00571252284033415,-1.26238790873798,0.0337720288581619,1.06073774009608,0.00963578690013024,-1.32382158248596,0.0912012774717354,1.07293036696037,0.00390411449574623,-1.39535416040694,0.180958165956051,1.05546969686109,0.00437004610151725,-1.60549260966915,0.0765352817687507,0.891357692235136,0.00255957672572943,-0.0697379527418468,0.345696276473073,0.87708130411047,0.00738001320872985,0.247308298903938,0.571469010362897,0.8768811641566,0.00743712126436075,0.550041851184346,0.317702364955796,0.860891786501695,0.00519172068499428,1.15973350444095,0.343617541711433,0.847653079154525,0.00419171251795351,0.648430634815493,0.516944154242128,0.853878144174758,0.00541497292721925,1.87404601468767,0.114616008026455
5,1.04429829058611,0.0106998935632798,-0.534244000559941,0.0915980719347795,1.04000656493407,0.00680932740039696,-0.601663293348832,0.152820605840614,1.04237424391613,0.0060054090626646,-0.685952906947532,0.0699983859906171,1.03459527080438,0.0114535465805868,-0.768763169080707,0.101770316424282,1.05162358176979,0.00284519901408345,-0.779434692375575,0.120934213609734,1.02217150032773,0.00291803553434492,-0.992885988638305,0.0760992795477141,0.92756577320378,0.00618830018036364,0.42626431133036,0.287404980813053,0.923488899820205,0.0164419919646518,0.701522011525078,0.338194048408994,0.925877232931734,0.010433297503277,0.981746142371707,0.184930585836942,0.91877747481011,0.00645110795997025,1.52324072330954,0.233364556750603,0.901256973495295,0.00767246083453301,1.21551091733114,0.395936586688067,0.91413132613223,0.00599157264426558,1.83929052718677,0.0721629806027338,1.01076760346804,0.0061390173041743,-0.83849078806221,0.138137001411912,1.00577705478034,0.00527972932582766,-0.94481190256941,0.127093229914015,1.00744188194861,0.0044210017705361,-1.04767267993881,0.0445880029898352,1.00150617744524,0.00746603418060467,-1.05791510006604,0.0568155070851311,1.0105609522868,0.00288043319434182,-1.13892774647149,0.179090506621032,0.997230518509401,0.00341639347016795,-1.31812186553788,0.0617646147995951,0.855082135163479,0.000929161722616288,0.0142365795652401,0.309336105828347,0.844007907292825,0.00770958890569728,0.295875884379652,0.446650840635613,0.845076978452531,0.00697604638802222,0.572511840732948,0.243167946814842,0.832300466563758,0.00403668889433179,1.11143154908211,0.261335490733673,0.819354536501715,0.00469531013448871,0.752399741563807,0.407536365327734,0.824117771935297,0.00478876269847581,1.65348661132677,0.0790003002350798,1.06610177866733,0.00742697882340079,-1.00825807251374,0.14332095968046,1.06083708031337,0.00605485364393362,-1.12585743061733,0.141413084332997,1.06248943704408,0.00540883370763999,-1.24070604529953,0.0514725723663038,1.05441475565976,0.00951110173250898,-1.26590028736895,0.064088277603521,1.06614142420301,0.00311798961899122,-1.34757252008318,0.197864204039267,1.04804475510081,0.00422171742380609,-1.54178485232867,0.0716238490557161,0.891873139386316,0.000819913195594313,0.119762117868066,0.37088120388481,0.879551639159158,0.0104625902767807,0.445705845596685,0.529154144659714,0.881082297318751,0.00895939833960508,0.794065983694113,0.289610359531701,0.868012415894308,0.00532815107349342,1.45062897513229,0.311352695780262,0.85252818018296,0.00657750355553025,1.02836524687484,0.490354451570009,0.863421379184085,0.00577585274210901,1.98976082052087,0.0870722877828173
6,1.04061885707891,0.00989173759330818,-0.549488122984552,0.129510263347925,1.03608531146012,0.0069233691826193,-0.644987191417607,0.165306356435737,1.03857761909874,0.00563208168278805,-0.689924499585347,0.0851647672103756,1.03087125978772,0.0114978145829543,-0.7459890076234,0.060272857029268,1.04781791990519,0.00224651028598336,-0.75562800507806,0.114190564636888,1.01736507857408,0.00265147317319676,-0.997863788107234,0.0646167401936485,0.931159541287648,0.00807845487616856,0.553655455642329,0.294608982243248,0.928391201662526,0.0180658063810769,0.816792256996967,0.299502917654638,0.93203013509089,0.01129761632399,1.12060247449341,0.15909429560408,0.927274579251407,0.00684418250713054,1.69517730498936,0.184814814686505,0.908572500757236,0.00933080705897277,1.47031861210798,0.349074043629718,0.923329579479191,0.00614517792632281,1.90527028118937,0.0541668107332604,1.00523650175501,0.00511509142152761,-0.819383220441425,0.155360779258786,0.999980074894951,0.0058233259370057,-0.949717663114896,0.131580567728473,1.00174734661579,0.00410874063546074,-1.03241432922779,0.0520517331121066,0.996459471391612,0.00732055353585926,-1.01099064394753,0.029933918025711,1.00503762551675,0.00263652585870255,-1.09508442112481,0.182714626805728,0.991203837864151,0.00338589474330077,-1.25664253966254,0.0527884597143242,0.856022340825006,0.00176626775438065,0.173690368576876,0.321978993706428,0.846565379823637,0.0100860186428642,0.447555626869124,0.400627810983768,0.849107644221674,0.00814999126323686,0.75153883594302,0.214908690253707,0.838799523809279,0.00409980484955579,1.31009814048598,0.217394371389314,0.824360815140275,0.00645941121636695,1.0325055375698,0.362395432796843,0.832489989799557,0.00501342085948258,1.73574948778668,0.0597908003077447,1.0594406744447,0.00630059049364831,-0.984715581337713,0.173483462364219,1.05392065383051,0.00671293860436111,-1.13099307143268,0.152355600744583,1.05575698901292,0.00501879480737603,-1.21937989692004,0.0661910044111748,1.04838202133291,0.00934146757415235,-1.2072524805384,0.0312228127251219,1.05960693556065,0.00261805892779702,-1.29502169190898,0.200624606594219,1.0410595202088,0.00413512992440794,-1.44987883060383,0.0610046284625839,0.89366632181175,0.00264019900415534,0.30697677880853,0.383193462091263,0.883159814116712,0.0132434422159495,0.626086628561595,0.470608173454767,0.886474508537353,0.0103565225717521,1.00351635600831,0.253654876830523,0.876354137163603,0.00570496066021922,1.68300896911286,0.259349521674324,0.859131138446373,0.00869792290266964,1.35921942053591,0.436885020635261,0.873393465914606,0.0060077774667433,2.07247474159124,0.0646459464835446
7,1.03677817070064,0.00890077496898561,-0.57231938422744,0.154686209872614,1.03183185450853,0.00719821465973012,-0.700135237879612,0.16911147309238,1.03463110969044,0.00523360274201736,-0.717500328251019,0.10124594469834,1.02713554653118,0.0113891599409831,-0.746834375772624,0.0180682082540658,1.04399438420865,0.00170752811747712,-0.757887785648028,0.10082776134679,1.01255291718166,0.00247193586314826,-0.997052405069517,0.0502071182668301,0.935590158497862,0.00994235358090574,0.667008395923403,0.286686122084539,0.933872524470324,0.0193785414700263,0.909129869789989,0.252639820560963,0.938768728615492,0.0119930227648048,1.22089596364444,0.135924906061622,0.936373772281513,0.00710644141630212,1.80717755914701,0.12461421797568,0.916921423484884,0.0106476964780402,1.66463234134388,0.282665917736341,0.932764296406084,0.00621069329507524,1.9535555701331,0.0362960646966516,0.999914264684639,0.00401965219069543,-0.786098389933357,0.16234470259899,0.99420150921356,0.00644582120855007,-0.943666317007639,0.130381160351047,0.996148117582602,0.00375241576274513,-1.01265076672612,0.0609057492919185,0.99164655749257,0.00712760948482261,-0.962430256957921,0.0142690413144027,0.999731102233128,0.00278524916059006,-1.05006816531814,0.176458874275243,0.985588836944706,0.00338827060322012,-1.16822946770495,0.0391241430787438,0.858052357811058,0.00380418639934323,0.322174445051419,0.318503734518554,0.849939437200718,0.0121355078937794,0.579119308246602,0.344508736121533,0.853964117461977,0.00918653974607339,0.894233235054359,0.184149490254184,0.84606185728418,0.00429259955499565,1.45276223847407,0.161928117011518,0.830553677422945,0.00790231644066243,1.25524396669263,0.2993795916069,0.841161295902341,0.00514644242939198,1.795103486637,0.0436545081076083,1.05302623894459,0.0050350691638424,-0.946361537817257,0.18859651470566,1.04701511087186,0.0074410361728224,-1.127027434994,0.154346225851414,1.04913678293238,0.00455533307121227,-1.19671683905921,0.0798759173110352,1.04262807688758,0.00911034842276092,-1.14987875748011,0.0173009758567949,1.05331907117687,0.00257901920584332,-1.24384579271127,0.192267541100513,1.03462363002151,0.00409785005497503,-1.3349095971866,0.0454496928182817,0.896725438927242,0.0050966390669785,0.479129613757877,0.3769874287187,0.887730388391867,0.0156027121960407,0.780940347936859,0.400072202763643,0.892821806343579,0.0115717746212969,1.1681244715902,0.215684100016534,0.885570815128221,0.00611084634362388,1.84631507061573,0.192700564470964,0.867122780232993,0.0104253410408838,1.619834089507,0.360612137851015,0.883644174251503,0.00613677404658721,2.12753549915937,0.0459651906271104
8,1.0327651029802,0.00787117625061732,-0.598923321557009,0.16409686551914,1.0272131245898,0.00758514394332438,-0.760886209684521,0.161682591069096,1.03042120897287,0.00483673116476241,-0.765042151678603,0.116432171785797,1.02327495485558,0.0111085071594099,-0.770278240250584,0.0410630852489094,1.04002505284631,0.00124141515110098,-0.785570656723537,0.084015385471158,1.00775109664471,0.00238776844758256,-0.992737907988945,0.0337397282897645,0.94064828727727,0.0116607510373221,0.762990815556943,0.265260829762127,0.939790196225743,0.0203250013027009,0.977597362286175,0.198249005216855,0.945875268578271,0.0125154116059465,1.27985720194666,0.122481561277544,0.945759944499602,0.00718059052593229,1.85783932063315,0.0604489293343395,0.925952824838768,0.0115576046350971,1.78911814709878,0.204749239107431,0.942354793942772,0.00620039813438983,1.98715963486163,0.0189207964948911,0.994842114133061,0.00293330043147926,-0.744068196405376,0.159988528326951,0.988504678865533,0.00708570100962922,-0.926866667814324,0.121285990625355,0.990668663686055,0.00335679953099171,-0.988831958403244,0.0701882179767083,0.987064645539641,0.00686774923343387,-0.914585922163149,0.0404230576323357,0.994631527446775,0.00322326334062106,-1.00736243308169,0.16348884473774,0.980480909017699,0.00340375930352725,-1.06060730761404,0.0230524903153337,0.860947121878515,0.00579873070154804,0.45527624129482,0.300149823647189,0.853995972223796,0.0137898878050991,0.688277284820319,0.280589549890447,0.859440089029897,0.010058752896548,0.99718842548526,0.156512569642128,0.853791455837568,0.00446310802739202,1.53773725276249,0.102608705124395,0.837598641458368,0.00896066856817391,1.41102816743112,0.225452492976527,0.850027364998339,0.00520663482690535,1.83571746514745,0.0334873978265085,1.04689587212685,0.00375584092678953,-0.899316544156145,0.188470958521852,1.0401774094227,0.00818173017924248,-1.11264140473732,0.144786739146909,1.04264676133797,0.0040286194090812,-1.17069925538912,0.0929988238053884,1.03714073870577,0.00880199390283116,-1.09470155597253,0.0530115711000691,1.04725622925861,0.00295029377301068,-1.19732369633845,0.176597106069767,1.02881347699984,0.00409402137332562,-1.20374237389942,0.0269635384552709,0.900771846846625,0.00745362822477996,0.630619792499802,0.354279629719777,0.893090972357903,0.0174623345719507,0.906749504537658,0.320720671051132,0.899866977414586,0.0125785953351636,1.28321873878942,0.183561226736888,0.895295191194581,0.00639568914869801,1.93791193813663,0.120475703122838,0.876090209717307,0.0116803132406822,1.79768567312198,0.27006296727923,0.894048427260652,0.00618579666781586,2.15997411903218,0.0344394568691075
9,1.02857183355179,0.00693154079914285,-0.624224111396515,0.15525237271249,1.02221951897707,0.00798725298030426,-0.817736890314406,0.138316290834408,1.02587502197969,0.00448371122791848,-0.824673449886527,0.127740585232206,1.0191961252117,0.0106607386455898,-0.812644671656921,0.0834826807312982,1.03580486903095,0.000854006051331747,-0.83456867684643,0.0669488860972009,1.00296493004681,0.00239461398595758,-0.987258839053394,0.0182495944134047,0.94627702745744,0.0131088152727829,0.838773952965602,0.229633437353066,0.946062520363561,0.0208266251616374,1.02381132126823,0.134653564445059,0.953142737705469,0.0128809553190997,1.30222152461584,0.11935209716802,0.955142022335998,0.00705763347006085,1.85293654211505,0.0178287819566538,0.935310278293557,0.0120407779564643,1.84440761625227,0.125213545154964,0.952035298301668,0.00612623630024951,2.00862369072543,0.0120870094383015,0.990101800689709,0.00193516311859876,-0.69538269884137,0.148033510312242,0.982986150990738,0.00763821348191071,-0.896930128795358,0.0998403026588975,0.985342437270592,0.0029400095272747,-0.959798072523175,0.077192146125162,0.982705767181093,0.00653361669748347,-0.868804644307133,0.070114400607438,0.989725814279685,0.00378836973894383,-0.968030914761638,0.146446300968008,0.975935120269381,0.0034177371240695,-0.942182486957531,0.00941483978566511,0.864682522597414,0.00756180813029617,0.569222970369923,0.266683126565709,0.858677410974631,0.0149489289190548,0.774861822282233,0.210212718972232,0.865333592532523,0.0107646916188471,1.06348949566452,0.13438722110154,0.861712584893828,0.00453557380746689,1.57013288732146,0.0523952756732546,0.845151506181664,0.00961523076786517,1.49978279736498,0.14886262473392,0.859006559144387,0.00521373019850448,1.86182595602104,0.0350418977515601,1.04113990546729,0.00257420910238784,-0.844358985037393,0.174007228737238,1.03351945344834,0.00881707271749308,-1.0816784168841,0.120848286307975,1.03632318418757,0.00346171969638485,-1.13885088796855,0.102394482362016,1.03190894058324,0.00841130887255036,-1.04210364435665,0.0891477844837901,1.04139854887377,0.003521613604566,-1.1555398261317,0.156777361553546,1.02367466449021,0.00410558022537865,-1.06253244732124,0.0109720239360186,0.905753399182598,0.0095306872526813,0.7562441344389,0.314692728668624,0.899151981687141,0.0187089148772467,1.0023592838949,0.234206069180494,0.907353458911952,0.0133812389515806,1.3517325371574,0.160478063158904,0.905181982171785,0.0064962617394658,1.9634609123264,0.0595592957159044,0.885604603245702,0.0124357430005122,1.89189819925629,0.175605532785313,0.904508403854928,0.00617687644574102,2.1748802587789,0.0378209343053214
10,1.02422848989615,0.00624591273515445,-0.643712566258682,0.128994790987705,1.01693549480197,0.00831239687536685,-0.864224824327624,0.1011751251822,1.02098419154893,0.00424117013953367,-0.886642564462648,0.132105735332957,1.01483447286454,0.010069983785839,-0.868301437349481,0.119062072075797,1.03126270824162,0.000560842153563857,-0.898409459073673,0.0527256940703562,0.998193346144619,0.00247805296589378,-0.98193948023329,0.0125700276693423,0.952322992595286,0.0141936591828291,0.8969989146841,0.178738933676013,0.952534222358645,0.0209057253593501,1.05325678513674,0.0633427442275397,0.960397787107539,0.0131178085706382,1.29677929857276,0.11922887816377,0.964283619253451,0.00676990214658709,1.80380379632811,0.0606877380915538,0.944681053362481,0.0121170687529472,1.84042476957264,0.0549848169379085,0.961754016416271,0.00599976667238146,2.02006896901222,0.0259639238011323,0.985716672353493,0.00114954171036711,-0.642127482396363,0.127132296294266,0.977708502216928,0.00804124716373274,-0.855017225001136,0.0682050761732862,0.980206298143372,0.00253040445738721,-0.923668222468236,0.078994367592906,0.978561296209003,0.00613110589455963,-0.825363058101146,0.0965484732866316,0.985007635726612,0.00436743146159011,-0.930963435785331,0.126704457549002,0.971968706294118,0.00342142658498265,-0.820773033588929,0.014494954372659,0.869106320890316,0.00901230714394217,0.665194312600878,0.217312795121782,0.863802589166827,0.0156583125190475,0.843235870386709,0.134476149411145,0.871460934136782,0.011322889293466,1.10156145610489,0.116065878467773,0.869599208600372,0.00450468348799362,1.56041311457167,0.0450097164772797,0.852905720408562,0.00988412353032357,1.53040076328442,0.0764930663699461,0.868041793675521,0.0051881205286395,1.87778813873607,0.0460782090271044,1.03579338274742,0.00162299017061576,-0.782787464406277,0.147669791588412,1.0271286415556,0.00927848619923042,-1.03469405924647,0.0860714607138751,1.03021352500379,0.00289023151316726,-1.09785230809983,0.104831682962259,1.02692611564668,0.00794850086379609,-0.991374312427398,0.120133229244674,1.03574017515306,0.00413047737108773,-1.11592069758447,0.13443982462891,1.01922181656579,0.00412131672176958,-0.918149635558592,0.015892579643001,0.911468352489951,0.0112300058065524,0.857831845938598,0.256477337002407,0.905678216343652,0.0193999466644395,1.07282669229469,0.140902745703753,0.915046291651208,0.0140058696110618,1.38365521153879,0.143252536117107,0.914944507700852,0.00642053437094773,1.93530542401323,0.0578547284661613,0.895280669563441,0.0127104529050638,1.91286293735954,0.0863514892915017,0.914956061152563,0.00613145101227301,2.17756305301357,0.0523927946795668
11,1.01980727291377,0.00586631797642462,-0.654742063500613,0.0927423180072155,1.0114439227111,0.0084911572193264,-0.896411330775553,0.0547967669404973,1.01576777751943,0.00415591365874013,-0.941387322979734,0.126537474290042,1.01015934828976,0.00937415753763286,-0.93033982793244,0.144803783689076,1.02636535894679,0.000421032587630444,-0.969535660873757,0.046240753084102,0.993436479103895,0.0026174988182547,-0.976472286855599,0.0195198655617931,0.95867261258439,0.014870124212267,0.942634418426587,0.117719294790593,0.95911260032086,0.0205692556774983,1.07027071122219,0.0357545038929669,0.967532332491171,0.0132274140073559,1.27554053387737,0.11474344422233,0.973021017396569,0.00637655742505382,1.724724052199,0.099156978844297,0.953830883400593,0.0118318593475781,1.79315784047549,0.037460209036486,0.971470367479908,0.00583198581827172,2.02296793791739,0.0417639182736478,0.981687741065844,0.00078614364187735,-0.585909406072909,0.100523917101543,0.972740417921405,0.00822999502015525,-0.80206553627318,0.032176354244473,0.975328964332037,0.00216166134823415,-0.877583798714387,0.0732759612381567,0.974626371897514,0.00568005128029942,-0.783446137962621,0.117828897776079,0.980483996532657,0.00489304566224358,-0.89348054549759,0.104501613393173,0.968566781175096,0.00340932254774053,-0.703002465087572,0.0262763654705519,0.874075659041747,0.0100876688912486,0.747600017105437,0.156846022933737,0.869267427453692,0.0159383032394701,0.897564034847896,0.0603787211685539,0.877715682084551,0.0117309994786089,1.12193890932438,0.0979294087508673,0.877292815367016,0.00440900924598622,1.52199131645291,0.0726952612049853,0.860626637261086,0.0098107065504661,1.51778060054798,0.0124889907421812,0.877100081440533,0.00514935047858612,1.88773562731682,0.0592756780086523,1.03086508405325,0.00105650862639952,-0.71658879272445,0.114244440272133,1.02109929002985,0.00949613012468959,-0.972484509812611,0.0499991364655074,1.02440648740754,0.00235651628082409,-1.04353425743632,0.098001047981887,1.02219465135705,0.00743886486033754,-0.940615397482519,0.143917552226742,1.03029626377023,0.00468706234814531,-1.07420519820601,0.109881567248787,1.0154446024147,0.00413562481166012,-0.775219300933466,0.0291141917987395,0.917742105562404,0.01248080471009,0.94161203441291,0.184432789065308,0.912525890121444,0.0195587188840223,1.12354435926005,0.0466745962446053,0.922798680615773,0.0144497420252416,1.39178757114151,0.125880284821874,0.92437775600577,0.00622246924972775,1.86965955580025,0.0969820373172045,0.904821000443471,0.0125543296131487,1.87879511088054,0.0178131735821537,0.925353259116585,0.00606926102925213,2.17320052655876,0.0688328259288604
12,1.01537832067521,0.00582781489328126,-0.655232962576822,0.0566326223916144,1.00583776536862,0.00845775427808389,-0.91283494311902,0.0181907650923704,1.01031907034124,0.0041836436922935,-0.982555416417006,0.112041310278257,1.00517669041288,0.00861914226955211,-0.991091354360698,0.159165221712573,1.02111663935226,0.000503689746239328,-1.04022934183521,0.0536412209526453,0.988703620855028,0.00278925194566567,-0.968909873195508,0.0257586277760878,0.965291499554125,0.0150449556410787,0.978302344433191,0.056157391032307,0.965741652652893,0.0198881861072047,1.07861882469147,0.100471790064802,0.974522799760138,0.0132393345154579,1.25020920307218,0.102559240748231,0.981266595209487,0.00594519358043803,1.63016436119581,0.122162236744029,0.962617567795491,0.0112437970562879,1.72047797545825,0.0834932030270965,0.981150168335192,0.00563347586636736,2.01791638596338,0.0550275231174422,0.978072057245728,0.000965718871225211,-0.527464649584575,0.0706003262413039,0.968141756744656,0.0081655110785484,-0.739647839092474,0.0330532701166565,0.970761016409848,0.00185550419796541,-0.820608758335561,0.0613586003100929,0.970903941812157,0.00521302741096197,-0.74124744103706,0.132243460219808,0.976178315698098,0.00532293040837677,-0.852009975594868,0.0800717630718926,0.965688375043599,0.00337683580672235,-0.594270458470651,0.0358187602906708,0.879569513245694,0.0106932818359728,0.818681716001901,0.08826258692798,0.875006358967079,0.0158529494931708,0.941878734283178,0.0346228354135931,0.884045330638885,0.012012820514989,1.13562395888231,0.0773484818654094,0.884706820829111,0.00430200265380491,1.46866223107933,0.0951941433168998,0.868166180385149,0.00945303218457912,1.47892965258593,0.0429912918820295,0.886168815027087,0.0051144079535901,1.89507379785751,0.0707835052403308,1.02642865938127,0.00105817294111484,-0.646806587109536,0.0773260021018437,1.01551395067019,0.00943005936292996,-0.897024420755822,0.0499671066979422,1.01897057605498,0.00189106414114657,-0.974635170303438,0.0841428058045343,1.0177294976706,0.00691922378520583,-0.887021097480347,0.158745201496197,1.02510507170778,0.00514097456346156,-1.02541474744442,0.0834823817355367,1.01231798057371,0.00413836961486411,-0.637165966680373,0.0396184951398959,0.924534444792886,0.0131654567900023,1.0111064009962,0.101200954327836,0.919603611153371,0.0192654035567275,1.16022202257892,0.0453063167391749,0.930542856979888,0.0147431539767603,1.39019360256538,0.103680318710784,0.933365266086363,0.00597434882726205,1.78351732910394,0.127592339786242,0.914036469497752,0.012035121178759,1.81097431705213,0.0677168144910278,0.935688078470628,0.00600688137572385,2.16625521915763,0.0827660907361265
13,1.01100202016292,0.00610050904161732,-0.645325025831163,0.0521636595894411,1.00023036076247,0.0081463489383979,-0.913392733560936,0.0552199845272464,1.00473068445642,0.00425406058667444,-1.00631981282718,0.0908010391664525,0.999929662817618,0.00785131632315731,-1.04263024833058,0.16174550810712,1.01555372214557,0.000748414774829485,-1.10323668960154,0.0725968456783275,0.984018724812865,0.00296855892070967,-0.95623807761532,0.0276393290139963,0.97210572931425,0.0147099263027425,1.00735522867098,0.0587622869949884,0.972406611261908,0.0189808493627831,1.07993617876286,0.161422650753169,0.981382010569827,0.0131719048587222,1.22826999402846,0.0833703196379836,0.988999913853726,0.00553332822004672,1.53258205242649,0.129693822122127,0.970984246792389,0.0104194020710425,1.6384306982294,0.127928379127799,0.990760790576879,0.00541437110843757,2.00480136008362,0.0649059779770537,0.974864392370377,0.00123390584706973,-0.467129077512908,0.0463520229064573,0.963999771302316,0.00777433488195482,-0.669750632866475,0.0739680899525823,0.966563308132952,0.00160838678399635,-0.752476473512802,0.0461547256969614,0.967407173821368,0.00476953167516742,-0.696377643467356,0.138329326425759,0.972130323419132,0.0056324708551032,-0.802796243561228,0.0552544834009539,0.963271096456035,0.0033196839518077,-0.499033928526577,0.0427412653131472,0.885496911701377,0.0108380384345047,0.882117100236894,0.0177140752025367,0.881008519853784,0.0154808612520027,0.978207686126975,0.0856073534133456,0.890445926899524,0.0121906724184186,1.14992184442146,0.0536248109539313,0.891819622026104,0.00422612784343456,1.41256977659953,0.105273232225372,0.875458461912646,0.00887889769636328,1.4294594919944,0.0884820988785528,0.895250400770708,0.00509637383646848,1.90230868943577,0.0793138123556936,1.02248189390987,0.00128668604135447,-0.574143434068468,0.0478792695989929,1.01048705604773,0.00899822115172148,-0.81091002136378,0.089920054752165,1.01398567071362,0.00149828626566705,-0.891018900911992,0.0675217481715514,1.01355947018171,0.00642942779127713,-0.827444771490347,0.163342360877119,1.02022589785201,0.00546628726186625,-0.964779668855017,0.0576780553565738,1.0098022886031,0.00411809430934581,-0.507159956047799,0.0471297956660333,0.931740277434538,0.0132768593616086,1.0715483161146,0.0148510850593311,0.926886218439834,0.0186311235908442,1.18625415533881,0.119781679298725,0.938269705064656,0.0149101674758889,1.38857417724013,0.0751676153994911,0.941872082571594,0.00573967748805014,1.69215698001521,0.141883351200357,0.922842652379,0.0112325386527884,1.72932895951646,0.124640399092752,0.945968968611777,0.00595654941083466,2.16022146741252,0.092732488641139
14,1.00673289682116,0.00659003292855915,-0.627363408505208,0.0843193330053188,0.99469125087608,0.00760452756704026,-0.899577761693808,0.0969292283518394,0.999104314412031,0.0042916856155548,-1.01091068881712,0.0662420307732419,0.994497046627805,0.0071095099095656,-1.07738501111739,0.153740594816689,1.00974092006704,0.00109626477108237,-1.15244680655495,0.0942681582726587,0.979421623276047,0.00313117417535128,-0.935302591529074,0.0250143068588382,0.979055137927844,0.0139504090780826,1.0289333728562,0.12024643583492,0.979049153022429,0.0180179674724929,1.0779587427309,0.206410028499302,0.988147023522674,0.0130444516798604,1.21367767279521,0.0601578032821927,0.996251895771855,0.00517571024556266,1.44131331239891,0.124564625245999,0.978937553491221,0.00943249400551889,1.55865775681075,0.163565879204928,1.00026883498344,0.00518399422622565,1.98342255728262,0.0713835827155343,0.972048810756415,0.00146013881515743,-0.406601139935006,0.0455146571520301,0.960308699978774,0.00715455996700794,-0.594402094927184,0.112964127446712,0.962791164663303,0.00140155723341865,-0.674129104200995,0.0332287235653982,0.964159053486819,0.00438548016993048,-0.646548691141172,0.135542288439174,0.968391962351068,0.00581417729763873,-0.742864099454149,0.0354893706826522,0.961240797599195,0.00324087137502629,-0.416994809013557,0.0455295632844735,0.8917882765726,0.0105911340603167,0.938272165419808,0.0495827574202752,0.887201187548663,0.0149877323350557,1.01055773761349,0.1287368888662,0.896939908332084,0.0122915015315291,1.16920301989076,0.0288317159792785,0.898661216723238,0.00419862744799603,1.36316518817784,0.104163125366395,0.882501088036115,0.00816488723527306,1.38112234174261,0.124101829695954,0.904357933714001,0.00510375087992848,1.91136946616286,0.0847029252512194,1.01901033297118,0.00154198481874953,-0.500496325038572,0.0477252696176038,1.00602058316257,0.00832193427274476,-0.716969460213243,0.131302973924353,1.00952344083075,0.00117031361041468,-0.79417870340406,0.054663925431321,1.00972528471905,0.00600038554747798,-0.75887777167784,0.157920838520696,1.0157322870677,0.00565838806447651,-0.888884223560463,0.0390592994609017,1.00784153111945,0.00406328928704838,-0.388867612313846,0.0528251850797393,0.939281886301395,0.0128961048076897,1.12369847877214,0.0707034267712926,0.9342889846155,0.0178619874840829,1.20739424022107,0.175872141154184,0.946006469991095,0.014979303232718,1.3930362304973,0.0415169421423737,0.949929792956322,0.0055550627682118,1.60785365234325,0.141211620611998,0.931237632664965,0.0102377110989522,1.64920261336079,0.17002541755812,0.956219700535544,0.00592571510605152,2.15792028171846,0.0985333937727542
15,1.0026311704681,0.00726752063915441,-0.603479377991178,0.117543594062135,0.989302041520926,0.00689636796284285,-0.872374032270627,0.126744876004566,0.993542950253345,0.00423807971201296,-0.996125957946693,0.0440244294444967,0.98898993260785,0.00641904490107385,-1.08866577153438,0.138118960893444,1.00376144637316,0.00151969905831588,-1.18353065404133,0.110629776235766,0.974964553597145,0.00325494637436548,-0.903798441592008,0.0189989333706503,0.986103096931925,0.0128062095098845,1.04071384557513,0.177051425187514,0.985662426992075,0.0171203145168418,1.07399121591929,0.229972171450965,0.994861609301327,0.0128772674125066,1.20700447280571,0.0382039427347405,1.00308793305511,0.00488195906684696,1.36255671297463,0.111257020522278,0.986519339611609,0.0083645355850139,1.48743270601531,0.188558743788499,1.00964181637061,0.00495044110908099,1.95431945073958,0.0747486628544462,0.96965405808262,0.00166738777641247,-0.347508981028375,0.0637614127144636,0.957085781290619,0.00636463102258779,-0.515216084322819,0.141901329908038,0.959488843425281,0.00122179272380171,-0.58766610674694,0.0311642875757351,0.961189732169902,0.00408145752607609,-0.590146618223283,0.124724474321832,0.965018856006302,0.0058764242395987,-0.671113490844046,0.031045840274822,0.959543630852674,0.00315295149219186,-0.341297895883196,0.047630152278362,0.898427023158238,0.00998197599824797,0.986078919497605,0.104716502678229,0.893567453706638,0.0144888882540953,1.04081538718034,0.153137038859877,0.903561430714094,0.0123448512178074,1.19506839846413,0.0175197101089866,0.905298319098612,0.00421410980142915,1.32709276348824,0.0957119066731733,0.889330129696006,0.00739604917752399,1.34084817068383,0.149043974501131,0.91351375275061,0.00514055331736765,1.92421843658552,0.087202332780358,1.0160582531452,0.00181373687055083,-0.426361888102647,0.0664845351812655,1.00214117742348,0.00747149013081223,-0.616699475627229,0.162162194462514,1.00564057011702,0.000920434293170741,-0.687012372216672,0.0519454870483572,1.00628460721692,0.00563488789427059,-0.676498018555188,0.147103896221963,1.01170045331696,0.00573106053626752,-0.79685894029514,0.036545268159669,1.00635862859119,0.00396458488645687,-0.287090132077876,0.0580081599138655,0.947138513395021,0.0120545634378349,1.16649073851013,0.141107527479483,0.941797499552553,0.0171072348362123,1.22637682852817,0.207767414780084,0.953797838712522,0.0149826165523364,1.40612809403636,0.00615217911832196,0.957619351874172,0.00542800172767465,1.53966140103431,0.130145100093703,0.939270818760428,0.00915369513508966,1.57992508399609,0.202020283614966,0.966477140454873,0.00591743255191478,2.1621050359984,0.100464889260502
16,0.998711302209376,0.0080535474566363,-0.575554147836237,0.138104171034895,0.984137309415313,0.00609530991171103,-0.832376187360121,0.141276835215331,0.988146689957742,0.00406019038570746,-0.96270426248246,0.0367685238552565,0.983546566070119,0.00578966367370356,-1.07118732461464,0.119230427312252,0.99770977858672,0.0019748618532274,-1.19397928930227,0.115751580802193,0.970704622194065,0.00332172145667885,-0.861097130013873,0.0135552759528391,0.993167866331966,0.0114263941858609,1.04256362918324,0.217215821691408,0.992233599542258,0.0163794777129563,1.06779221921977,0.230446415593334,1.00155461664314,0.0126849661567889,1.205657014666,0.0317598059877518,1.00959376016393,0.00464357331404547,1.30001451713241,0.0946798546547378,0.993782458407766,0.00730409822529308,1.42656364936633,0.20170980702132,1.01885373035016,0.00472026821133802,1.91945907705249,0.0753701538439101,0.967645359016121,0.00191701139463353,-0.291007887982732,0.0804053665269272,0.95434826651171,0.00549611068293568,-0.434001769012671,0.15727407807747,0.956693127864691,0.00108705546389062,-0.496222060752449,0.0401556628349547,0.958532556474839,0.00385582049941015,-0.526583319526256,0.108107977396134,0.962059463112266,0.00583885571553958,-0.588911048336798,0.0400859248508992,0.958148714022797,0.00303848321519356,-0.275240442902417,0.0515088526524786,0.905335121829849,0.00916875435276184,1.02606214280504,0.143470973354916,0.900098422875931,0.0140766749032228,1.06955998718146,0.157266343284615,0.91034298683633,0.0123772294643997,1.2267102142386,0.0383945152162651,0.911821071530747,0.00425727834134989,1.30859855900752,0.0844276350811724,0.89599822653318,0.0066637526884979,1.31148303521349,0.162835097638525,0.922751056510763,0.00520690068988249,1.94339603888113,0.0871864589527089,1.01360220298592,0.00210428074515554,-0.352870709626588,0.0801982021969748,0.998887538330574,0.00656536164258804,-0.510306114525113,0.178254695112238,1.00238525342469,0.00082257901465884,-0.572590576510645,0.058511318073152,1.00331355154263,0.00532333139667036,-0.576821001005773,0.137152880775455,1.00819852660241,0.00571454650794275,-0.687993497853097,0.043796622039191,1.00524947618131,0.00381751152524637,-0.207875423482273,0.0633305795410653,0.955224331575531,0.0109377347709064,1.20049272788851,0.191608059230587,0.94940332955329,0.0164897582774115,1.24405968028188,0.213621797351991,0.96168607134464,0.014951289819093,1.42729238714063,0.0343012994748759,0.965054932260291,0.00534711362139206,1.49372154002005,0.114197433133765,0.947014713767048,0.00809441388080501,1.52553792706393,0.21955481255287,0.976792025491367,0.0059312539897916,2.17598589266097,0.0989911070444339
17,0.994984440810807,0.008880472271753,-0.545095383266291,0.143994104415953,0.979301150800732,0.00526263065003352,-0.779488424887797,0.140032832835566,0.983008295862475,0.00374813119218287,-0.912524857168673,0.0508184808967246,0.978322633581025,0.0052182841330232,-1.02202874102324,0.10168002719096,0.991687130143629,0.00239687102428454,-1.18255332991262,0.106362384280947,0.966693472009507,0.00331930738860852,-0.808764143778951,0.0176763954735991,1.00017838539824,0.00996793450842143,1.03506389372521,0.238898940925969,0.99873760825398,0.0158419105654645,1.05850870645002,0.208898446216469,1.00824146525591,0.012478574895802,1.20595167161819,0.0457757866829689,1.01586529817186,0.00444492080011212,1.25565952912418,0.0790650899319328,1.00077730726692,0.00634401032435249,1.3754606909646,0.202668519473889,1.02789268418878,0.00449828823774,1.88246057233223,0.0736456153619833,0.965989472720526,0.00226984279562852,-0.237991306577917,0.0889904937352222,0.952144767926298,0.00462760930527683,-0.35315515982173,0.157221896857395,0.954408485359764,0.00103358625874473,-0.403846642307018,0.0512671140774043,0.956217969070044,0.00368809422839579,-0.456700223227574,0.0888580909535467,0.959545149886228,0.00572491419634718,-0.499936387614236,0.0498839385885077,0.956975570450306,0.00288526586519779,-0.228333581324631,0.0566467580239611,0.912455305556294,0.00828459635184871,1.05892224858405,0.165344401372496,0.906799204136727,0.0138096182166638,1.09699465245632,0.141985700411746,0.917308385657921,0.0124119728059961,1.26217979953438,0.0649384586658279,0.918332649438363,0.00431448925321601,1.31009677551501,0.0741208589445475,0.902561845409026,0.0060586506154325,1.29357340781062,0.165883891304693,0.932117145656126,0.0052997439520133,1.97219115254407,0.085079071294006,1.0116160512857,0.0024436120803794,-0.281248981448669,0.0837594191658849,0.996345163181765,0.005713195553215,-0.401164144052096,0.178400060075204,0.999779094943093,0.000966448070874954,-0.452672941719934,0.0708636482348401,1.00089193496721,0.00506761967417561,-0.461425351971389,0.126584138547613,1.00530584152499,0.00569887956715628,-0.561583163688766,0.0466619267359063,1.00437904709055,0.00362447933380649,-0.157902119417601,0.0685038033384626,0.963474695404271,0.00972151025832085,1.22657712582299,0.220863109055794,0.957106999819024,0.0160887038446442,1.2608708790791,0.194001428694657,0.969707927740699,0.0149143103508303,1.45438807316779,0.0717053274862103,0.972370482298368,0.00529546485594662,1.47377995415799,0.0982525343806664,0.954547703225702,0.00717899438410067,1.4869429409314,0.222746976447935,0.987231234966203,0.00596411928842548,2.20335046583564,0.0946590944372538
18,0.991471100901495,0.009659691618272,-0.513777247417342,0.133013965635274,0.97484976917147,0.00449698300496769,-0.714032285223471,0.127925858210588,0.978207481891033,0.00330656113937715,-0.847791335969658,0.071544937461307,0.973474444095105,0.0046956803911646,-0.941970024484937,0.088650619422346,0.98579921161782,0.0027143067440609,-1.14876559809078,0.0827757539598817,0.962965991526981,0.00324299976429863,-0.750659814568467,0.0293859451754831,1.00707862206626,0.00858226741938204,1.01780526485181,0.239705612564623,1.00517767632866,0.0154580622844251,1.04813212649578,0.175974380195806,1.01492221033273,0.0122759469173572,1.20524523815533,0.0669893896153625,1.02200136775192,0.00427203534093334,1.23021570700861,0.0672356214261344,1.00754885690118,0.00557241867310379,1.33309493054532,0.192362300554212,1.03676033881996,0.00428135905736489,1.84375532999441,0.0709254964734425,0.964673641220005,0.00267397509304262,-0.190186859127079,0.0863198376702498,0.950433257327673,0.00389232416532872,-0.273233526312273,0.146051848933811,0.952614576922473,0.00110006917225972,-0.314721910478185,0.058989208717122,0.954266872550255,0.00355029392162529,-0.380630869436168,0.0726398378093644,0.957482424250863,0.00555276491849979,-0.409584528183135,0.0564625174357992,0.955908048910501,0.00270021607452817,-0.206503677638692,0.0609649211241599,0.919756715852164,0.00745644995111499,1.08448439231496,0.168986863079621,0.913669095493088,0.013664382372904,1.12575616818498,0.116005520638469,0.924471806175707,0.0124728604726296,1.29977647991161,0.0913585484301591,0.924941234411662,0.00437852253149861,1.33257575267417,0.0670485698046937,0.909077596146832,0.00565505476438667,1.28707194056384,0.159909773822157,0.941672158571264,0.00541051810197553,2.01200379565261,0.0801170447286704,1.01010135154141,0.00275163161094544,-0.213638491703751,0.0762976989985159,0.994473428638689,0.00508508219606174,-0.290354409190978,0.169336479137659,0.997832299863766,0.00132907115418003,-0.329169201064925,0.0874388301017866,0.999077996332172,0.00486318250979461,-0.333932257159986,0.112670755814481,1.00306896968626,0.00576452342592711,-0.426782549126377,0.0495840846109036,1.00358228295722,0.00339486056447495,-0.14344605487162,0.0725635421451223,0.971854411934095,0.00857627749137289,1.24438011029863,0.226722301898256,0.964921773542635,0.0158745137282612,1.28063357843234,0.15975089678681,0.977889689690223,0.014901997490348,1.48544278193711,0.107913366503594,0.97970889242927,0.0052598122751194,1.48162394905919,0.0856521448697646,0.961948336550898,0.00651542264014179,1.46407499527486,0.213404029332668,0.997875275808637,0.00600797806833008,2.24582271976352,0.0872176269414426
19,0.98817508559812,0.0102699482330834,-0.481219133046873,0.108123940160039,0.970835561099713,0.00379826898203289,-0.637887828807524,0.112381539822748,0.97381308003963,0.0027587290859586,-0.770844275011209,0.0895210428889947,0.969136725070431,0.00421398901722399,-0.836356407595021,0.0806635329350076,0.980153794972093,0.00286795789142248,-1.09282761603762,0.0507345820235687,0.959530558226324,0.00309635019939492,-0.692451162192644,0.0421455666406689,1.01382551465123,0.00741139369348287,0.994166247425949,0.224203880554779,1.01156299703708,0.0151732842487627,1.03971557256044,0.136794780925454,1.02158864163659,0.0120911466786833,1.20317086133038,0.0881169874879037,1.02809433802318,0.00411053783200155,1.22148442527863,0.0601857995264219,1.01413946560114,0.00505397071981888,1.2990503627779,0.173401659626696,1.04544938553199,0.0040374409954715,1.79966875603547,0.0723595570238553,0.963659682595901,0.003016745847433,-0.14460052790677,0.0722503205503093,0.949184333720393,0.00333127884335945,-0.194111515116386,0.129099495378461,0.951274953976801,0.00127567754879683,-0.232879721853848,0.0608327843922251,0.95270562836307,0.00342301074563385,-0.297080947330936,0.0664803189290736,0.955872879325302,0.00537137108668317,-0.311897213843907,0.0456999431528337,0.954808796645633,0.00249610690497232,-0.214004819316412,0.0633765531959603,0.927199400101739,0.00683391620258232,1.10565081375606,0.159202836985639,0.920721105716333,0.01362182305018,1.15807286930991,0.0864949891914042,0.931842713929836,0.0125784894560192,1.33889073916588,0.115295830703617,0.931751312540218,0.00444464245255883,1.3748049079634,0.0626961436789292,0.915603659774831,0.00548986308393137,1.29227360698191,0.148237753843296,0.951473065355091,0.00551346744429298,2.06068701612047,0.0698105322840295,1.00901947079807,0.00290927098588276,-0.149482604612759,0.0652055389087995,0.993254555006927,0.00471782208274719,-0.177033182549024,0.159766141658927,0.996535463934851,0.0018211085021901,-0.208713807713009,0.0997107393487221,0.997885360801048,0.00469987670662553,-0.206971932758599,0.100913299472536,1.00148780107632,0.00595986194473488,-0.2928683227631,0.0634421258636257,1.00267041498956,0.00314313517178098,-0.169291062391481,0.0743389962161007,0.980321896237173,0.00769968962610332,1.25750214284641,0.214703909400654,0.97287660776804,0.0158082335044761,1.3062510376582,0.119702896680576,0.986250460828441,0.0149400402968733,1.51968336813663,0.1405467345696,0.98721056443382,0.00523030032154441,1.51628066750092,0.0772813850758611,0.969296492945632,0.0061709263067161,1.45717474235172,0.195433722962449,1.00880048159871,0.00603794165638432,2.3010791780755,0.0755678170961249
20,0.985095411771876,0.0106626498248689,-0.447979535287377,0.0746010478990802,0.967309474592744,0.00316018910736089,-0.553391846229972,0.099580431146346,0.969879332197499,0.00214069800452703,-0.684656822639734,0.101189141233258,0.965401318332597,0.00377198909651012,-0.714611515887004,0.0759419657526883,0.974855462705224,0.0028274712090637,-1.01622574204305,0.0330048057179103,0.956364631473438,0.00289049296309544,-0.640218060919662,0.0531915626352494,1.02038729822825,0.00656937056248125,0.96655141243523,0.195418470794755,1.01791165089056,0.0149466784497163,1.034461319567,0.0974343828892752,1.02823039884221,0.0119317421161105,1.19882230131648,0.105805939775401,1.0342110928504,0.00393503198724798,1.22388353125515,0.0557882290251477,1.02059294402953,0.00480690816029484,1.27372402980212,0.150018524620684,1.05392794805679,0.00373660097182812,1.75308856603488,0.0736933013072069,0.962931725488408,0.00322547557346089,-0.101943049090593,0.0537991020877591,0.948390083977796,0.00300037170073028,-0.1164288014505,0.111836756042826,0.950339562651497,0.00151319735697079,-0.157294696660846,0.0608588021889742,0.951546821151218,0.00331658280763837,-0.212898166916502,0.0661527552285624,0.954721460313124,0.00527841391361503,-0.21773197117845,0.0276528663111527,0.95352813620547,0.00228749864202951,-0.253176667335043,0.0631326679437079,0.934763051640298,0.00647110041161653,1.12424949451328,0.139518195093331,0.927982228861383,0.0136594377938529,1.19493702250794,0.061877727583494,0.939427760283513,0.0127394853598094,1.3787527554519,0.135093075227126,0.938849733276279,0.0045001365668007,1.43283825744607,0.0585778398916831,0.922202431885438,0.00555258231140553,1.31001374389068,0.135514131637441,0.96155457457744,0.00557633142007314,2.11648819009933,0.0584664850256888,1.00834393399228,0.0028958315237858,-0.0885642704011046,0.0609523071081827,0.992691992087998,0.00460431462543414,-0.0643766906830557,0.148218647460904,0.995853469539237,0.00235237526567577,-0.094696808466145,0.0982880880382219,0.99725854766456,0.00456648679031888,-0.0934994733081874,0.0906283017741606,1.00053095418615,0.00628752230996901,-0.160177431675713,0.0775638593744965,1.00144350863138,0.00288535838603039,-0.23733333453924,0.0731116184077788,0.988858017141055,0.00718773972643784,1.26841688478722,0.188674093452549,0.981014747487404,0.0158493424663753,1.33919954791103,0.0833747006617638,0.99480595180132,0.0150451929321883,1.55622646588925,0.167348593622639,0.994996584799781,0.00519115809167854,1.57348944322784,0.0713456781315674,0.976676451237193,0.0061466029589779,1.46711457346544,0.174693355994794,1.02005757825051,0.00602313486118179,2.36671556424115,0.063486578584347
21,0.982232892178171,0.0107444696510008,-0.414137592964678,0.0453792564943763,0.964335757463862,0.00254978517034042,-0.463141433166777,0.0939783345918783,0.966471367676926,0.00147078026230799,-0.592790877488388,0.105234154568454,0.962304224331321,0.00337656166327571,-0.588302999641588,0.071913859216976,0.969996929167809,0.0026016226463044,-0.922358155528394,0.0564060740456107,0.953418957313276,0.00264156338329602,-0.598725305977355,0.061255052738244,1.02673425702382,0.0061113980282488,0.937293827103238,0.155370000625063,1.02423215608948,0.0147526943736664,1.0329123158453,0.0618525842814236,1.03483370315619,0.011796225740181,1.19158384005694,0.117981582194499,1.04038340852601,0.00372913101156967,1.23188012857982,0.0547125429207903,1.02695785069013,0.00479699207767712,1.25815250361687,0.127213782059429,1.0622119002804,0.00342429996008986,1.7123540639271,0.0709279652944139,0.962455158423459,0.00322511606649233,-0.0654270937683738,0.0459616305263189,0.948036479836499,0.00290544572805439,-0.0459691876626025,0.0988959048447268,0.949787832517683,0.00181302385232787,-0.088885707532898,0.0617553561816051,0.950740263093252,0.00323253446467087,-0.141340243923112,0.0605934264040758,0.953963297312832,0.00529811179414737,-0.13912706636077,0.0254446217668853,0.95191739750947,0.00208707026866195,-0.323525448755144,0.0600223809800478,0.942436770352763,0.00640269179101834,1.1420049570198,0.11319045666736,0.935487724694167,0.0137588691013369,1.23691188299251,0.0521930313661201,0.947245188057036,0.0129605111295116,1.41878650683879,0.149173785374361,0.946295625560559,0.00453053078434536,1.50154190286579,0.0551926779351847,0.928942540167536,0.00579951435395781,1.34151909216135,0.126315961741443,0.971954217641117,0.0056022552177559,2.17982613283952,0.0478282710549011,1.00803915942873,0.0026591764667208,-0.0329147588264119,0.0760134419806957,0.992783184790269,0.00466338113390088,0.0390160429614653,0.136255654156119,0.995747450008721,0.00284463515589457,0.0044407850968661,0.0822471148063063,0.997075746139647,0.00444976787646938,-0.00691173262644723,0.0805725708335248,1.00017729647861,0.0066646929317024,-0.0311008547615775,0.0793172801119296,0.999709354210344,0.00263501621624274,-0.345506538276844,0.0688963692085054,0.997453743759154,0.00708037398791967,1.27941187859278,0.152153324061734,0.98938583347558,0.0159671863715618,1.38042732099799,0.0628837461680835,1.00358337439298,0.0152246064717592,1.59442975597716,0.186214930522796,1.00315607473695,0.00512623006624227,1.64728760200229,0.0679183004221841,0.984179250123146,0.00638625886456715,1.49522936576368,0.15761736272221,1.03169461777467,0.00596907196290234,2.44203138910122,0.0524186015037016
22,0.97961926757641,0.0104890191677412,-0.377997396843604,0.0565480226263089,0.961959087789854,0.00200672904532623,-0.371023094417142,0.0946181803078613,0.96357845480389,0.000816556808008184,-0.498923411850216,0.101866087550797,0.959824744805896,0.00303973846260422,-0.468593575958016,0.0663885028839166,0.965648623998028,0.00224214275762116,-0.81675773593862,0.0846431138983933,0.950628251936587,0.00236697726162138,-0.570443614823043,0.0660060276373885,1.03291215918327,0.00594802869711842,0.9108560864578,0.110470991634898,1.03057209444265,0.0145841923677232,1.0347336307981,0.0308691373650658,1.04138915760887,0.0116766171901685,1.18270392561079,0.124501689952952,1.04662904950394,0.00350158602222066,1.24486578599713,0.0597984089056979,1.03328921304919,0.00496007366249306,1.25332884717434,0.108721209881031,1.07032512712376,0.00312242980510277,1.67782212166117,0.0686485699496754,0.96220324178964,0.00300076654522004,-0.0341551141207038,0.0597916494041679,0.948086622086952,0.00303476172728958,0.0164695145795349,0.0952437133140972,0.949542921976166,0.00210931734596649,-0.0333527277929546,0.0599538593832465,0.950187680496744,0.0031527034362642,-0.0923387773952994,0.0508999558131928,0.953495961372882,0.00540784958675786,-0.0763228194753985,0.031556441387855,0.94984356231754,0.00190258128260761,-0.421693331937103,0.0544503273344834,0.950252034137573,0.00657016760455464,1.16216302329888,0.0881394080552709,0.943296773081313,0.0139252670099603,1.28347735119891,0.0591549191431786,0.955285721690282,0.0132269880930922,1.45949267703504,0.157079138599024,0.954125955422292,0.00453012161298511,1.57747096060583,0.0538881964493538,0.935899522896308,0.00617915101600571,1.38795236410102,0.122739520452917,0.98269100952602,0.00558812527750515,2.24632922789889,0.0368078969295206,1.00808977581317,0.0022286123857303,0.018457033631371,0.0983114488431805,0.993450809110159,0.00487932638853082,0.125291932943824,0.125236275742371,0.996074608928769,0.00320608906314771,0.0815678756633376,0.0572841580069577,0.997158340010729,0.0043322479788071,0.0418852636051418,0.0701829664867416,1.00036459153664,0.00697335233929169,0.0788399339886924,0.0668712000931574,0.997303638082219,0.00240010066962665,-0.487812319754436,0.0624979021642534,1.00616040069449,0.00727740519603197,1.29481974363766,0.114514539358129,0.998076174560923,0.0161594512859889,1.42933292728165,0.0655604279626529,1.01258228676052,0.0154640395864372,1.63488923688385,0.196565298220739,1.01175004308494,0.00502865650809172,1.73304731651397,0.0684123140143126,0.991903325582804,0.00681441173779953,1.54278007777184,0.148303991063816,1.04373309241845,0.00587543922471746,2.52095877687572,0.0427291104862195
23,0.977256796560608,0.00994119031365703,-0.339049934106797,0.0937613629993619,0.960126171489461,0.00154709114568416,-0.280148468328669,0.0974486537827031,0.961200547322223,0.000221230808045146,-0.406403110286983,0.0924142420008672,0.957894951618935,0.00277259369443147,-0.364218155788393,0.0580451158583744,0.961848844503222,0.00184051335518428,-0.706561131201261,0.10003044320973,0.947923013468349,0.00208257270651386,-0.555662936082867,0.067636669878463,1.03894591308027,0.00597061311478359,0.889189341173854,0.0676886467809976,1.03694144217442,0.01443596841872,1.0397335028276,0.00625821221477894,1.04789869316789,0.011558312449242,1.17395219163708,0.126298948289379,1.05296369892968,0.0032529868587016,1.26232978901482,0.0663993145880326,1.03962943180982,0.00521652699443545,1.25358852650527,0.094036166884893,1.07827289325046,0.0028282954346866,1.64284632230767,0.0678599996824684,0.962136896482255,0.0026004196618339,-0.00544986114649576,0.0799254748895776,0.94845130245754,0.00326368827427005,0.0697918076402784,0.0904976050083923,0.949526912234795,0.00234175212661298,0.0108220785921534,0.0400758418622314,0.94974241444059,0.00305781720581132,-0.0744467640176448,0.0416834804036855,0.953260485543422,0.00550432747337278,-0.0231738804685805,0.0306780517578306,0.947201452234581,0.00173620883315524,-0.541858596182102,0.0472468283187114,0.95822380408036,0.00687441766802485,1.18587959372124,0.0741672176226658,0.951403928736418,0.0141429620956611,1.33389810354639,0.07213746405039,0.963560111883542,0.0135204239903031,1.50174084380524,0.159226897849203,0.962360013602103,0.00448768787049146,1.65716598664779,0.0523792702768327,0.943145093252945,0.00663973251154964,1.44672812900923,0.121621680549195,0.993748607640338,0.00552105084792576,2.3077274706062,0.0272218622025973,1.00844746159573,0.00171459845713122,0.0637450649672127,0.117116732544384,0.994524032866626,0.00514358018484178,0.190825829894798,0.113285904094215,0.996695968786173,0.00339566877822854,0.131869191867986,0.0262577419298858,0.997291766848406,0.00419385467352125,0.0465503346814728,0.0602567108291914,1.00093633090834,0.00712554018491167,0.153666333373822,0.0540382443238156,0.994106144425576,0.00218318903744923,-0.655029359378629,0.0551686139927221,1.01500660864476,0.00763580576988773,1.31606678134312,0.0888983395995302,1.00709340109099,0.0164086118712899,1.48474020076029,0.0808462531072026,1.02182389163692,0.0157415671327422,1.67873334439037,0.199184951992384,1.02081485438496,0.00488712830970298,1.82591272271434,0.0705039090945996,0.999943033978514,0.00735805880738999,1.60710977643508,0.144734510557074,1.0561487552228,0.00573216000002544,2.5930100934181,0.0368749852197104
24,0.975167593986973,0.0091227308563072,-0.297235723595556,0.128177674427444,0.958815328476001,0.00127522542407156,-0.193669859144316,0.098467109823004,0.959336331306255,0.00029742369206894,-0.31893266847123,0.0788969578633791,0.956414768912907,0.00257954980577783,-0.280544327740665,0.0464576348362072,0.95859683556045,0.0015046175806539,-0.599941882791146,0.0978885956821385,0.945236746273877,0.00180148539577432,-0.553773860269151,0.0664521090118166,1.0448542755131,0.00609912072956361,0.872831793122861,0.0395492549535141,1.04335632973523,0.0142990009370371,1.04730625155258,0.0140713435405325,1.05437411325048,0.0114235500404636,1.16707561745373,0.124558304257826,1.0593896370403,0.00298015001200597,1.27985383985865,0.0743765198966524,1.0460035858922,0.00548539432711234,1.26015081633014,0.0792562552363243,1.08601870217992,0.00254180360927341,1.59815516012861,0.0689930127034751,0.962240498397928,0.00206373723860608,0.0205737752353487,0.094651156216136,0.949056280074543,0.00351548609322161,0.109119912716626,0.0783829786557109,0.94966361116212,0.00243204657954339,0.0344500700575573,0.0172876715354397,0.9492398995005,0.00293135776539808,-0.0898460647363962,0.0352345589090311,0.953180016596473,0.00547125099173862,0.00986505108271281,0.0407685646521939,0.943920857364927,0.00158634876022066,-0.676722839494172,0.0395574453495575,0.966373899763785,0.00729323226931552,1.21307097076055,0.0761007506039535,0.959826847972844,0.0143920323993053,1.3870775945114,0.0825709423152156,0.972091712407253,0.0138097178505262,1.54620456740184,0.156047159046212,0.970993768050589,0.0043885626677859,1.73518021783095,0.0521446343485951,0.950738958096045,0.00712805919990994,1.51730784415481,0.118842718092933,1.00506277023094,0.00539142475647843,2.35384680273173,0.0237976863238477,1.00906444356368,0.00132382368541569,0.101480848702318,0.123685005342074,0.995862819784752,0.00539167997367683,0.231527800015207,0.0996190062817122,0.997458367185782,0.00338342367395296,0.150902738764808,0.00936899705947258,0.997251292260681,0.00401634175375096,0.00603512189959021,0.0529820434165696,1.00168099798774,0.00705620435480254,0.183778490762784,0.0716626830376651,0.990049277466782,0.00198402683376112,-0.836210273642116,0.0482669405184475,1.02402491387397,0.00811746050793027,1.34302415158626,0.0867396294361831,1.01646860434869,0.0166931541613824,1.54516881604069,0.0949824747359231,1.03134474770395,0.0160202022923111,1.72696177235692,0.194895560518562,1.03035587164667,0.00468886604705634,1.9188840251388,0.0751971734464832,1.00837901942513,0.00794989562312244,1.68734889370199,0.141700227328513,1.0688575221893,0.00553200746054608,2.6454863898277,0.0377534965501351
25,0.973377840701392,0.00811006897966351,-0.254537922545358,0.152423759332238,0.958009976194463,0.00125735918543299,-0.115460945095875,0.0949359327634608,0.957926242049543,0.000694942596510883,-0.24024458255659,0.0632537717319568,0.955268415307617,0.00245666256205103,-0.219611512420511,0.0318345784489575,0.955849373149652,0.00129685725732641,-0.505320796181785,0.0796798134650256,0.942505974261868,0.0015340270087153,-0.56476232237057,0.0627455044238625,1.05068425727597,0.00627580584939666,0.858992219137015,0.0350407954940759,1.04982589129042,0.0141564273322223,1.05633493654864,0.0251689459602245,1.06082809890903,0.0112514870593552,1.16193262545729,0.120851618673278,1.06588447279143,0.00268953524693798,1.29241044379458,0.0836505711332873,1.05243618779643,0.00574160822572665,1.27142241337483,0.0720620709206999,1.09347456446602,0.00226356923928983,1.53266189296418,0.0728906088177069,0.962493148813134,0.00147828891572886,0.0418799648667922,0.0960227123851042,0.94979558169013,0.00373269832924261,0.127065982364756,0.0629276597076965,0.949820737316838,0.00238545612628889,0.0349430551080044,0.0158944303862122,0.948519757175324,0.00276173197284381,-0.137076889021847,0.034828439470286,0.953101005679657,0.00525491614809093,0.00635160465712505,0.074908967923548,0.939967260352173,0.00145095494948142,-0.818797463460665,0.0329163000365177,0.974729148667324,0.00777333356814692,1.24074496060339,0.0839220559192844,0.968590307216131,0.0146363164796777,1.44134070593365,0.0857373926209249,0.98088251724496,0.0140727344298633,1.59165734945088,0.148240887991812,0.979993227099734,0.00422318630396117,1.805555831201,0.0555880506230179,0.958731514476892,0.0076128652203276,1.59697606566066,0.116624291006188,1.01651273446797,0.00518760530661155,2.37277924668423,0.0315225764842268,1.00988159721217,0.00126566243624496,0.128420654771742,0.115326359333765,0.997303739796926,0.00557950426117368,0.242440891057592,0.081920933983505,0.998174860242943,0.00319588251168965,0.13777612973678,0.0396892700503768,0.996826670510913,0.00378747315159187,-0.0759307079092473,0.0510195276927737,1.00235112470433,0.00673731494715573,0.162627030247042,0.118048769065521,0.985117186409924,0.00180301713849382,-1.02057051422735,0.0430740182102589,1.03325955533575,0.00866476745363632,1.37185992466588,0.0968614477653358,1.0262394474132,0.0169741281060715,1.608560903926,0.100511044381453,1.04115788467864,0.016271424211845,1.77816437735012,0.185048165195788,1.04034018565637,0.00442914470226632,2.0043288036985,0.0837267739543676,1.01727916346476,0.00854941084928466,1.78006737105039,0.139914700284332,1.0817069948834,0.00526509804375094,2.66401832680687,0.0465854616731049
26,0.971863925047554,0.00700386216759696,-0.212541307325851,0.165477533562481,0.957643946272901,0.0014793227321423,-0.0489321792890016,0.0865160566342139,0.956906647983107,0.000999188945719376,-0.173311108212105,0.0472766001838051,0.954339050742016,0.00239431603586002,-0.180838778896248,0.014725846253869,0.953524294154592,0.00117404282334616,-0.429671653818576,0.0534932797959168,0.939660896704437,0.0012856400255297,-0.59034595185027,0.0571829384616456,1.05643129093993,0.00647410095481585,0.84503824158071,0.0410702919958486,1.0563511970063,0.0139697038369809,1.0632731426189,0.0311707880049187,1.06726257429946,0.0110183967758557,1.15663320931456,0.115847826241125,1.07239969782525,0.00240386774004869,1.29486814580527,0.0941205089597611,1.05894589908777,0.00598177078334599,1.28747869525604,0.0664358458269755,1.10048297701872,0.00199008064142646,1.43461025145408,0.080520080935807,0.962846183391642,0.000964556792988964,0.0562997371671479,0.0837489753433554,0.950531137207716,0.00388506252623847,0.121747943191293,0.0469243741085617,0.949870150311189,0.00221004414321602,0.012004321113793,0.0371087064847703,0.94744112560262,0.0025440448286413,-0.211843116092362,0.0412274236525126,0.952830888672545,0.00485587161400512,-0.0365611439571747,0.114907471074492,0.935319118813838,0.00132481407920448,-0.961562239364605,0.0290292769549748,0.983263115494142,0.00827301325432732,1.26614457327651,0.0886343848784372,0.977689713108928,0.0148088084988766,1.49272937976231,0.080050619532811,0.98992564730173,0.0142778576098904,1.63527972068119,0.135366199886578,0.989293633207557,0.00399103559481003,1.86236029745471,0.0642412546340065,0.967156659182703,0.00807286252564857,1.68290924722408,0.111556454479976,1.02791090332338,0.00488900918806313,2.35128841396486,0.0487095577625838,1.01080811024928,0.00148875273704356,0.142547782352115,0.0944228071809662,0.9986589687627,0.00568359642064843,0.222178101964633,0.0647708940309355,0.998671248106369,0.00285535371237877,0.0929465508949711,0.0684385415808866,0.995841510782077,0.00350247283634973,-0.192089938914673,0.055514157964969,1.00268304596266,0.00619114309785141,0.0879633541922116,0.170691170515083,0.979314924007912,0.00163447725570886,-1.19899296308545,0.0403682448805028,1.04268590232998,0.00924105946817559,1.3991304873826,0.105053162981388,1.03641057668897,0.0171696695694576,1.66988739221613,0.095292015187085,1.05126491549704,0.0164569502999728,1.82899904481362,0.169400402433611,1.05069536456327,0.00411703516654534,2.07455208657617,0.0966173070233487,1.02668980013676,0.0091275866326403,1.88141994716824,0.134694061742604,1.09446583209545,0.00491036217248653,2.63310145320014,0.0631772199066038
27,0.970614985304599,0.00586757079517852,-0.174418938455087,0.167657344098162,0.95761354756178,0.00178033123568861,0.00299608959583061,0.0721893011714351,0.956201860599914,0.00121133426630966,-0.119949961410079,0.0334764819705894,0.953519188755871,0.00238184006314077,-0.162101777170777,0.00422175240779543,0.951514701391239,0.00104132870059526,-0.376434518571922,0.0379107392938306,0.936629784010342,0.00106171186167279,-0.632254156904831,0.0504288840803405,1.06206836699421,0.00666274544716912,0.826940553881856,0.0422132914710123,1.06288826774567,0.0137006431490603,1.06307891948868,0.0369994379978125,1.07365743043942,0.0106995505635272,1.14695033635709,0.111252387485348,1.07886078930636,0.00216886734650986,1.28177968102528,0.105884170972793,1.06554579703956,0.00618229168031929,1.30599132552448,0.0576631225305533,1.10687439128086,0.00176246676036211,1.29850479516454,0.0890067617483302,0.963222948863551,0.000593399236041669,0.0579471821145944,0.0630667979110387,0.951108817976826,0.00394591913258266,0.0931352222685283,0.0292707728360279,0.949686848066445,0.00192516576449617,-0.0335612292801851,0.0569932000191446,0.945893052063493,0.0022801842287287,-0.308044412549796,0.0519616736748992,0.952179110436352,0.00431184040053357,-0.117707078461816,0.151834608882372,0.930014697133304,0.00122089060678724,-1.10051617337831,0.0291470783256495,0.991944246555058,0.00876370744866414,1.28491127360841,0.085527543324844,0.987066575724666,0.0148849014362306,1.53556439181246,0.0640826989848047,0.999188473101088,0.0143899680333507,1.67203498223075,0.117857207553631,0.998800020366648,0.0037024418809181,1.89940240605384,0.0780572487284006,0.976028621505918,0.00847739247015807,1.77059447766493,0.101733757046185,1.03902730829442,0.00448691550584249,2.28184378383559,0.0692560354268976,1.0117309105545,0.00169441684160719,0.139249176441617,0.0658777393994161,0.999730387689243,0.0056724353823166,0.171933901224019,0.0482191412656107,0.998783393121235,0.00240136536295833,0.0186364481937616,0.0920230161589724,0.994165365682372,0.00316310715826253,-0.333142374634261,0.0653300835979736,1.00242310428616,0.00549395893307454,-0.0371257304860633,0.217390944018978,0.972722842495717,0.00149852607819906,-1.3660823840801,0.0406376007115515,1.05227346662049,0.00982182293721226,1.41970763787664,0.104191296929316,1.04691854653829,0.0172523771018434,1.72205993264748,0.077837477650668,1.0616360351265,0.0165347832677701,1.87334220660293,0.148666947001492,1.06131005874815,0.00378071343247866,2.12161923282775,0.113744286227501,1.03663156474649,0.00964552563304392,1.98565352662905,0.123302658593337,1.10685653481712,0.00446099206642157,2.54436029531993,0.0830723908114806
28,0.969595811521293,0.00475433423076494,-0.143204428307836,0.161094105592521,0.95781471049557,0.00204603919028579,0.0387232938065142,0.0534974203938547,0.955728372020039,0.0013453697339849,-0.0810640623166505,0.0257429594708285,0.952715543090288,0.00241133755898224,-0.160870399239853,0.023781428169901,0.949710255239924,0.000856352107428611,-0.34454009630315,0.0484550699950567,0.933336116803562,0.000864902129871459,-0.691159898365313,0.043783508791295,1.06754611855207,0.00681158041356602,0.80029755581165,0.0366443249849328,1.06936820007799,0.0132988974640646,1.05062412556421,0.051703496048208,1.0799612018022,0.0102732958790378,1.12718558526532,0.109974956311033,1.08516815276669,0.00205846915638805,1.24804640427846,0.118424074635428,1.07223026088212,0.00631218533434262,1.32229161478363,0.0460268080578054,1.11245802837254,0.00164431985602897,1.12280881243186,0.0957818778846387,0.963514110930279,0.00033554144504656,0.0431831317557356,0.0403109897018778,0.951399252878505,0.00390337012345958,0.0426432392203281,0.0153097600423271,0.949155972869278,0.0015610285333483,-0.0995976548445932,0.0727617039090646,0.943799654385048,0.00197940485069513,-0.418780606557472,0.0646764469296646,0.950977631575467,0.00369558350435211,-0.231984392174714,0.180532090494814,0.924086811756266,0.00115351659791053,-1.23437976448274,0.033504664425103,1.0007077806639,0.00918265080838636,1.29237066692183,0.0742851058807386,0.996636829221184,0.0147918603166431,1.56408015970234,0.0426174861733486,1.00860257435932,0.0143748179697103,1.69538754258044,0.0982380265312789,1.00838811532407,0.00338475314182245,1.91080096444336,0.095555484809947,0.985333482516145,0.00879289000748647,1.85404963343837,0.0882765503185148,1.04960764216675,0.00398783660370481,2.15944548233908,0.0898328299975283,1.01250452799892,0.00171329226984471,0.114460627259348,0.0428726543175037,1.00035829682011,0.00553927400193717,0.0946384523571461,0.0379755036110054,0.998367547213359,0.00189514248998603,-0.0810170132232219,0.109064057938469,0.991718515693245,0.00277714783632929,-0.489129536252655,0.0785872673956848,1.00135418686676,0.00477122741229334,-0.204552904889836,0.251516084241758,0.965410121066675,0.00141096002684069,-1.51889862307223,0.0431320684464828,1.06195356151532,0.0103358515717473,1.42801257295202,0.0934840683650253,1.05766734721923,0.0171347222248091,1.75790352494193,0.0546601855138213,1.07219697877431,0.0164643977393487,1.90304248165314,0.126057033264731,1.07203576710553,0.00347839891428475,2.13809054171657,0.13389763132805,1.0470902047808,0.0100607035555969,2.08540211250149,0.106605109956952,1.11857718612435,0.00392808841621579,2.39280323770583,0.103191933882827
29,0.968741872607411,0.00372937292282449,-0.119489707509152,0.147570483376716,0.95813990098281,0.00222813320601796,0.0560941923971002,0.0325795679744228,0.955398888535307,0.00142132358480723,-0.0571660561330367,0.0270100284437116,0.951848442741362,0.00247897287945666,-0.175099598108238,0.0428762183287506,0.948018763582309,0.000669908210604696,-0.328878770025716,0.0654691611207532,0.92971038682648,0.000700805238755687,-0.765036922620766,0.0388755571440319,1.07280777700088,0.00688644328572728,0.76372637482731,0.0255716055888985,1.07568800834065,0.0127307576682204,1.02006996699443,0.0772006039152893,1.08608783085709,0.00972451745727397,1.09097520446741,0.114991105728561,1.09120155277947,0.00215203281200521,1.18955900592479,0.130744800475456,1.07896742671912,0.0063436200426905,1.33093669931478,0.0364663530400741,1.11705783420457,0.00169388809567386,0.911680753555173,0.0985461149232388,0.963622508027281,0.000113037528067941,0.0121004511704927,0.0343202743575912,0.951257336866834,0.00377394568395707,-0.0285342285811284,0.0219928500922199,0.948180677742543,0.00115922185029543,-0.182666349614499,0.0838697064330376,0.941120344730972,0.00166201108226679,-0.537249333429494,0.0779192141324067,0.949098200522128,0.0031104017316448,-0.371054702990048,0.198485667293552,0.917532276846149,0.00116954185188754,-1.38296880973111,0.0409271146591301,1.00946146903482,0.00948859222905232,1.28638561446995,0.0549073383809269,1.00629241007279,0.0144758809034104,1.57135346704865,0.0401404264110321,1.01805953199587,0.0142018520836901,1.69795265239577,0.0829022676996876,1.017908187616,0.00309293635784173,1.89153157423822,0.114759809783223,0.995023926938798,0.00899047575883157,1.92656674717366,0.074449132423589,1.05939276488365,0.00341437262998125,1.98366470575346,0.107900513488925,1.01300654417244,0.00151178940348118,0.0686426368780689,0.0541013448440771,1.00036374639035,0.00529905474935437,-0.00711062380879573,0.0405957522925608,0.997310231640999,0.00143475110793463,-0.200305332741843,0.119399563123759,0.988470194730656,0.00236071059977114,-0.650624188289537,0.0935963391918201,0.9993173811926,0.00418247697310392,-0.402254206926157,0.270265924768134,0.957452038048512,0.00138954721132908,-1.6561536119651,0.0465212383120761,1.07162431530554,0.0107333869010288,1.42151386214054,0.0728691030612753,1.06853119852542,0.0167507321553506,1.76887974539672,0.0540955986196033,1.08282328360576,0.0162102067328301,1.90884034126487,0.108988075869987,1.08269243017798,0.00330755893164802,2.11774552979687,0.15519029815261,1.05801052167821,0.0103353535294604,2.17242827090582,0.088387589552344,1.12932548888778,0.0033438744277816,2.17902835351714,0.120802421840803
30,0.96800253673858,0.00284582688113167,-0.104710087539502,0.127177661108952,0.958475697736649,0.0023190198646887,0.0546794222189634,0.0155860285303474,0.955125345300995,0.00146017332528476,-0.0486408530244291,0.0338889886983443,0.950848110883999,0.0025834269049442,-0.203506697942494,0.0600639584970045,0.946380686224422,0.00063151705274727,-0.322282149666503,0.0780711450769685,0.925703480744981,0.000587645004520243,-0.848859071474487,0.0369973211935878,1.07775455342729,0.00682005891584533,0.714731768966376,0.0172130520508473,1.08171262771041,0.0119960123632955,0.96647901901335,0.106759914113853,1.09192109281163,0.00904698311723248,1.03321562444291,0.12680154931955,1.09682864084876,0.00247456550279703,1.10440981953405,0.14101340870877,1.08569362423306,0.0062542527742155,1.32560978630557,0.0402390411244462,1.12053705139258,0.00190212235157412,0.674594598980489,0.0955773498998525,0.963414320391253,0.000310908882426527,-0.0363100534470528,0.0545683787614541,0.950586978645714,0.00358872263591723,-0.116908342237278,0.0405422748477237,0.946686818195785,0.000789135993432961,-0.278672782553292,0.0906426302719519,0.937846291408691,0.00136982649763285,-0.657360314566492,0.0905188560178353,0.946464430273682,0.00268169854308569,-0.524320541185704,0.205661591583348,0.910234399972516,0.00127277102662324,-1.54787257340796,0.0482505001582054,1.01808687568792,0.00960275474569544,1.26283091932492,0.02640748356596,1.01586874504331,0.0139168359243848,1.5510585297804,0.0674647198382343,1.02741364937942,0.0138462945945431,1.67322578012244,0.0823788844540482,1.02719249154925,0.00291583982699509,1.83848063068059,0.133188237545729,1.00501412164289,0.00904730927863144,1.98063282548277,0.0662320842571676,1.06814002594159,0.00280784553864687,1.75872417260852,0.121027385724435,1.01306423138452,0.00106756748744354,0.000935863309219964,0.0872860134363613,0.999641384004389,0.00499917835359826,-0.128011465475288,0.0558649389840259,0.995532855861299,0.00118785554433022,-0.332956116294112,0.123775945550365,0.984431871064348,0.00194633396541737,-0.809555079373519,0.108727584491598,0.996226707501341,0.0038778878671182,-0.615445172431456,0.27410721977205,0.948927079073978,0.00144480286583823,-1.77741165492791,0.0500711851842443,1.0811539193819,0.0109203681583569,1.39538405119763,0.0412436119919674,1.07931549667009,0.016072747351976,1.74715579839277,0.0862853046494106,1.09334350987527,0.0157443592535492,1.88247973600282,0.108378730820091,1.09307831357052,0.0033828585629526,2.05678041697648,0.174926910510199,1.06929021085589,0.0104393342712616,2.23750686577415,0.0766601557983744,1.13882425736536,0.00276778134087287,1.90915743807581,0.133223093759589
31,0.967312355428826,0.00214286209115124,-0.0992937349287254,0.1013440214467,0.958705639887767,0.00233782223117005,0.0350553031226068,0.0158029322170671,0.954811273458206,0.00147525255371335,-0.0570342776762798,0.0422290266216976,0.949651015636923,0.00272258421511373,-0.245270697255101,0.0740852664270677,0.944769998541899,0.000836380471064872,-0.318550535111884,0.0873289820680014,0.921297413590102,0.000562110887448317,-0.935545237987974,0.0381480240671313,1.08230374092725,0.00658201948434421,0.652890518583016,0.0337133648603912,1.08729696668585,0.0111026021221627,0.88779831412628,0.136343331258159,1.09728578772546,0.00822914717889981,0.948989661265897,0.142900899888371,1.10191617831484,0.00297829086660288,0.992653729619484,0.147760756568083,1.09230993067017,0.00602988304864657,1.29923143735075,0.0595405377026853,1.12281998365204,0.0021963100766246,0.425322085688983,0.0860964939126862,0.962783381282803,0.000832137867273948,-0.100436339605206,0.0817734819567103,0.949320204654003,0.00335584650999366,-0.218343698290947,0.0595962714066638,0.944585884042069,0.000599487217378412,-0.383830325131898,0.0937710788166861,0.933992522527541,0.00118131312158715,-0.777694525721783,0.101937100026911,0.943057069496411,0.00252093525418632,-0.680215904272564,0.203929343432152,0.902213428428007,0.0014476949159396,-1.69834080264173,0.0512073044069921,1.02645577820732,0.0094726187807431,1.21958154269944,0.0145240760722923,1.02517866760027,0.0131235159317363,1.49969102988319,0.104606278304522,1.03645624536866,0.0132701563325975,1.61391125478757,0.101250525537161,1.03606499143791,0.00295265067162894,1.7502084712337,0.148859352414218,1.01517617553475,0.00894798025206304,2.007898131237,0.0710717625891115,1.07564642669608,0.00223366991924999,1.49388112737716,0.126769585821519,1.01254592851141,0.000580582384690136,-0.0862310878104258,0.121844536217991,0.998125341528115,0.00463728080996853,-0.26235740498791,0.0753492713662268,0.992942031903096,0.00129433399609351,-0.473199123914904,0.123146169363525,0.979647350832638,0.00160025279000423,-0.959801920525837,0.122345852371527,0.992075196583264,0.00391550615093813,-0.828236133795293,0.265991993437429,0.939892155680769,0.00160172021059518,-1.89669269367045,0.0554433222354558,1.09039823378732,0.0108311828358312,1.34711738465539,0.0139307099682551,1.08979621237944,0.0151127031818041,1.68835748733491,0.130283560810143,1.10351009214502,0.0150255086414245,1.81492896671932,0.128646089361934,1.10298254562702,0.00376370221981656,1.95365040448505,0.190762017473392,1.08077550339915,0.0103532428133728,2.27044872239413,0.0822429628942085,1.14685339006537,0.00229353366654052,1.60461829812818,0.129340610083256
32,0.966618251775772,0.00166655960741842,-0.102594078190843,0.0729654139467794,0.958721127574883,0.00228962691653723,-0.00239879918292767,0.0282106371293107,0.9543644696387,0.00148868316305786,-0.0823306045310785,0.0505848332794321,0.948198272631931,0.00289051951544859,-0.299472030969708,0.0841014856413278,0.943179469415054,0.00119633070623623,-0.315405965708661,0.0967849911185323,0.916510276707093,0.000648329587036216,-1.01697279486934,0.0409267745193655,1.08639134891696,0.00616077514250724,0.579203621186085,0.0625840669817051,1.0922769233175,0.0100487466868814,0.783380453075468,0.163206281981599,1.10205096456258,0.00732184486093404,0.838735412789139,0.158357871122984,1.10634007855201,0.00358929263750184,0.856687621773073,0.149479130392159,1.09868173516986,0.00567111323624751,1.24527796376387,0.0845000208204754,1.12390469388648,0.00249818076857293,0.179203412576452,0.0715037698301321,0.961667866389403,0.00150244342476058,-0.177392503553443,0.107276027627036,0.94739312882675,0.00307724981410555,-0.328992507232757,0.0770175885849277,0.94187028641394,0.000787262170876078,-0.493669891514203,0.0938798102320785,0.929527805519998,0.00115516843278515,-0.912266789685907,0.11219162231079,0.938910612481349,0.00265022556743041,-0.828069197958801,0.196085949376804,0.893575042233335,0.00166418930505195,-1.82410805225526,0.0515472063733989,1.03444647982409,0.009082848191196,1.1559014531778,0.0559055955176499,1.03401338395461,0.0120813662934265,1.41471227242165,0.142924993312778,1.04499768552059,0.0124970150025812,1.51860393799019,0.131006403434238,1.04435029692564,0.00324886269292096,1.62734221207377,0.159796441225097,1.02533869047651,0.00869029424993977,2.00030668414804,0.0882941140186275,1.08176845963185,0.00178490490713868,1.20205982518983,0.124251404393895,1.01137858808177,0.000985590439813834,-0.188937105555068,0.151553815412035,0.995754339526067,0.00420535177621555,-0.405048165770084,0.0945515028703202,0.989552176268868,0.00167747137954826,-0.615201017806887,0.118857149260718,0.974180980497361,0.00143718968581322,-1.09749501364461,0.133067666912125,0.986929797006023,0.00422512111325392,-1.02602965299121,0.250191809431864,0.930300220642449,0.00183301556440897,-2.02520555825053,0.0597550815209867,1.09922030869606,0.010442344574504,1.275861491391,0.0557747082354619,1.09972408303548,0.0138556586746154,1.58945303778512,0.175712363079054,1.11309568904783,0.0140838512787573,1.70434872756991,0.160965216411182,1.11219678283894,0.00440907115019275,1.80943703799114,0.200388347871286,1.09225990451434,0.0100753472565895,2.26143227329974,0.104186759629949,1.15340840664338,0.00203306414334191,1.313929947377,0.102868266369683
33,0.965848193598553,0.00147131255802864,-0.114966258784578,0.0460567272111815,0.958400781411669,0.00219908048935999,-0.0573232843147588,0.0407087907305096,0.953698016420302,0.00151675304284751,-0.124315165327454,0.0586646524852861,0.94643690547953,0.00307676438613708,-0.364553495773937,0.0898149732221987,0.941595906255701,0.00164512014941178,-0.315882553889633,0.109147245738802,0.911397835628634,0.000823134769047968,-1.08486165540182,0.0436604502202346,1.08989583966987,0.0055086577826552,0.494387274453893,0.0944006213936342,1.09645619862423,0.00885187197717442,0.65397516855446,0.184256350164316,1.10609560084075,0.00635318078571135,0.705825547669593,0.169953764547131,1.10999500522232,0.00424131678580289,0.700552493209773,0.145635875385379,1.10464776030317,0.00519606514666363,1.15903866854434,0.107534069430309,1.12385944552454,0.00275672638209243,-0.0498362342722981,0.0547043436852095,0.959955530180373,0.00232492917951806,-0.263976952452522,0.12777370559843,0.944729920081178,0.00281805392297771,-0.444371600833787,0.0911382607694717,0.93855099476165,0.00114954306447596,-0.605534744212444,0.0939529336496311,0.924373083602528,0.00137319221133247,-1.05897133736827,0.122129413128494,0.934099999382269,0.00298977161622846,-0.96037531347257,0.185591470888575,0.884457068278625,0.00189503638913882,-1.91962879337408,0.049994837196606,1.04186749564098,0.00836531713925139,1.06970980626946,0.101751081969462,1.04212430541073,0.0108101325895652,1.29422328502104,0.177618923233567,1.05284839853346,0.0115392597418531,1.38880593954196,0.162695114178166,1.05188327051366,0.00376095578250397,1.47226875608704,0.164783289761738,1.03529393905089,0.00828740935906601,1.95120898588248,0.10955761308912,1.08645378067012,0.00155266180468076,0.917256053188303,0.10138650379358,1.00942497384569,0.00200042580420934,-0.302725506391226,0.173493623254946,0.992451992469965,0.0037510261328651,-0.550287590271254,0.110357629736163,0.985401339585999,0.00213855724280894,-0.754362762437182,0.112293852592679,0.968106827114463,0.00155559252602437,-1.22073938583549,0.140012161323081,0.98091306826734,0.00468907336777541,-1.19850702821358,0.231669557181323,0.920203252494575,0.00209968438523014,-2.12816910425063,0.058904777477891,1.10740419955272,0.00967295123895637,1.17925437788969,0.108906620489944,1.10880369711919,0.0123260784675721,1.44831102852861,0.216571041233362,1.12187369905831,0.0129381738734848,1.55265241770049,0.195366544455709,1.12052698740199,0.00522065878013379,1.62741605897188,0.202435017530712,1.10349313263606,0.0096237126449197,2.20242716507561,0.130865869957651,1.15857487650433,0.00194964256661647,1.04069173386288,0.0903294927236278
34,0.964950844414905,0.00154064800510817,-0.135116798468269,0.0345168823474005,0.957672961190736,0.00209562501303085,-0.127019836050955,0.0495605429607442,0.952729619870726,0.00157577084229777,-0.182204315679898,0.0659067190308378,0.944321191789727,0.0032712650260581,-0.438117905573431,0.0915033132001446,0.939977767964095,0.00217200328560738,-0.32678810582995,0.124245238021214,0.906048529586727,0.00104688021424529,-1.132653739941,0.0451990338809347,1.09278569460202,0.00465153959483039,0.401594168200455,0.125035486254767,1.09973937781112,0.00765006441657468,0.505097014283909,0.196446624421919,1.10931710840168,0.00537026859088691,0.555143796625353,0.174949542219745,1.11279481190505,0.00489288602170418,0.529568765311597,0.136516677381154,1.11003011597853,0.00464345444526237,1.0388221557862,0.124521774410882,1.12280893039448,0.00294948973759332,-0.251203428265598,0.0383463277546847,0.957641593328475,0.00325206067216221,-0.355195511583249,0.141788963256111,0.941367663964493,0.00265649226598941,-0.559923729393762,0.100328104756471,0.934615683301827,0.00157705977624877,-0.725369666428757,0.101394457083175,0.918534407324448,0.00179124934807736,-1.19518271114563,0.127392670440554,0.928717335933842,0.00343992258885803,-1.07367315771456,0.175379083913052,0.87501493154645,0.0021187078227936,-1.98174670778244,0.0475705274466853,1.04860577457021,0.00734286185944339,0.963295428368592,0.146425335517438,1.04933822611122,0.00942230591185149,1.14214374284607,0.203641934306966,1.05983367088175,0.0104281310789238,1.22789438759278,0.190283761733432,1.05851052995683,0.00441046069284067,1.28895245591596,0.163451696295228,1.04480685580092,0.00776997251422847,1.85646082819845,0.128255184420126,1.08985484888131,0.00151417369976861,0.668391411214286,0.0722838750481144,1.00668884636539,0.00318758103253587,-0.421103847536026,0.186504188811241,0.988283966048835,0.00338460653495538,-0.692623075998599,0.121142793459266,0.980527006831121,0.00259731573782201,-0.887032648089096,0.104442395983583,0.96146956823918,0.00191441284064459,-1.34334646964172,0.147133501327712,0.974171039601033,0.00521865625124549,-1.34099870474919,0.214541974162833,0.909756566822255,0.00236585053599371,-2.19476748387542,0.056955510625344,1.11482316636863,0.00854969984928361,1.06128837336644,0.158934103584245,1.11683024068357,0.0106623068093111,1.26984891699918,0.246530807060832,1.12963861677795,0.0116306720086847,1.36573432135674,0.222096470517293,1.12779531375282,0.00611247898355316,1.41268764997059,0.196654777286253,1.11419276110648,0.00903793089181541,2.08853483096016,0.153512025225709,1.16243785282407,0.0019752336746944,0.774522626615174,0.0830618422587084
35,0.963895102072212,0.00181331165413836,-0.162119947435558,0.0493261857393874,0.956477720664432,0.00198910524501209,-0.207705145518419,0.0558920551901874,0.951387462953049,0.00167842480881134,-0.253694096534569,0.0714089176759504,0.941822782661845,0.00345856790813558,-0.516653967306482,0.0898900427098852,0.938246620170062,0.00277360614159188,-0.355002005314867,0.138884665695662,0.900573335727774,0.0012898207117275,-1.15595794837767,0.0449360481637567,1.09503266275139,0.00364717026561598,0.303980220639679,0.151822035320516,1.10205638814024,0.00648786041295606,0.343920618648178,0.200363921294907,1.11164673861085,0.00442728364895286,0.392958898233796,0.172275137459424,1.11469055980487,0.00550204740666951,0.349666685251692,0.123207458845272,1.11466096954253,0.0040526861732559,0.886622968469731,0.133589878761454,1.12091453180098,0.00307488572652957,-0.418424973542504,0.0247402616190051,0.954727115504285,0.00420190375938087,-0.447071494589743,0.148621122685623,0.937314274628113,0.002622971568199,-0.684026249460106,0.107738452282063,0.9299977332785,0.00205747597400056,-0.859860267185474,0.106022836915023,0.912087127867214,0.00230165029249085,-1.31526738064286,0.128037584713384,0.922788495100927,0.00400553290482172,-1.20071445191494,0.186019105788467,0.865410436404627,0.00232024193831123,-2.00948359734893,0.0452819068590938,1.05455006865938,0.0060919297482524,0.839169526226852,0.185051835917123,1.05550491203342,0.00797068913253118,0.964464954350771,0.220307893076129,1.06580853787002,0.00921053452567453,1.04168395552521,0.209985001689298,1.06411398354409,0.00510982461558371,1.08318357193053,0.155829464999299,1.05363774755646,0.00717178114195695,1.71560166822895,0.141315677674645,1.09215607244603,0.00155741271767955,0.45366572185215,0.0647500650178065,1.00317899459309,0.00439725922803384,-0.53891481129845,0.190322392155363,0.983309181247691,0.00312807389201778,-0.827183002582906,0.127019481394038,0.97498332758885,0.00302282958244614,-1.01012205929266,0.0960370642958915,0.954231585364555,0.00242020917699415,-1.47629817206452,0.151910437093381,0.966855901933569,0.00578318370005834,-1.45506132975674,0.200376281893893,0.899136961023424,0.00261437835815793,-2.22365753196174,0.0547068213068509,1.12137967931379,0.00719920171258907,0.93085116311709,0.19243870447824,1.12362837439941,0.008930323748019,1.06262215505203,0.263049461240555,1.136241925325,0.0102545685641111,1.15509136419321,0.229848636419643,1.13386659820597,0.00700140402159164,1.17230547289903,0.183391744394949,1.12407245935838,0.00836097761393036,1.91956060869609,0.168361619155451,1.16504669837152,0.00206322475443962,0.518625709485366,0.0761218826730735
36,0.962612407882911,0.00225330711258869,-0.195099249645904,0.0708337372445339,0.954784501116062,0.00189168626925672,-0.294622100378115,0.0605247650286616,0.949618415242322,0.00182759280159147,-0.334793953506445,0.0744303711196523,0.938934379256585,0.0036264554652052,-0.59542446705164,0.0860676038682113,0.93630243498011,0.00343478006203653,-0.403456057358675,0.149704103467722,0.895095284138138,0.00153081909149275,-1.15242838651092,0.042694411871253,1.09656197331824,0.00253691947600596,0.205029294796504,0.171692451087297,1.10338944439844,0.00539341183876205,0.178521572686496,0.197207266766463,1.11305285130955,0.00357752838095429,0.226047990242113,0.162526643568195,1.11566364702477,0.00603826952384725,0.166825364602702,0.107448844039061,1.11839915975042,0.00345869320180478,0.707907852507684,0.13486442939535,1.11835260383686,0.00314521592396739,-0.549745042357386,0.0154146749194308,0.951188341052121,0.00516009429856488,-0.534600812129129,0.147733544821545,0.932514317016297,0.00273726406337961,-0.817457900257247,0.11333430628622,0.924660434270953,0.00252766967806394,-0.993736629419973,0.0999155494131254,0.905128707830757,0.0028396202925392,-1.41474860861711,0.124603672346733,0.916240821671183,0.00474672548185689,-1.34041860574456,0.199863169217767,0.855804156872162,0.0024898145509007,-2.0030680815286,0.0438493550554533,1.05951853559779,0.00463635330136915,0.700621547722711,0.213413906259011,1.06052710817604,0.00649886795818311,0.769180433225412,0.227354876859336,1.07066836581689,0.00794271081391378,0.837851621051283,0.219941144395853,1.0686107163673,0.00578782916981003,0.86199220701261,0.142906651909925,1.06156351161116,0.00652126786895684,1.53199883586611,0.148244012230589,1.09346270394951,0.00163556391460934,0.251506278565015,0.0585415321848009,0.998876427319561,0.00559142783358828,-0.649704324529744,0.184864313657273,0.977609425021594,0.00300037260232828,-0.949934869066317,0.128522399503718,0.968829660875919,0.00341891493187089,-1.12595706230656,0.0958462120984602,0.946413179391923,0.00301136514900526,-1.59018886226917,0.149268837335931,0.959095262041631,0.00637119835781091,-1.54735127758273,0.192771263179882,0.888521212228712,0.00283390449579078,-2.21485307315887,0.0526749334189566,1.12695064140199,0.00566982924986263,0.800234676412367,0.226386890320555,1.12910845420807,0.00721708773235796,0.841056739299452,0.258112991777839,1.14159178776322,0.0089235223001236,0.928469996485572,0.222799250992305,1.13864720773688,0.00782140760081196,0.9145264705363,0.164145147198978,1.1328683288089,0.0076279113590764,1.70001030075863,0.174972090800933,1.16647224746589,0.00217503573580747,0.277414477573637,0.0708439935880548
37,0.961097889956351,0.00281245592046624,-0.231965043276903,0.0892995513869948,0.952554160340994,0.00186337419021943,-0.382327684800938,0.0633473081839943,0.947395320127757,0.00201495655926027,-0.420170435701152,0.0746244280864078,0.935673222526647,0.00376944481628386,-0.669301778328421,0.0812705786788634,0.934046393101911,0.00412722358123576,-0.470403953827997,0.154318525590909,0.889741506874871,0.00175383617931399,-1.12151968444715,0.0385044247496395,1.09744714615287,0.00147373635599468,0.108383175787788,0.183557850135541,1.10369096983658,0.00436922916626292,0.0171525845159212,0.188069119768408,1.11353999627574,0.00286594956812139,0.0608082481738538,0.147364610173184,1.11572070945223,0.00648763900900808,-0.0137781242722632,0.0912181333424547,1.12113867209493,0.00289261502763395,0.509997697633127,0.12882444665964,1.11529432881842,0.00317904161102403,-0.647040077831907,0.0110040591351068,0.947124928565215,0.00609296435075921,-0.617277157797756,0.144458057904745,0.926938399507936,0.00303598057248166,-0.940128635292005,0.115218578257857,0.918659647356439,0.00295674714577595,-1.11345506604206,0.0912398031444698,0.897771504760652,0.00337092514461217,-1.49058150678597,0.117932226429123,0.909008456819355,0.00549112316726131,-1.47858213854401,0.187912360481237,0.846352560629395,0.00262145582120037,-1.96339579366095,0.0435305309341318,1.06353795941258,0.00308711420866021,0.556853292481747,0.225290863514162,1.06426293959975,0.0050703134433434,0.564637907315631,0.224296923479316,1.07435771986921,0.00668680109272915,0.627299868570168,0.21614090116775,1.07195264290649,0.00639954107648716,0.63281754103925,0.126532124891687,1.0683902540391,0.00584539776107993,1.31191788683578,0.148896106208696,1.09384626387468,0.0017213854231669,0.0642557300939747,0.0545921304725791,0.993920238174932,0.0067273314115166,-0.749949508042841,0.171854661795837,0.971234244804199,0.00305987271633141,-1.05880373915082,0.127410802617373,0.962084216216035,0.00382730205859483,-1.24499674211487,0.0982218728158711,0.938137935935403,0.00362269418175726,-1.67718435344471,0.142410663401682,0.950895720802917,0.00704744712641419,-1.65295083939213,0.203293780946857,0.878082573277161,0.00301717716269884,-2.16914335009152,0.0509905339197314,1.13163003907998,0.00398115928076843,0.664742487029084,0.256508202874777,1.1331519377329,0.00560034722866746,0.619461744848042,0.250466084398189,1.14564448920622,0.00767454217507705,0.698322525715651,0.214489643494285,1.14210869504065,0.00854164019114301,0.663090560516712,0.14220134295582,1.14035385245229,0.00686982514393134,1.43785610319904,0.173605958553837,1.16679806114198,0.00228925312105058,0.0534443254296635,0.0680665070611752
38,0.959334597577531,0.00343488443306633,-0.271514145575476,0.101307804987138,0.949813315987216,0.00186343936657563,-0.464186582125938,0.0638677821448281,0.944721743088294,0.00222478325487106,-0.503624382035062,0.0719104222492742,0.932082412240459,0.00388792852226164,-0.733303995265942,0.0765835479745555,0.931403181872091,0.00481390138055399,-0.54977271276171,0.1512800366271,0.884636600110576,0.00194655304480424,-1.06388721155875,0.0326866093992034,1.09769839039047,0.00103868385026671,0.0167111623736204,0.187548499598249,1.10303004743022,0.00350721706071337,-0.132288156673185,0.173634105840402,1.11314291348352,0.00232160205845746,-0.0975896487268799,0.128786113639638,1.11489110335585,0.00684629566376593,-0.188089338827145,0.0759608343006412,1.12281633824208,0.00237588817109068,0.301340632528919,0.116750538599453,1.11189275872602,0.00319467064458727,-0.714133170160465,0.0122429134904977,0.942542611596057,0.00698013996545507,-0.696495582869838,0.147605009914109,0.920691118409828,0.00338837688248626,-1.04443342660575,0.112888498674271,0.912094192703153,0.00333261058354037,-1.21357383144528,0.0809101584196052,0.890138233155191,0.00387613035587724,-1.54115033066547,0.1089709160991,0.901189797421693,0.00616206182531994,-1.58812464814431,0.172220960607791,0.837206770328182,0.00271194024708435,-1.89145723814906,0.044070601715727,1.06658961029039,0.00167105900910597,0.422712979767695,0.228692292853657,1.06670820897145,0.00372196000527277,0.36264509224692,0.210418048815061,1.07688422839739,0.00552800388964025,0.419173422403315,0.198269858759842,1.07412930087385,0.00691891584150415,0.402809994817914,0.108852713332279,1.07396710912379,0.00516850290882659,1.06416430914987,0.143735778099433,1.09338453136096,0.00180273387101189,-0.106713556992764,0.0535742205767185,0.988366641015465,0.00771243672854412,-0.836559205831544,0.154217430223057,0.964234966668232,0.00326702210645441,-1.16829993944376,0.127984534828739,0.954741394761163,0.00421217131779168,-1.35760345546944,0.0889455214515227,0.929546669133633,0.00421868683699429,-1.73512482649391,0.132392854343602,0.942206518389554,0.00781939435422957,-1.76348089427677,0.202190236996837,0.867989318177403,0.00315953334248074,-2.087448550332,0.0494168592483951,1.13533432885927,0.00234336779512725,0.519254718724796,0.27396225226384,1.13582368095609,0.00404483559258038,0.408104964858675,0.242713538872538,1.14842820458779,0.00648224675568516,0.472415532568337,0.210658990087389,1.14432193230028,0.00914652572405345,0.421075839564312,0.123368872259799,1.1463558743679,0.00611274436808636,1.14498662170174,0.16376313625195,1.16611380903416,0.00239828237686631,-0.151791156213779,0.0683777494476007
39,0.957300450864311,0.00409554683427978,-0.310698561726496,0.105446332209664,0.946643648563627,0.00192154528429674,-0.534672578237445,0.062822096417877,0.941626863913669,0.0024361600049522,-0.578655684111376,0.0671492457604268,0.928229320251557,0.00398678899421343,-0.782911232756995,0.0724885557298037,0.928336545041446,0.0054555004549789,-0.63331661551989,0.140933077381646,0.879899302547228,0.00209908252298433,-0.981158426905541,0.0256005934948859,1.09733893101484,0.00179244857412962,-0.0665553997776544,0.183042791474388,1.10153805158751,0.00287336655105641,-0.264975227650471,0.156620351732115,1.11190154504965,0.00194208812562299,-0.245237417509062,0.10911437373224,1.11322159188855,0.00711759172837288,-0.352967954951275,0.0625521430790465,1.12341183899412,0.00191615923385287,0.0899614637066595,0.100791916483485,1.10827655700409,0.00320854936111023,-0.755916554425453,0.018024385731854,0.937467027330595,0.00788459820071333,-0.768576108599525,0.143876520090359,0.913924782323013,0.00378154128247503,-1.12689503938776,0.10797103744234,0.905078313434725,0.0036424748593858,-1.28977031004095,0.0704903299132354,0.882356432499152,0.00434431357581174,-1.56580421592725,0.098466192970807,0.892936831619396,0.00674259995928464,-1.66588816764474,0.153831501213216,0.828513405930342,0.00275884577579942,-1.78838567617795,0.0450386096329892,1.06872284570544,0.00103790568742623,0.297107614302173,0.230212679605583,1.06797563131347,0.0025948917743552,0.175855584664823,0.187112679925752,1.07825971716832,0.00453268023765498,0.218452067426055,0.176490802975689,1.07516428594326,0.00733566608570811,0.178436687218631,0.0920617477081959,1.07819427709473,0.00451155870779974,0.798813862527157,0.134320487021825,1.09215805556793,0.00188030532744025,-0.261124992951944,0.0561057395530792,0.982311616545976,0.00856261590314763,-0.906736503194343,0.132561060659537,0.956656560435454,0.00358871773534602,-1.26289779779894,0.123874019119762,0.946888018841399,0.00453256560068472,-1.44456131344518,0.0781562727212986,0.920787284504022,0.00477871691580451,-1.76295960185754,0.120115125444957,0.933042706255039,0.0085205641867638,-1.85108802104914,0.182783158264228,0.858405874942283,0.00325660963321873,-1.97077360162452,0.047675424852252,1.13796918806157,0.00145382221439209,0.368596341979326,0.278003658841935,1.13723241210349,0.00266120949799432,0.202718495397131,0.228545845985309,1.14994372919619,0.00536888690497777,0.247747831763559,0.202993662980118,1.14531938766313,0.00964158976643029,0.181075572769138,0.108041955140863,1.15078968614797,0.00542150778773817,0.842505555627657,0.13702283551777,1.16451167273001,0.00250627435335686,-0.337980536110181,0.0723702854432688
40,0.955039240958713,0.0047479842412699,-0.347263942630918,0.102033079874687,0.943142582066815,0.00204024308557788,-0.589492054588958,0.0600727597464128,0.938182114977028,0.00263441313996071,-0.639627633761064,0.0613473791465993,0.924202383267035,0.00407243462753471,-0.81415644460623,0.0690664592065602,0.924854365087588,0.00601947582735017,-0.712722991066957,0.125162094168933,0.875639177129673,0.0022042860956105,-0.875727383748946,0.0178196314112277,1.09648845763581,0.0028457883878479,-0.141007824011229,0.171690445835175,1.09935501461171,0.00243690988349294,-0.377926857504188,0.137931024800729,1.10989265486238,0.00167624712779462,-0.3796693013664,0.09043828018008,1.11077235234695,0.0073097852849014,-0.505956267671861,0.0516557877594847,1.12294233213967,0.00150610873903217,-0.117348065513431,0.0842053624055076,1.10454556192612,0.00323437691376397,-0.777990257552575,0.0262680634882477,0.931961277554731,0.00871078208946603,-0.840793623150831,0.12328323989885,0.906789906444417,0.00419547217102243,-1.18550746787763,0.100299169872331,0.897754332293905,0.00389313216891569,-1.33998857888122,0.0606236175222775,0.874555134944445,0.0047688681885832,-1.56440814103891,0.0870261958072415,0.8844087009411,0.00722199509858293,-1.71144989781871,0.133949336076008,0.820413737620461,0.0027602892878235,-1.65564086604698,0.0462551508704021,1.07005003720086,0.0020527058593839,0.172322097811185,0.222203277974903,1.06822256106772,0.00165748882560774,0.0118942234905205,0.168541067972116,1.07856785264054,0.00366863886378883,0.0345325849385709,0.159943640722736,1.07512348459,0.0076639540224174,-0.027561351794358,0.0846291628994434,1.08102477217794,0.00389327288233114,0.525950692879842,0.123694491440423,1.09024307634826,0.00196508024833014,-0.400392375830615,0.0620213767912325,0.975892331068008,0.00928885880486906,-0.965954074524207,0.116659656409812,0.948655376725433,0.00397737499375419,-1.330291982631,0.116734109386375,0.938685244681909,0.00479489261283765,-1.50162333605094,0.06865905939371,0.912010894637104,0.00528979258137181,-1.76026251430835,0.106325620076975,0.923567271326275,0.00911580721368182,-1.90277028360436,0.16148499141221,0.849492697769795,0.00330367879649983,-1.82031492743557,0.0459347407064821,1.13962903678544,0.0024205869139242,0.217276033316461,0.270419101325626,1.13747739496807,0.00145917276708196,0.00878787694769274,0.209357496369538,1.15022486735978,0.00434466093060934,0.0286707116898501,0.190993156027234,1.14512521205358,0.0100324228046465,-0.0545466773049356,0.0962166652653945,1.15365262184869,0.00482150114628623,0.541356828231497,0.117867448164961,1.16207887784784,0.00262721360741346,-0.506677185218094,0.079918223456416
41,0.952559145498212,0.00532490183778025,-0.378793127343134,0.0918455053332813,0.939406152118535,0.00221872857309988,-0.624262333888822,0.0554284059607224,0.934480779100546,0.00281632517169635,-0.681246467775349,0.0539307773514304,0.920107207450524,0.00414972753302066,-0.824022117795752,0.0659961304526809,0.921004808490498,0.00648384376087373,-0.780775725155378,0.106115710181381,0.871955378509776,0.00225565565221119,-0.749966300841209,0.010921644218176,1.09516678857723,0.00382007348549302,-0.205611989929643,0.156058509756774,1.0965767921189,0.00213909924376664,-0.468381625234946,0.118701698663834,1.10718226615327,0.00148369219337795,-0.498910757233642,0.0740207461036648,1.10761365823349,0.0074341965120612,-0.645175672287562,0.0441356909727893,1.12145436348175,0.00113267404661862,-0.315362120689142,0.0707818533203266,1.10076942740095,0.00328189734976195,-0.786072901509136,0.0354980830634185,0.926023561700349,0.00933670956933597,-0.899480303564847,0.0981059502971307,0.899423609386389,0.0046118032253163,-1.2178046061969,0.0894603444147689,0.890270199979599,0.00409298416686288,-1.36265874494387,0.0500153733492685,0.866862536795141,0.00514587718637323,-1.53739886910613,0.0749463355448996,0.875761191211207,0.00759429981791032,-1.72611944368072,0.113357368727728,0.813043315035424,0.00271263021327222,-1.49457674408876,0.0478606568108761,1.07052132028897,0.00330062246702198,0.0514439350416638,0.206811200532263,1.0675335052086,0.000907007177997693,-0.132341890469358,0.15051952520086,1.07788240602223,0.00286675123118635,-0.134022702331971,0.146350739995303,1.07411479561204,0.00793217258481275,-0.215095741382218,0.0799140166106481,1.08246144316608,0.00333969423564037,0.255946401292849,0.113772032191664,1.08770371268443,0.00207365246878338,-0.527417190594695,0.0703095001478904,0.969146390905242,0.00990810490374786,-1.01193694039142,0.106642507934426,0.940387609713356,0.00440265658913978,-1.36759999045635,0.106064029062362,0.930304173164069,0.0050096324147323,-1.52666842596905,0.0587718578995665,0.903368983891173,0.0057432220672218,-1.72726540569768,0.0913946599355294,0.913955232307531,0.00959710610065017,-1.91962810435756,0.139102934766662,0.841406540090563,0.00329324547289724,-1.63706039265234,0.0450522676611466,1.14024339732928,0.00387066071586036,0.06903476088552,0.253607513255422,1.13658808676304,0.000577302925032059,-0.16818815158514,0.187300852852012,1.14929210744352,0.00338133833418257,-0.179356022482156,0.175046329143503,1.14378334025623,0.0103313995268202,-0.281407299329639,0.0892026106758015,1.15498429822397,0.00428379679719467,0.245465820963649,0.1190503970988,1.15888894681615,0.00278003813619404,-0.661173663532457,0.0899568754864768
42,0.94992091311302,0.00580715121730906,-0.401748354898079,0.0749388251689725,0.935571597741894,0.00240176971405824,-0.63729556106133,0.0495555805034619,0.930652944794115,0.00297498104062392,-0.70160114015385,0.0461482951293172,0.916061911895551,0.00421798110388003,-0.810203458404635,0.0628100563573969,0.916871576511952,0.00683794929481159,-0.831313556585503,0.0865158279824943,0.868937953390164,0.00224712724203749,-0.605819209385496,0.0117745936445089,1.09346434349954,0.00471013660465086,-0.259645988560974,0.137270193146731,1.09336112648335,0.0020111901183595,-0.537271608697602,0.0999065164347414,1.10389188247321,0.00130080812267321,-0.602996301443057,0.0623041382687722,1.10382333137372,0.00750377773405261,-0.769151857096845,0.0409225449852353,1.11901698531712,0.000801114838345005,-0.499954154286623,0.0642293167563661,1.09698929088818,0.00335571191591235,-0.785645724122833,0.0443787092227861,0.9197889123323,0.00979083750625744,-0.940512344601499,0.0703302816612559,0.891986032857204,0.00498103327951024,-1.22457185506821,0.0774682368989163,0.882778536607315,0.00424063425453908,-1.35974131863242,0.0398166328082856,0.859404199793807,0.00547038388548005,-1.48538611821037,0.0620785068186775,0.867142941914311,0.00785710841744634,-1.71171984613933,0.0932260349448606,0.806532987550656,0.00261039839942201,-1.30626250963248,0.0507567466125711,1.07020729183394,0.00452403097647154,-0.0615059727929045,0.185844071377033,1.06605802888104,0.000650633580037552,-0.259633085001857,0.132042048525038,1.07633101652335,0.00214796426811282,-0.290267532026409,0.130929527055844,1.07221942470362,0.0081445021125282,-0.389604819284735,0.0779916697514129,1.08256376902447,0.0029214123176238,-0.000519856318901034,0.10750915796138,1.084586239503,0.00222071392387165,-0.646044930385078,0.0792223001078847,0.96217025763497,0.0104251950260297,-1.05021160990135,0.081997871101738,0.932037502074609,0.00479784481812375,-1.37550262644589,0.0939916766294021,0.921923380486322,0.00517939467859175,-1.52168986434308,0.0497921245070972,0.895011344432724,0.00612991476944219,-1.66441801631549,0.075189947579544,0.904376052238478,0.00996021789656576,-1.90325911508998,0.116795365054097,0.834301461852507,0.00321516527313744,-1.42174977080962,0.0470977887401552,1.13988710511687,0.00535307183758483,-0.0709115913669223,0.229972840284097,1.13472983105599,0.000880572748913814,-0.325384481901947,0.164697725679501,1.14728603469428,0.00251632200608181,-0.373264463865621,0.156997543120481,1.14135685732546,0.0105562244414614,-0.495734921349964,0.0873293434159474,1.15480873803073,0.00384560775553307,-0.0497695253703854,0.131666421320245,1.15499501330469,0.00298003704889564,-0.805892101290516,0.10046414082985
43,0.947191882289242,0.0061628144632844,-0.415048687862352,0.0539566963144146,0.931782230618154,0.00257497461720247,-0.625864179357308,0.0416856554637488,0.926822058172788,0.00310938804039559,-0.69884550070493,0.0386145897076902,0.912194127073878,0.0042702306970782,-0.771097934999498,0.0596361105444296,0.912567700793225,0.00708209138587688,-0.859133523251827,0.0693553416878188,0.866669303513375,0.00217259793026463,-0.445539437240688,0.02160787748278,1.09146333212498,0.005479900346942,-0.304716004322974,0.118707851698622,1.08982154570676,0.00200223047177246,-0.58484040201491,0.081094705533827,1.10010845533008,0.00108773770475294,-0.691328792727749,0.0572978155107165,1.09948518613569,0.00753197282975721,-0.876652506255346,0.0418281917177601,1.11571714792791,0.000598143165127042,-0.667715941254098,0.0654707754070577,1.09322100127456,0.00345465721359275,-0.781843832324234,0.0516827407437267,0.913380048296321,0.0100616149211682,-0.964319382309212,0.0436195404625657,0.884636894065659,0.00529822548497935,-1.20476530587595,0.0641097186657802,0.875413301374138,0.00434022488942839,-1.33213638307154,0.0302679187070365,0.85230316286121,0.00573653833430474,-1.40907038433134,0.0484626200239615,0.858695221514796,0.00801275771804825,-1.66988268508343,0.0751003993903298,0.801008639321816,0.00244617764251333,-1.09261644884855,0.0555739697723029,1.06921515421487,0.00561446243642567,-0.165248955624669,0.162903096880516,1.06387600691873,0.000983403764465383,-0.367768043921377,0.114034868755999,1.07399241265196,0.00151428101700137,-0.432082508450687,0.115398535225106,1.06950867319371,0.00831250187964554,-0.550457198908799,0.07894278731601,1.08142144595716,0.00271561014414249,-0.240361275094604,0.118174819695786,1.08091813284506,0.00241111641383146,-0.760074421839555,0.0866384175402887,0.955016664456746,0.0107469594805957,-1.07679237499675,0.0500158533261526,0.923790532727688,0.00515130269489647,-1.35242749321673,0.0800983844817292,0.913700883783951,0.00531124972100698,-1.4875496965988,0.0419508143879155,0.887086146631045,0.00643984365104662,-1.57225520305258,0.0578151028602632,0.894993781387372,0.0102062055466263,-1.85497462503944,0.0960581107780289,0.828327790873643,0.00305712078253904,-1.17615637739875,0.0537372573034405,1.13868477496938,0.00669801994142421,-0.200642560871103,0.203842604614546,1.13199404728732,0.00160033377891573,-0.460063915103511,0.142754972227521,1.14429871050702,0.00175775334332691,-0.550276673768296,0.139109868049152,1.13792452119863,0.0107277504214009,-0.694425368556385,0.089608578139232,1.1531636367736,0.00361493080986343,-0.337590901657746,0.153261827618348,1.15042885641821,0.00323007872796709,-0.945155079729155,0.108894807604441
44,0.94443095667779,0.00637320309313923,-0.416149689872716,0.0322248434945866,0.928177642924063,0.00271613742808013,-0.590912730990535,0.031703004327749,0.923117686819101,0.00322280400989132,-0.672143560887739,0.0320128503958089,0.908637552748729,0.00429301571954876,-0.705680134681215,0.0570256271321506,0.908230449668704,0.00722627618158363,-0.860109163812136,0.0577404119261905,0.865219966425374,0.00202775943175575,-0.271935044103496,0.0352234118780686,1.08918589601685,0.00610769529803219,-0.341684357516721,0.103527042540033,1.0860943224105,0.00204133105131713,-0.614107694495735,0.0622814617092946,1.09592133411213,0.000828250196730644,-0.763372859452656,0.0595514715411381,1.09468809266176,0.00753172815151141,-0.966609154693068,0.0449610483761313,1.11165669512001,0.000711840914320744,-0.815701328817058,0.0715674072721727,1.08945876517599,0.0035722822261929,-0.779379384857463,0.056472850471554,0.906894090102444,0.0101507960364015,-0.969092852846474,0.0240968744443608,0.877519798076094,0.00554909496613626,-1.16082169562467,0.0494930548656753,0.868302893646824,0.00439725436345562,-1.28102043989432,0.0216435295265798,0.845679906200915,0.00593593558845991,-1.30907848735145,0.0339548951204377,0.850554698615477,0.00806900120314945,-1.60180688594763,0.0611589183432581,0.796582868338226,0.00221293559431138,-0.857360308910013,0.0630665074482044,1.06754915376314,0.00649569186650234,-0.257822594016715,0.14160748698338,1.06114325124486,0.00141008099939817,-0.458014851005974,0.0977599102071372,1.07095267554811,0.000980158828778311,-0.558127602700319,0.102199996178274,1.06606089278756,0.00845226229988122,-0.695758973883753,0.0814425554709981,1.07913346918273,0.00280203082932301,-0.462207982193098,0.137217975769103,1.07671316760538,0.00263671632635614,-0.872061528276243,0.0907220968875051,0.94778290362964,0.0108552052913955,-1.08097347199627,0.0244718968054439,0.915815689169627,0.00544134480328214,-1.30085540113824,0.0645236296645001,0.905788980163362,0.00541342984951441,-1.42547405996035,0.0355297104764935,0.879740029898283,0.00666035235821008,-1.45120221904647,0.0397348471347655,0.885970254803573,0.0103425054146519,-1.77553998190339,0.0789686018408649,0.823622470748871,0.00280779461659725,-0.904147107608501,0.0656621897077266,1.13663407966462,0.00780177997224999,-0.317645521546565,0.179519258529881,1.12856737990213,0.00224094643067082,-0.573602840379275,0.122996810724344,1.14043227198699,0.00114674683134824,-0.708539075501978,0.124709693747832,1.13357731727225,0.010867711093685,-0.875066020080606,0.0942205741975977,1.15012013878673,0.00372637672865988,-0.611404011011948,0.17920788834363,1.14520742757685,0.00351783828482325,-1.08170919411433,0.11304704797934
45,0.941741152654481,0.00642243810192428,-0.404463362301842,0.0111466905120225,0.924920188472743,0.0027498353907097,-0.531022514480653,0.0220987528899176,0.919671526515161,0.00331954565023208,-0.62116315790639,0.0268334973954552,0.905530126061508,0.00426819779701491,-0.613113152227024,0.0570415710268997,0.904014630700581,0.00728794217322645,-0.831132457670062,0.0529273283784476,0.864659636383633,0.0018074024561429,-0.0817463710853086,0.0535457153592933,1.08669444114239,0.0066505280194883,-0.373589605251633,0.092705427221105,1.08228018274969,0.00210500934049009,-0.625929757966896,0.0447215844797824,1.09142177186921,0.000548351372524979,-0.818703545814602,0.0671629067759488,1.08952510292904,0.00751473726295136,-1.03813722282956,0.0479753887654337,1.10695039461884,0.00109163715290465,-0.941275558436616,0.0790624803034198,1.08567917024752,0.00369856315439206,-0.782297968435882,0.0581890804154523,0.900474908756122,0.0100652447406226,-0.956312291177006,0.0228804884153602,0.87080096346353,0.00565667442743796,-1.09206909208379,0.0359665196434581,0.861570516609802,0.00441694516967756,-1.2073008275586,0.014099927824641,0.839654010590384,0.00605740129632606,-1.18555308002335,0.0207530017697999,0.84285539930704,0.00803940497535981,-1.50812851765924,0.0530729093301956,0.793353220812003,0.00190144168804513,-0.602789330805604,0.0742844629812774,1.06532396149341,0.00727263283629494,-0.340118058184996,0.122311914816236,1.05793760625463,0.00178622554279199,-0.530499342045564,0.0832836161051654,1.06730085532073,0.000653632398146948,-0.66787553913467,0.0942766109432876,1.06196157567238,0.00857884878810948,-0.824121719372769,0.0840642510765068,1.07580007246068,0.00321452425072061,-0.666513657863163,0.156941297639529,1.07198042289366,0.0028795578487494,-0.982613376275881,0.090365961740419,0.940641563569491,0.0107508849655432,-1.06386573790027,0.0224339894904329,0.90831037217796,0.00557402946708111,-1.21964469405315,0.0495335334567799,0.898334343448362,0.00549322429795562,-1.33646416109526,0.0307135598402291,0.873119803866191,0.00677642593831674,-1.30118611672485,0.0266791867425623,0.877467219086422,0.0103836318376304,-1.6651042399628,0.0673220129762653,0.820305488471276,0.00245551811957723,-0.608522382037616,0.083025171570942,1.13386891647489,0.00879490933941844,-0.422855449675769,0.157498499768251,1.12453993739472,0.00278186314387903,-0.666056109963464,0.10549665564231,1.13579362548193,0.000884888407208314,-0.847191863143438,0.117657265898777,1.12841518324709,0.0109967021059899,-1.03589973680833,0.0993575660536978,1.14578109443669,0.00424702787316153,-0.864968243563866,0.205464503039995,1.13934411413359,0.00382026580077582,-1.21589520046229,0.111655456543424
46,0.939188728131003,0.00632614579366721,-0.380474347147822,0.0174920042382109,0.922130572747298,0.00267240217723122,-0.448310829889166,0.0252198516546306,0.91661567529035,0.00340442822334758,-0.546055218688748,0.0235295051281648,0.90301310182368,0.00417544405412804,-0.492670727246958,0.0624416775790245,0.90008714348538,0.00728804777705076,-0.7700205743958,0.0526499333109998,0.865105312387661,0.00149539911207891,0.139246484243776,0.0803823831980502,1.08400852763813,0.00711533622301106,-0.403000311986553,0.0871417053406769,1.07846719704226,0.0021896352956275,-0.624055792534844,0.0328483416400557,1.08670202831519,0.000438135387385087,-0.857106834182725,0.0772717987761499,1.08409233625962,0.00749085484449872,-1.09060506351578,0.0491795492303244,1.10172445628893,0.00158679299427117,-1.04210303726037,0.0863825754604442,1.08184592119456,0.00382259858674366,-0.793589486612298,0.0566779373921463,0.894213749690922,0.00983480871103973,-0.927651466367613,0.0383618827243622,0.864595665736118,0.0056296059643626,-1.00067676220627,0.0341184000797034,0.855336301296893,0.00440502764353797,-1.11166214515737,0.00816281529083821,0.834346708297843,0.00608643320649813,-1.03805548795187,0.0211440497560539,0.835731302474919,0.00794148588414003,-1.3888879427458,0.0504432523453093,0.791415312044808,0.00149497663766797,-0.328772439943416,0.0904398041833829,1.06260843626347,0.00792040690043128,-0.41434404234503,0.106836867147535,1.05437432898825,0.00211012760319483,-0.588625163064599,0.0714385882767687,1.06312513505893,0.00079770390653623,-0.761521085919712,0.0936559309036945,1.05730090396403,0.00870455511756166,-0.934649911131721,0.0856831190446767,1.07153064668997,0.0039066130383913,-0.84943051701436,0.175347677244664,1.06673312349358,0.00311772567328472,-1.09051923792809,0.0851859838034565,0.933705582881673,0.0104673806385945,-1.02702760618399,0.044202863177076,0.901414885530349,0.00555619676420793,-1.11098841051525,0.0448395283937112,0.891480188980177,0.00555737416074414,-1.22127933152121,0.027880452959251,0.867374812285087,0.00677089519486912,-1.12158765966803,0.0354919455973589,0.869648424615497,0.010349118875619,-1.52330168113263,0.0612904643147281,0.818490947411873,0.00198500303852085,-0.290076920785854,0.10582700841518,1.13047029244703,0.0096409929632196,-0.5189229897465,0.13981761073662,1.12005041805007,0.00323696095541859,-0.741397766567982,0.0913835215679013,1.13048962649853,0.00121644450022624,-0.966287242607577,0.12010870693999,1.12254427885267,0.0111320666734703,-1.17572009744082,0.103594973607482,1.14027901969848,0.00512552375778685,-1.09247174837747,0.229101025496889,1.13285943922558,0.00411073497504655,-1.34589131458152,0.104377905740322
47,0.936864060867488,0.00610556071501495,-0.343502259704347,0.0378403106324905,0.919953701860858,0.00248406706047186,-0.343561919259837,0.0440957579237339,0.914099752926009,0.00349804149440461,-0.446538738230925,0.0231146248568178,0.901229213119418,0.00399476774855925,-0.344077869460939,0.0755119514634733,0.896621686795024,0.00724547366603255,-0.675284691868318,0.0530226786519828,0.866655372225167,0.00116473579871942,0.367704137762175,0.101957402436013,1.08111713353145,0.00750307550791567,-0.431705383903979,0.0866820979561998,1.07471802338339,0.00228790769347353,-0.611542379099053,0.0312348903030961,1.08185136873249,0.000748625276338595,-0.878098131836149,0.0868895695559818,1.07848769077038,0.00746731362288731,-1.12367620859452,0.0477065420153935,1.09611469081045,0.00214312033646762,-1.11627177163888,0.0938431695684573,1.077915446629,0.00393574426376112,-0.814847007307361,0.0522349211971169,0.888223397287649,0.00949676305145172,-0.883113697472172,0.0556134339441714,0.859050934948952,0.00547054867849268,-0.886990362649835,0.0509205078932614,0.849739892024056,0.00438707938795522,-0.993870886833988,0.00699040360692546,0.829882149457591,0.00600529574342656,-0.866008998276009,0.0409290905763681,0.829318194359306,0.00779303487409251,-1.24346301490189,0.0505795349102155,0.790824353095734,0.00100922669332842,-0.0517558149390087,0.106243507417454,1.0594004521739,0.0084174745173256,-0.482530917878406,0.0961126786505568,1.05051036537846,0.00236702630983062,-0.635375520692288,0.0635175560150124,1.05849601482482,0.00131060359972637,-0.839195243344267,0.0990294935936221,1.05217216486635,0.00883670010702783,-1.02677022267608,0.0854410574898882,1.06645522126094,0.00479386775601812,-1.00695273544064,0.190744536992722,1.06099488941756,0.00333039342782421,-1.19337472463242,0.0753519413082817,0.92711825064917,0.0100497275737372,-0.969977614954851,0.0668809218513388,0.895308812424861,0.00538601642952698,-0.9749558353972,0.0606820907416323,0.885393877694413,0.0056347763766109,-1.07957576288209,0.02851653953951,0.862657701362422,0.00662537892704874,-0.911752182493054,0.0632618637244531,0.862680308004136,0.0102591287402281,-1.34932581123359,0.0587802772018952,0.818245538303349,0.00142197185562534,0.0330728935227871,0.127723178351877,1.12642779195053,0.0103083626154361,-0.608392354834013,0.127353183651241,1.11516553003524,0.00359987508353838,-0.803104354624912,0.0822503901673712,1.12460546775357,0.00192281750790325,-1.06581546540829,0.12958209347051,1.11607549324534,0.0112847982522262,-1.2936252247145,0.105757258134264,1.13377392993894,0.00625478858270785,-1.28856472802614,0.247892698079301,1.12578807385171,0.00436490103532595,-1.4685534396262,0.0915256407748869
48,0.934857141869598,0.00570207791249747,-0.294401006552785,0.0600216088439868,0.918507659418807,0.00213717456093907,-0.219278233523756,0.0702720037823418,0.912243826317247,0.00359441832303627,-0.323777083977581,0.02448923619914,0.900318742081512,0.00371443899031001,-0.167944934070303,0.0955199289358394,0.893794904807042,0.00717330357119861,-0.546196990028704,0.0521219043998163,0.869317100054398,0.000991533087652703,0.59475078393567,0.12418541459694,1.0780376686755,0.00785674713655647,-0.460667624783609,0.0900783866308917,1.07107980783488,0.00238139176433608,-0.593217229928837,0.0336327643992389,1.07696690599331,0.00126261669796752,-0.882926783764627,0.0949913284147818,1.07280920892643,0.00744728035229105,-1.13737376085851,0.0434222420427411,1.09026291163864,0.00274778690149403,-1.16265046429439,0.102870350012403,1.07384328521893,0.00403383815996764,-0.846138302682155,0.0456541181220245,0.882606638743225,0.00898780233311133,-0.824454123332877,0.0741454280240453,0.854289887137238,0.00513499873966919,-0.752743016401873,0.0781428553332701,0.844888625407837,0.00435723686626101,-0.854611303892366,0.0117379474028432,0.826386060757664,0.0057988414018666,-0.669231028398112,0.0683330623524118,0.823755961435275,0.00760920659029326,-1.07080978968921,0.0513414283365709,0.791570382724522,0.000504975305986523,0.219987105519189,0.123535888666463,1.05576198161422,0.00886341787108626,-0.547735802434711,0.0892421495230436,1.04640413470429,0.00259988739219866,-0.674987764153514,0.0594635039270948,1.05351201912202,0.00194886978000132,-0.902142827419502,0.10703947850729,1.04667130195283,0.00897459459608726,-1.1000000737045,0.0825304767545009,1.06071778980909,0.0058059417233812,-1.13698868322238,0.203428870616851,1.05480334055632,0.0035011749762979,-1.28825172441243,0.0616032293598748,0.921011450878954,0.00941622655884038,-0.894699487768834,0.0907547362806032,0.890145479781407,0.00500432750068418,-0.813240357608063,0.0916578127682916,0.880203318933902,0.00571690872538941,-0.912121415213593,0.0316018493252942,0.859122020248102,0.00632743569867065,-0.671645908148967,0.0987151445217936,0.856732827721205,0.0101303492081298,-1.14222762497876,0.0576233649458165,0.819561364177085,0.000856308304156218,0.35079361589755,0.150221753523478,1.12181373326633,0.0109243956131709,-0.694804301064825,0.118905375396635,1.1099561108328,0.00393276293280229,-0.856167418210173,0.0779330829488807,1.11826338996738,0.00277104206770992,-1.14711549345972,0.141389511864691,1.10912453686333,0.0114550377929652,-1.38869482780856,0.104593469726925,1.12645011834114,0.00753189886347616,-1.44855755624425,0.260014974022927,1.1181824220956,0.00456430415765904,-1.58021141643276,0.0739876556262705
49,0.933234710628816,0.00517138133370558,-0.233049584954687,0.0815996678726271,0.917947852759498,0.00152599847370062,-0.0775916173740163,0.100783422235236,0.911167521868617,0.00368872211261892,-0.178912546697644,0.0269925835457727,0.900411640588742,0.00333906256588952,0.0334111427636516,0.120015981767147,0.89177942852846,0.0070782246093628,-0.38368746824606,0.0493971789091154,0.873067488012359,0.00122960262110614,0.81525012322316,0.145290018133666,1.07476439274968,0.00815820791899376,-0.489553190388913,0.0956476370714779,1.06756058121615,0.00244723312511161,-0.575064160443518,0.0297040586752165,1.07213003454208,0.00184368412208673,-0.873322873946708,0.100493987721946,1.06715273631331,0.00742803079542175,-1.13220351164455,0.036867220523281,1.08431043986965,0.00340287595698324,-1.18142939461832,0.114838823153827,1.06959152616258,0.00411742963475259,-0.885776953301042,0.0376591079027527,0.877443051425803,0.00837299611996179,-0.751834373035412,0.0922247532908282,0.850484257445791,0.00449623580118419,-0.59891539032793,0.11179571414725,0.840895587209186,0.00431595293940474,-0.694248924544406,0.019417347393411,0.823980065195521,0.00545959601637128,-0.448847514144611,0.0995360502411695,0.819186560569221,0.00740220640855822,-0.870660829908595,0.0511727608524398,0.793609032280072,0.000528172892395513,0.480067760888834,0.14055441907222,1.05169788309813,0.00921797777281403,-0.61112851672806,0.0850026648294085,1.04206827944632,0.0028325001543953,-0.711150872472976,0.0610775782658896,1.04825356322359,0.00264324811969894,-0.951197767830355,0.113622594293396,1.04089735425554,0.00910652896785669,-1.15375706463757,0.0760208171988958,1.05446703713237,0.00689857738305111,-1.23842197019262,0.213891220193079,1.04821253307955,0.00361960133317191,-1.37197714633336,0.0450571465132263,0.915487355753606,0.00865305553064662,-0.801575077383316,0.113346935753197,0.886139465220412,0.00424808821068234,-0.626685234959522,0.133116144432961,0.876043604686705,0.00579981948613006,-0.719384974275096,0.0361607085666777,0.856914642259877,0.0058780336755061,-0.40294954004425,0.137960094248506,0.851975995897135,0.00997446085076735,-0.902117310679214,0.0560544831887402,0.82238629642616,0.000767455270621581,0.6547293642668,0.171217572315932,1.11663227566908,0.0114287881296901,-0.77930263667632,0.112872341118999,1.10443742837921,0.00426765068866872,-0.904273217679806,0.0795436177675778,1.11156425694677,0.00368863079223444,-1.2109437003274,0.150291973212737,1.1018132707098,0.011627591761412,-1.45972986085616,0.0985745313339465,1.11851048499151,0.00886956649753624,-1.568885315086,0.264148496124011,1.110115292395,0.00469720722393789,-1.67668239999275,0.0526159774478508
50,0.932088001212082,0.00453902657857074,-0.159207732802966,0.101446255189449,0.91828848208735,0.000763409808718054,0.0767957528769076,0.130369437104913,0.910984310538626,0.00377626428884341,-0.013615345881505,0.0301614931825687,0.901617312808737,0.00290286438710515,0.256047193391357,0.146337659568461,0.890734620125109,0.00696131042289708,-0.190437911055807,0.046024224371894,0.877859417764209,0.0018305225629002,1.02457754804451,0.163727399827594,1.07129795427282,0.00839621889732266,-0.517329975663616,0.100846743085877,1.06412929718749,0.0024309141454317,-0.560772108400815,0.019165774587591,1.06740830657944,0.00244071440132201,-0.85180371581084,0.101962630711695,1.06160893859505,0.00740019920003961,-1.10924822743646,0.0290366588532407,1.07839019931331,0.00411451317321655,-1.17433384462818,0.129675676309855,1.06513715028269,0.00419041918151826,-0.930195103857265,0.029490720996139,0.872837504977144,0.00767794154923669,-0.664917547576441,0.109407728095078,0.847660160919055,0.00364016000824366,-0.429398675132632,0.146177473673803,0.837874120835068,0.00426669554220252,-0.513372573484505,0.0283514232223338,0.822773297136011,0.00499501839978531,-0.207475182756305,0.132461233598823,0.815748106640704,0.00718144182634946,-0.64391553453556,0.0499054390549411,0.796866558026759,0.00119944597528087,0.722968105591363,0.155586001633036,1.04720820227581,0.0094675260964944,-0.672672869281197,0.0807721498308345,1.03752566039336,0.00308779654291114,-0.747922067462144,0.0716769046142709,1.04279600674559,0.00335164774113055,-0.98675910949285,0.114892582853535,1.03495195426158,0.00921102944379388,-1.18816454857159,0.0655191580726401,1.04785859456433,0.00803355165945154,-1.30898077540979,0.219719515678022,1.04129025666792,0.0036882288214993,-1.44591379092482,0.0368171264872579,0.910677483723936,0.00779873085728504,-0.690672005783928,0.13381198975587,0.883327445851558,0.00321726801551304,-0.420323745229003,0.176794076495132,0.873049155194706,0.00587962971766194,-0.50230228844005,0.0411917170341919,0.856164483994937,0.00530270931638642,-0.109441575211585,0.178248591166644,0.848572332546855,0.00979742270302539,-0.630612259187029,0.0537959409213723,0.826629711640023,0.00144872683245096,0.937598016152736,0.188901321778801,1.11088297861347,0.0117976964335865,-0.861291508337524,0.106116689627999,1.09865595440096,0.00461398677419818,-0.948628792952397,0.0850806139762183,1.10460465202158,0.00462054159270844,-1.25740084630367,0.151447972960588,1.09427142244979,0.0117709520512147,-1.50515900278369,0.0861407179368208,1.11016902473924,0.0101916330848152,-1.64743159211891,0.259818259978091,1.10168330227281,0.00475592486231187,-1.75301690082261,0.0296422853706886
51,0.931509340490043,0.0037165045545882,-0.0732055188892599,0.120474951522203,0.919633579553358,0.000504341568583107,0.240445067281349,0.155219054623044,0.911850848512925,0.0038188913092193,0.169665168699655,0.0330364542053497,0.904045619549136,0.0024545961301332,0.498632106460449,0.176334252705912,0.890804745951749,0.00682283745397388,0.03006617592374,0.0457970917761157,0.883660130699886,0.00262104942550336,1.21909852054971,0.178395625015923,1.06768178363271,0.00855803016936539,-0.540751855397361,0.104007023758407,1.06075768081101,0.00228395644487837,-0.552796954141655,0.0213799014556229,1.06286132239338,0.00301352958846817,-0.821216548771318,0.0975188892449079,1.05626298417581,0.00735203818140107,-1.07008641512977,0.0208693151108146,1.07262131718547,0.00488223613361841,-1.14411280314891,0.144963825450699,1.06047368273577,0.00426373491717064,-0.97384557503497,0.0249552884835558,0.868896384725859,0.00678003664470272,-0.563412333547077,0.127972078926798,0.845948581638858,0.00266078485256199,-0.24664011715838,0.177240718188999,0.83599265035073,0.00418155139583565,-0.313040622636195,0.0368581477508935,0.82287568944588,0.00441680428884731,0.0519870592998887,0.166529765883492,0.813575374782756,0.00695426080900039,-0.392557114734042,0.0493493702458472,0.801283722157566,0.00200765728967874,0.944235751405277,0.167328865224733,1.04234261251466,0.00964414005762773,-0.729411584724531,0.074490518916679,1.03276277639841,0.00338447267809079,-0.784432997487892,0.0855859561324099,1.03720972913044,0.0040203321870499,-1.00924927360822,0.109437436273236,1.02892800039757,0.00926801526652989,-1.20626153799224,0.0544914928910886,1.04105470247296,0.00916441963206652,-1.34816404054286,0.219028203101091,1.03407958404807,0.00376350405938103,-1.50953571481245,0.031460525446777,0.906704626123495,0.00671150344282162,-0.562976707613092,0.154144369398091,0.881869648921121,0.0020403836022863,-0.197599781514207,0.216671082502706,0.871418769836641,0.00590961596402101,-0.262527955522071,0.0451449267186551,0.856995903736021,0.00464376761917105,0.204146413189566,0.21829224055147,0.846676854495015,0.00959962670915417,-0.330846241372314,0.053060526851128,0.832214220232729,0.00238318253809904,1.19357147238081,0.202047997531729,1.10463553643307,0.0120683145116611,-0.936126870057871,0.0959561643910466,1.09262505437789,0.00495242070478641,-0.988064776447657,0.0897588295566206,1.09747790143423,0.00549282579644549,-1.2851702253532,0.141427516897479,1.0866368984289,0.0118416855704376,-1.52301528689843,0.0665644746561543,1.10164214458754,0.011430662919099,-1.68385215580135,0.248038577292901,1.09300694722393,0.0047369647928369,-1.80226253551314,0.0233018977940386
52,0.931580479565871,0.00283818306052688,0.0251781251873955,0.135975530141858,0.921967483850405,0.00139955720957062,0.407227666410267,0.173041499388342,0.913784905586775,0.00384706051752251,0.364390149400263,0.036175041857505,0.90772611445842,0.00217101268959957,0.746895776929728,0.201894359995402,0.892100731698532,0.00663520970519784,0.275615333900181,0.0558892668936576,0.890357746114531,0.00350550022768933,1.39807101135051,0.188564874945861,1.06395408444973,0.00857855479012552,-0.55515005270377,0.105678327155713,1.05739499289854,0.00197542114944915,-0.552491625005391,0.0455559135595426,1.05851820605686,0.0035120433770287,-0.784662609189197,0.0867105537126573,1.05118142140765,0.00726776746602641,-1.01750106866154,0.0120517342351386,1.06710322752404,0.00569148942151747,-1.0946147251263,0.157133041877211,1.0556358829539,0.0043443855289351,-1.01094405892058,0.0294661262719717,0.865723975840628,0.00581325922454773,-0.446408002355756,0.145254132498932,0.845357937515192,0.00156399342437073,-0.0561391072043257,0.202391622867972,0.83528128980085,0.00410343978146123,-0.098432706920596,0.0445470719611509,0.824323145379736,0.00380526421848382,0.319182074694836,0.194938591677854,0.812770388392781,0.00671277191684008,-0.119699473277962,0.0530161304463693,0.806709163296964,0.00287126629921846,1.14319752933878,0.174807439825932,1.03714161092127,0.00965115439676084,-0.777707932149419,0.0680682981247921,1.02780293078189,0.00375837029498219,-0.81862694462745,0.0925184251743981,1.03156800407492,0.00462689273523691,-1.02137881608288,0.0998800521942569,1.02290831743753,0.00926275344107445,-1.20635640769697,0.0422716375638433,1.03420472981663,0.0102405022221195,-1.35943987451466,0.212168203792939,1.02666714867078,0.00377439867090783,-1.55671875406896,0.0230419062203145,0.903682500141982,0.00557234282364687,-0.418894372044842,0.170932255174689,0.881774538003973,0.000894478902018286,0.0340286386094527,0.248817095693582,0.871181100889979,0.00592531878533769,-0.00686752853554432,0.0488214988499718,0.859439558607549,0.00404481745711907,0.524745076725215,0.250879776440933,0.846400527828196,0.00936372240020285,-0.0075871891462963,0.0589262756122512,0.83895473930352,0.00339949177857042,1.42174932978799,0.209810735582217,1.09795929790239,0.0120957016380496,-0.995369060276889,0.0866186921964036,1.0863981739884,0.00529903703711346,-1.02072880995646,0.0901362439690574,1.09030504001576,0.00624288499183125,-1.29338016472687,0.118866552281062,1.07905452594035,0.0118005737509837,-1.51270707232518,0.0413258817077117,1.0931333965383,0.0125472895279335,-1.68226094273582,0.232589239104257,1.08425054015816,0.0046500232689105,-1.81988451507145,0.0490403481762487
53,0.932372209454376,0.00193940345773989,0.135797189410991,0.147869967143122,0.925343752889022,0.00256789608309402,0.568568542392771,0.177767842173686,0.916817005701244,0.0038669484534012,0.563648513468673,0.0384901242182973,0.91264353409451,0.00230153808063861,0.992788942013013,0.214289835068965,0.894718982322637,0.00638568828265556,0.539075156860331,0.0718673800650457,0.89787248074211,0.00443340021444554,1.56102896150209,0.192930106588265,1.060219903159,0.00841567472640882,-0.553537605080994,0.110418652468581,1.05397480867342,0.00145355312931257,-0.561066352955526,0.0765871562151326,1.05439967720974,0.00389806469416079,-0.744542480724465,0.0705589492719422,1.04641212039884,0.00713771081964684,-0.955350898044105,0.00233649532748091,1.06191024763546,0.00651367213475017,-1.03051927771039,0.162653243040725,1.05066917952888,0.00444021192148352,-1.03764605283711,0.0404702066390562,0.863413470069144,0.00477243655521622,-0.313315362493159,0.161037061095744,0.845989783884102,0.000745688254909706,0.134331786095293,0.215415935411369,0.835793346717664,0.00404951079898961,0.12457248410663,0.0503170263519202,0.82711502941686,0.00330641775403702,0.58518739774379,0.212147213270365,0.813414319494673,0.00645054921177688,0.167273209900688,0.0599048378191435,0.813030931120317,0.0037547246718369,1.31979786472794,0.176761408431529,1.03172035148999,0.00949031223196738,-0.808547355134651,0.0650966848269365,1.0226667441777,0.00419971245284355,-0.845333011493063,0.0897729726148684,1.02592861817123,0.0051431549039105,-1.02311692247159,0.0817558803939133,1.01698985726482,0.00917718025836368,-1.1863340859772,0.03011607871913,1.02744603032831,0.0112051694095089,-1.34282772537045,0.195197663474219,1.01917508490668,0.00370949786603648,-1.57122667075886,0.0497721283624248,0.901696887762549,0.0043868749162777,-0.259538723300775,0.18420373303542,0.883157105131719,0.00151133873363878,0.264139456490614,0.264958432390302,0.872389884950107,0.00593158704097914,0.257057666953155,0.0514780984288758,0.863478431984326,0.00372960327303023,0.840563946528225,0.269864070901677,0.847825018733793,0.00907209797893047,0.329693690033635,0.0716090088396835,0.84671274289808,0.00443969392132918,1.62222641537485,0.21081176095305,1.0910403239983,0.0118392856913999,-1.02690184008885,0.0913228128937442,1.08001455267324,0.00565238469753552,-1.04587575682514,0.0882885997378628,1.08319828044255,0.00680954492971151,-1.28117757710472,0.086158043080941,1.07165968789367,0.011617673847163,-1.47537496808985,0.0209687522359896,1.0848225610735,0.013520646233006,-1.64429066518475,0.212744845647137,1.07556680510153,0.00453886360672875,-1.80846460968182,0.0759563757243453
54,0.933972714990911,0.00106755245291446,0.257446985262656,0.156069909838182,0.929642392740547,0.0036964989651544,0.716911486274511,0.167033644809988,0.920938954892149,0.00388829734951112,0.759783669795339,0.0385741380717639,0.91872533799186,0.00283561599624169,1.21997674426809,0.212837284638553,0.898683997108202,0.00608407961585031,0.804356738258231,0.0857290948129403,0.906116348720965,0.00535824875183331,1.7067910009588,0.189650496202433,1.05663217112236,0.00801400345039982,-0.532112922627471,0.121641065929725,1.05045464425001,0.000732970255425661,-0.578468003115462,0.109551534370234,1.0505089691738,0.00414509180258233,-0.704182705689233,0.0499857108586515,1.04197376738953,0.00696167026956151,-0.889278311368186,0.0113364919434732,1.05708524815712,0.00731376768005218,-0.957821366379778,0.159525517297627,1.04562293120114,0.00455216899347347,-1.05316704443362,0.051327096251784,0.862087304729563,0.00353484091977778,-0.164729112167076,0.175083438770493,0.847747985733685,0.00158110672916222,0.316751745222448,0.21266228259926,0.837547745031499,0.00404066849519598,0.348415691440199,0.0526285817450089,0.831191784305654,0.00309264605628136,0.836042011413147,0.216688035083004,0.815527853535796,0.00616958504445845,0.455635103494656,0.0674640314665695,0.820133208369857,0.00462022781918492,1.47394413906696,0.171608918136771,1.02626117804127,0.00912926930540399,-0.81545669310179,0.074356738050559,1.01740979710681,0.00465158112081212,-0.865934515843227,0.0786476809839939,1.02033778404049,0.00551463159843218,-1.01681110404125,0.0522904295395291,1.0112607088678,0.00899861622128358,-1.14892515171361,0.0269650501298351,1.0209010520329,0.012008537454823,-1.30121872238459,0.170780457363976,1.01178308474788,0.00360329282661918,-1.54715714880791,0.0820714220429999,0.900856410941533,0.00302968110818104,-0.0867470049531606,0.194162406896553,0.88588838308918,0.00309128173209586,0.482466100744915,0.260704083428694,0.875055217392302,0.00594101605768863,0.51977299766446,0.0515670149455634,0.869022342087935,0.00387015802307111,1.13474043933671,0.273345042128879,0.85095992682127,0.00871805651105013,0.665893357689162,0.0876226954322955,0.855346407633935,0.00545336080222864,1.79514186310878,0.203127686100162,1.08414898989813,0.0112429024553406,-1.02114280835177,0.117993106527474,1.07352292722118,0.00602257431746102,-1.06304761782153,0.086754320151245,1.07626330233598,0.00715602551892543,-1.25012818701941,0.0484969537690949,1.06456624799222,0.0112830212959523,-1.41541269922431,0.0370507161558924,1.07687261895591,0.0143295196999496,-1.57308977557704,0.18882637520582,1.06709520729203,0.00444477760099777,-1.76670947483684,0.0968697729556191
55,0.936477370796303,0.000973005379389055,0.387233547353055,0.156111747804987,0.934769108689035,0.0046527071847512,0.845802814782227,0.141246109406378,0.926109897246052,0.00392261095537651,0.943987315780058,0.03533630484353,0.925811176546256,0.00353849129857722,1.41404433460393,0.198190255465276,0.903944801168438,0.00574513325345263,1.05747739849149,0.0991912565863426,0.914986360698423,0.00622929685773626,1.83267373907587,0.176965392034425,1.05328191005782,0.00744570107903784,-0.494489113930435,0.125477690254664,1.04678388813705,0.000236322482047706,-0.604541697047339,0.143643005860192,1.04681918027684,0.00424294039039853,-0.669537167886066,0.0243170223079409,1.03784817588927,0.00675023266801362,-0.826511913870607,0.0250784512808141,1.05263285804873,0.00806015981281455,-0.883899604835192,0.147775453383265,1.04053585976832,0.00466934259152823,-1.05993317571271,0.0576143861244242,0.861877208581764,0.00236637438156576,-0.00366076382591445,0.180534950394371,0.850569187821772,0.00276457033735226,0.483595991764637,0.192973117235175,0.840531223710008,0.00410722345747916,0.563142346185335,0.0484825120080639,0.836418709430808,0.00323005612568132,1.05850112689417,0.207757854624407,0.819063523819212,0.00586766610740609,0.732369869582204,0.0769170558472385,0.827893119613023,0.00542414459038247,1.60472801732817,0.157950866869495,1.02089045647579,0.00856098728998203,-0.799118618560911,0.0926169938810317,1.01206268221411,0.00504993365183036,-0.879064950460086,0.063138082793878,1.01485288069447,0.00570919283798115,-0.997616214516859,0.0228813535807704,1.005771720999,0.00869802935720676,-1.10189843651079,0.0440729355456948,1.01467268774147,0.0126347225221669,-1.23787800736218,0.145514660339526,1.00466030991274,0.00350935364689036,-1.48800963198998,0.108460139686237,0.901289113401309,0.00182281245041409,0.0962335991810797,0.195790787819812,0.889875986518077,0.00459095604665815,0.679386571208327,0.234562380724994,0.879146913920675,0.00598293177862255,0.769303770567898,0.046370247762562,0.875893060289101,0.00440015777932855,1.39157422512793,0.260271128109903,0.855735099227988,0.00829436652970672,0.985672491022234,0.107082510630303,0.864706253346805,0.00638533129510969,1.93954346365468,0.184972378369262,1.07750988834171,0.0104018226588147,-0.978395758038928,0.138440297179001,1.06698377321563,0.00642432620872191,-1.0692994393592,0.0807360721321175,1.06957678749777,0.00728194454681881,-1.20902700971198,0.013572071674159,1.05784623269782,0.0108117216887405,-1.34257219490605,0.0647511742167107,1.06940138889067,0.0149700280406095,-1.48030676162501,0.167665822974412,1.05896575626189,0.00437291974219781,-1.6959748962788,0.122945017749478
56,0.939827948083136,0.00168541118748094,0.516300158044525,0.147529952996984,0.940550080683558,0.0053933894931989,0.95062743502769,0.102848683900696,0.932186714467735,0.00390646045938837,1.10688970840255,0.0293180986156067,0.933684583618986,0.00421434865161447,1.56489412350311,0.1706321639859,0.910376651895147,0.00538553594494411,1.28481479107976,0.112405305657482,0.92435971940377,0.00699307497496159,1.93488888548511,0.153948627795028,1.05018921485968,0.00678537445098428,-0.45577601549836,0.115724987407514,1.0429081053949,0.00134444957403818,-0.639215341397704,0.17696952382712,1.043252915645,0.00421022447063346,-0.647014371850735,0.0122171555481902,1.03397918320931,0.00652218734964308,-0.774593085506895,0.0389306066174983,1.04851616476363,0.00872941472374511,-0.816929039276933,0.129011413606968,1.03542550678722,0.00476673879354494,-1.06265416492488,0.0569117251870697,0.862736229910605,0.00131010807166861,0.159990336157612,0.175910458543608,0.85429073797237,0.00380796826948027,0.628402088913732,0.158364144421844,0.844606811993973,0.00417817386506307,0.758006782915165,0.0363040574366592,0.842602399207779,0.00360209360976379,1.24172790078159,0.185197782632037,0.823902478434691,0.00553955899051978,0.983977365495599,0.0881671484088798,0.836178825563251,0.00612010280389164,1.71068191939501,0.135202024422279,1.01574219242597,0.00787444034152945,-0.762101667717583,0.101912108197639,1.00668514049538,0.00540094077654483,-0.88177907135392,0.0493567453780705,1.00951138613293,0.00575349646419298,-0.969886344709869,0.0230957329386477,1.00055484328898,0.00826696856963652,-1.04588831996647,0.0694330196187802,1.00883192672374,0.0130954047422988,-1.15995411342551,0.121033119362779,0.997941533494528,0.00347911485542428,-1.40126854074097,0.124895965894772,0.902921509990834,0.000994484842612996,0.27981825860946,0.188225112333984,0.894908165693712,0.00585601236729659,0.846936378549171,0.188650993977058,0.884493045818542,0.0059873081175978,0.993177577426419,0.0358868574618556,0.883843984574452,0.00509078153166758,1.5984314144576,0.230407444250778,0.8619979204801,0.00779532555066552,1.27334304530962,0.128497193420449,0.874631805629894,0.00717787938609806,2.05359012082677,0.155572172084052,1.07127484362736,0.00946006129139228,-0.915463952867839,0.139121873849716,1.06045269587565,0.0068687713390963,-1.06704896580054,0.0724687553668797,1.0631443260511,0.00725612296758932,-1.16227081672365,0.0217631197587613,1.0515236433139,0.0102371812672087,-1.26298965927634,0.0874323095642307,1.06245995245307,0.0154595994031084,-1.37580427359858,0.146161528384209,1.05130208791694,0.00436492597093598,-1.59658962798275,0.141392360853639
57,0.943978048208082,0.00252288296886905,0.632594666679736,0.129687392122757,0.946815079949075,0.00586822023698933,1.02553696207439,0.0519722087508381,0.938998540681247,0.00383474329581932,1.23615424572879,0.0300903622773623,0.942092352677763,0.0047416852638374,1.66607791773345,0.132534322863641,0.917794055922567,0.00503905111108828,1.47499213563365,0.123451338257668,0.934095641658918,0.007599573082556,2.00987786411236,0.121047601844164,1.04724856582894,0.00612017785460111,-0.433872546826062,0.0961879605517416,1.03875030181964,0.00268169572654603,-0.682697776826458,0.204955532452995,1.03970788871112,0.00408440303798832,-0.64298741876684,0.045122146369037,1.03027923037987,0.00629903512459552,-0.739896528579223,0.0515609564356695,1.04466003211187,0.00930493849372792,-0.764602528099108,0.105673065754311,1.03028363875134,0.00480697420330343,-1.06698630438264,0.0491178191881137,0.8646482899627,0.000783620591945009,0.313158978007339,0.159501901131461,0.858763129193094,0.00464635178771169,0.74419577347386,0.110480147273536,0.849613085522943,0.00422676823938834,0.921339679658174,0.0188642661745878,0.849506643794908,0.00402083432784356,1.37812335831758,0.150896058450768,0.829861273556735,0.00519215820818504,1.19827715073842,0.0998249254673866,0.844852839061446,0.00666534651393159,1.79083788791525,0.104071338179982,1.0108831922926,0.00715429454513862,-0.716666695638586,0.0981136721579172,1.00133650712426,0.00570400971710937,-0.875489961415515,0.0392872040383316,1.00433015859213,0.00568355247400295,-0.938736515442609,0.0478802852007821,0.995627358853909,0.00772321936526603,-0.986053017725729,0.0928410802954586,1.0034098427466,0.0134124027751984,-1.07566510487886,0.0967393989411338,0.9917169165023,0.00353388064754497,-1.29634867225428,0.129290340536709,0.905728186727261,0.00132423128622748,0.450639192682234,0.169482552877642,0.900782637985539,0.00681619751205043,0.976628179117686,0.124389904491625,0.890893389978892,0.00593796285635987,1.17810412398714,0.0286603506879788,0.892579706787757,0.00572996563503455,1.74666643730032,0.185865975180078,0.869521296800812,0.00723261331139841,1.51481731578106,0.149084528224143,0.884954773652787,0.00777844223529364,2.13587419743223,0.115842189753767,1.06548192432152,0.00852715361331005,-0.849224233082671,0.126025262653898,1.05397682861439,0.00732427157378872,-1.0577472907185,0.0653392185048803,1.05695274083623,0.007104111614665,-1.11950100406918,0.0566314468683572,1.04560541299901,0.00958599293409687,-1.18081680121797,0.106440914518774,1.05605886257776,0.0158042361083427,-1.2688644417254,0.119230032599373,1.04419992293186,0.00443599094042103,-1.47708308939658,0.146548250938736
58,0.948822612418597,0.00321742749106406,0.725353648432585,0.11032711798992,0.953374127776832,0.00603497709844769,1.07092536462314,0.00677065557657224,0.946318639543623,0.00370022096571344,1.32298867593723,0.0453375304236009,0.950768185434657,0.00505249823301331,1.71579215617458,0.0890630742794756,0.92596557541245,0.00475997312463677,1.61943051311904,0.129574594024487,0.944044238359893,0.00801054363115825,2.05571366690959,0.080391477166846,1.04431014190644,0.00550457264913493,-0.438797259976193,0.0876928568064603,1.03428356057512,0.00412085258474477,-0.734789451220939,0.221867092058948,1.03606220952838,0.00393397467064251,-0.661183163860724,0.0769936775691372,1.02663956009587,0.00609883380155253,-0.726902008385243,0.0618281187460529,1.04096089046974,0.00977392362266166,-0.732811343979658,0.0805070288380652,1.02507778474998,0.00474714340123022,-1.07811376921034,0.0396985198634502,0.86752717196449,0.00135477669300981,0.444298349486822,0.138735474580225,0.863784268893101,0.00519912368725282,0.830640011850862,0.0631085210097519,0.855337249955316,0.00422804424848845,1.04489271057313,0.0153409686737247,0.856874927793596,0.00434529637287391,1.46459993915514,0.109060067760023,0.836705713825307,0.0048549125980925,1.36594887550369,0.109280304437028,0.853780864202281,0.007028931988165,1.84582215061362,0.0668601736937197,1.00632640943278,0.00652637166090892,-0.673194013136482,0.0861492732014229,0.996050015967845,0.00597168410394165,-0.862999658160951,0.0341302732698171,0.999303254969606,0.00554423201739285,-0.908680378619593,0.0699577169046501,0.990983313153625,0.00709163914290264,-0.927495043187221,0.111211521821734,0.998400419167984,0.0136064587806164,-0.992741307231375,0.0720666011165184,0.986030472681183,0.00365030968230372,-1.18281741615555,0.12153231763915,0.909607764279663,0.00217342231714096,0.595943593358426,0.146864916586297,0.907246779134725,0.00737731535403472,1.06868711119911,0.0584653258534459,0.89808921636544,0.00581909898684559,1.31463262788025,0.0402009444399015,0.901782719327577,0.00618093227226291,1.8329749621109,0.131624116211248,0.87801964597305,0.00664647592886521,1.69934683952512,0.165112169692142,0.895509570993539,0.00814996038010149,2.18688508428599,0.0687746070930681,1.06009113389281,0.00772009650943192,-0.795809107572247,0.111024813878725,1.04757229061966,0.00775228722937008,-1.04484951924689,0.0578727208806546,1.05095392122659,0.00686050876328121,-1.08371522287411,0.0855257764418378,1.0400681108096,0.00887121796739997,-1.10448827306348,0.123462944557552,1.05016688156336,0.0160050300812832,-1.16712231539041,0.0898392207520778,1.03770737035222,0.00455686650745359,-1.34805310875389,0.138143276962919
59,0.954109989278154,0.00377993205051183,0.789952464317756,0.0916182602304707,0.960062929605383,0.00593345520775138,1.08495025307183,0.0406126873372213,0.953904503561322,0.00351451090761578,1.36592523041718,0.0645215298336502,0.959458274050742,0.00512449342002255,1.71705175202485,0.0499903046269605,0.934635318118843,0.00461111082393929,1.71388915620723,0.127507480365935,0.954059334734568,0.00820770171576951,2.07287579156985,0.0358659936500237,1.04118261673135,0.00502708296412918,-0.46988352062747,0.0906171682283178,1.02944042065292,0.0055555677400059,-0.794125749560199,0.223846453335225,1.03219710127167,0.00384349167404261,-0.701143369611396,0.100880909195625,1.02294101081226,0.00593134863144725,-0.737984224910287,0.0688899228069606,1.03729985324224,0.010125596509574,-0.724904246025656,0.0561979814059707,1.01975924339874,0.00455029525509676,-1.09936578932286,0.0443529860482415,0.871106727437072,0.00208808419886959,0.54794025727701,0.115861092759097,0.869205796916189,0.00548586405359919,0.88569244909798,0.0306248726407001,0.861547158386808,0.00417706100576854,1.12628010620378,0.0326990763284926,0.864456163865543,0.00450481537728147,1.50299749606123,0.0660355184595686,0.84417350723983,0.00458185596716064,1.48228320542383,0.112940195313778,0.86284354222538,0.00719980003695175,1.87841404276428,0.027525083163853,1.00198766215344,0.00602693234439064,-0.638732182929002,0.0704917933808729,0.990859915267264,0.00621008696629749,-0.84587200770404,0.0319531656519884,0.994412215191987,0.00538092229820317,-0.882305570981689,0.0857070197240943,0.986596393801369,0.00640027218904777,-0.874728691898348,0.123401306602329,0.993768572211732,0.0136908431741353,-0.91731099481797,0.04895262671815,0.980886410125774,0.00377539873357203,-1.06877834114436,0.103810432401169,0.914255357102951,0.00297495338590186,0.709115870926167,0.122534594753315,0.914106116373939,0.00756109835400189,1.12087517487789,0.01560347669622,0.905798477419358,0.00563199471491137,1.39979733875437,0.0609042757452937,0.911143644407788,0.0063784489670622,1.85983519637981,0.0759140401627942,0.88717499930372,0.00610952419319354,1.82151159024713,0.172100224056805,0.906147965120876,0.00828091072725453,2.20981754271877,0.0195830634160808,1.05495029784147,0.00707180130912445,-0.756892644848215,0.0927203528484634,1.04126647421944,0.00812599380577369,-1.02691686674032,0.0503338263242503,1.04510772679053,0.00657682259861842,-1.05419003579704,0.105721453692134,1.03485522948307,0.00809146493518592,-1.03888662898146,0.137948743014361,1.04473099027586,0.0160713754792343,-1.07608751611408,0.0632616301331881,1.03182802854053,0.00467106597196437,-1.21852948079421,0.118931301686369
60,0.959660492904582,0.00417722756000974,0.824356208421197,0.0780617062609801,0.966698464447913,0.00567470572615127,1.07355368721472,0.0653660376355514,0.961527690023392,0.00331215603024823,1.3682311108388,0.0791108791872695,0.967944583201599,0.00497733254158174,1.67709339892814,0.0369246136582334,0.943549215794214,0.00463476032694828,1.75925589902697,0.114980479738587,0.964011356749372,0.00819756988752998,2.06428860838449,0.00939238933909119,1.03770339692265,0.00479834693084491,-0.521114408045113,0.0989132233424069,1.02422690609305,0.00692036857623583,-0.854963150433743,0.212636594606305,1.02801665345556,0.00387823084519599,-0.758765857387834,0.114099117528773,1.01906601136172,0.00579540330157422,-0.773042830386723,0.0722554164125648,1.03355581175875,0.010350415927379,-0.741579401067701,0.0352409142707797,1.0142771143474,0.00419752978962856,-1.13100019182394,0.0671181297262094,0.875227568874894,0.00269997357276033,0.621617414314076,0.0940976414546194,0.874828737221175,0.00562193961356949,0.915191885314209,0.0236415543026107,0.868019423061721,0.00409171438169461,1.16794206025922,0.0466877142087657,0.872029396054685,0.00448751949281509,1.49970451676094,0.0310372798995675,0.852002251154786,0.00443782726439796,1.54803585351918,0.107863108003839,0.871947766185251,0.0071913473763726,1.89347099402247,0.0106626186478105,0.997805554751653,0.00571669078783154,-0.615396402061695,0.0555859177923289,0.985788487840231,0.00641501972235665,-0.825222758121213,0.0303732351315821,0.989635880215959,0.00523120377543218,-0.860343058157545,0.0944084844032583,0.982426122955268,0.00567635065382068,-0.830899756526131,0.129485613394161,0.989460617158384,0.0136689291740809,-0.853321041643159,0.0356025438071744,0.976261428389086,0.00385619912714244,-0.959710334563398,0.0804356207244894,0.919475761195514,0.00361410226426318,0.78627543845705,0.101056810001238,0.921113158719011,0.0075069798352411,1.14046500535568,0.040323296621049,0.91374770227467,0.00539977850531196,1.43615922786601,0.077790654274865,0.9203902205761,0.0063179690303984,1.83506828570468,0.0354759696889605,0.8966696013048,0.00571408507867544,1.88226576610141,0.166313733678864,0.916753514108702,0.00819081642792961,2.21054955315901,0.0271320893809249,1.0499726511045,0.00666096103154033,-0.732577396399555,0.0755311173897905,1.03509104236939,0.00842902004290303,-1.00383126827065,0.0420019724783951,1.03938416765396,0.00629940454026253,-1.03061456443783,0.116913969262421,1.02991056030923,0.007266021290437,-0.984533401722725,0.146581513291703,1.0396806949073,0.0160037311023206,-0.999799088807485,0.0507204133963326,1.02653532534414,0.00472424416783509,-1.09450029100582,0.0942414251381989
61,0.965306694735761,0.0044413780787773,0.832650948081683,0.0700581341336932,0.973147264084734,0.00533677835573444,1.04403930309507,0.0739405613264844,0.968976471794158,0.00315225311483656,1.33496138701007,0.0835079457442921,0.976061858604647,0.00466357080342943,1.60611425439237,0.0519155786029237,0.952480459173372,0.00482802046251842,1.76120224860442,0.0928734943701079,0.973797935807155,0.00800905660981052,2.03494207142765,0.0467201044064485,1.03381197573528,0.00482052656793456,-0.582998857736716,0.105495087128193,1.01866571440651,0.00817553359296294,-0.910711411750328,0.189634167002959,1.02343445030382,0.00403509624143797,-0.828673987813874,0.116391475099042,1.01491234163491,0.00567902857784562,-0.829008555695917,0.0717357553406203,1.0296170899479,0.0104395034656337,-0.781030639402959,0.0230381472676988,1.00859513628054,0.00369492314058808,-1.16970282360964,0.0944537044141059,0.879723468244057,0.00317899613995698,0.669005182361624,0.0767439107457411,0.880525033562686,0.0057043123130371,0.926092803771804,0.0277656995308673,0.874555661667291,0.00400875496053868,1.17432456371722,0.0504785435356353,0.879423278116839,0.00432329478594546,1.46455659887068,0.0239724376003516,0.859956631683898,0.00446998741852693,1.56906629117094,0.0939317312766236,0.881035170224372,0.00703873091264542,1.89742995811026,0.0402499219647406,0.993733165892378,0.00560408432836823,-0.601662896803831,0.0484629609336601,0.980869694287941,0.00655638880893712,-0.800665039522888,0.0286433215433051,0.984959893844142,0.00512178947139352,-0.842639536359703,0.0962165512921666,0.978427214063669,0.00494220812668169,-0.797034566834386,0.130626689933324,0.985415830481592,0.0135345012276296,-0.8022248071764,0.0437962960078978,0.972118868380688,0.00385982898100228,-0.858181487997532,0.0570589528420459,0.925062957074512,0.00410495520537572,0.830970982997225,0.0856367907223225,0.928097474367592,0.0073306747546526,1.13614098882269,0.057305561516412,0.921686639066088,0.0051688965310659,1.42857117456455,0.0830577975039273,0.929310270583635,0.00604169836516971,1.77057828326376,0.0448414207791314,0.906218125550147,0.00553841042777189,1.88861586291664,0.146750420547216,0.927252714139287,0.00792659167333861,2.19706617794034,0.0636522619130366,1.04510127966424,0.00649662958074354,-0.719681174575221,0.0662112656142325,1.02909852830772,0.00861811262406888,-0.974304143233936,0.0335381074964777,1.03376661317262,0.00606121579772612,-1.01165081274713,0.119452939201642,1.02517985605908,0.00641423021470053,-0.941832015738019,0.150846966110526,1.03494095759456,0.0157923456778409,-0.939184649673581,0.0633440052489749,1.02178884173831,0.00468402825816631,-0.978632367354186,0.0709619194249186
62,0.9709124173735,0.00461377014081553,0.825372298278852,0.0655854240504771,0.979352601706168,0.00504486442665079,1.0033391523966,0.066140909362543,0.976103408394932,0.00306145568892191,1.27752497870929,0.0792025139958794,0.983705683524704,0.00425306692243873,1.51559161015807,0.0649167435910765,0.961247839280543,0.00515193660651579,1.7286723558436,0.0685810271227873,0.98335096839225,0.00768361405903276,1.99129384216156,0.0766003600914535,1.0295236202572,0.00507829874255026,-0.644211368997976,0.107735635388447,1.01282169669707,0.00924645636243055,-0.957617559675902,0.157881988924954,1.01843633128965,0.00429996141694749,-0.903205427301251,0.110708742573721,1.01040693069436,0.00556267706881659,-0.899745612245274,0.0674748823805973,1.0253912550503,0.0103850084176874,-0.839250975278084,0.0326722461356016,1.00270596889256,0.0030733210786127,-1.20921493549615,0.117003535121436,0.88443017303891,0.00355383763610037,0.699975621725684,0.0639578615159434,0.886218537195594,0.00582724122125714,0.925159961676126,0.0275360577417881,0.880997420786396,0.0039651410752633,1.1564381170931,0.0456769656394493,0.886526982957139,0.0040645170438164,1.40918565544723,0.0361027552067314,0.86784850921578,0.00468627721061708,1.55480853361309,0.0761988127299254,0.890086308220047,0.00678897573728232,1.89754995999395,0.0611546306958772,0.989718900244337,0.00564635852329564,-0.592438096875287,0.0494071140031309,0.976119840516216,0.00663195346720023,-0.771851634080073,0.0289763190052733,0.980367369990227,0.00504935560789171,-0.827793339558075,0.0933002974800003,0.974560350967622,0.0042130688162569,-0.771688335419394,0.12860869015741,0.981577687804988,0.0132743917813891,-0.763013084005716,0.0661881967998616,0.968419493305307,0.00377739291432903,-0.764634542114585,0.0401247593091828,0.930819258087148,0.00448877811067078,0.854798380709566,0.0750480212011195,0.934969799004499,0.00718157110682352,1.11647216459375,0.0540682624712132,0.929418717781215,0.00497820237832168,1.39020055518897,0.0775907158183793,0.937764968973937,0.00561964180449819,1.68048845405819,0.0686581909132491,0.915591976319108,0.00560987176559261,1.85190830009573,0.116835431708655,0.937620998276921,0.00754960900781003,2.17855454033156,0.0881527609958797,1.04028187573831,0.00652788035110149,-0.711069743694107,0.0649890223864615,1.02331783434058,0.00869490366503468,-0.937680852430431,0.0311884969411507,1.02824321487245,0.00586157093116587,-0.994522104396558,0.116344176503569,1.02062042359498,0.00554804655732826,-0.908144836501998,0.152736150273382,1.03044575995554,0.0154212717911454,-0.892219537785751,0.0916416057469286,1.0175462914573,0.00454383144636406,-0.871275761062217,0.0559136261979657
63,0.976422465011444,0.00472989927740057,0.811331549964752,0.0584518638169982,0.985271221169717,0.00488669457108023,0.958019088893956,0.043752866429952,0.982822183394005,0.00305531288557956,1.20584086474289,0.0668722695679491,0.990831398638745,0.00381577528006804,1.41664362125635,0.0676302206738912,0.96972339488046,0.00556567612462996,1.67179672445299,0.0615863867288329,0.992638185314544,0.0072646212400308,1.94028130604507,0.0974146474293857,1.02486217230886,0.00545823576916252,-0.695819430427239,0.0984782776636494,1.0067562204848,0.0100764600690234,-0.991609200028587,0.11833573964054,1.01303251413018,0.00461080594962168,-0.975816032196901,0.0984585048799776,1.00551686851755,0.00542324555568084,-0.976630911204564,0.0602171719011486,1.02081294472167,0.0101828195581519,-0.91041525202743,0.0580459757688623,0.996639153241683,0.00238270204013702,-1.2417564073003,0.129889328384934,0.889305720039387,0.00383691420456898,0.722546548112121,0.0537238624460541,0.891866032089625,0.00607191549743152,0.91870836663107,0.0339009180266647,0.887255421550032,0.00398681443346551,1.12408519794804,0.0334451380216401,0.893291532483794,0.00376753583206507,1.34526142316763,0.0419582157199834,0.875546280001572,0.00506317910797704,1.51616974160725,0.0671068405928027,0.899119037785415,0.00649009949172693,1.90086041434725,0.0725342111858967,0.985775281582647,0.00577934292925871,-0.582366381989852,0.0478523225731475,0.971574442749528,0.00661973691809128,-0.737589048550038,0.0357508306447378,0.975857304683892,0.00499683347908023,-0.813487037436963,0.0877485801036284,0.970801993609284,0.00349706659694889,-0.751184616030022,0.12531390761227,0.977903222437569,0.0128734268584197,-0.732598501425703,0.094034332734674,0.965125658014136,0.00361802691504397,-0.678814200536237,0.0351505200482886,0.936679672146673,0.00478595953814026,0.867792944555419,0.064817355041444,0.941671883337671,0.00718288095680703,1.08955829348159,0.0346115683480791,0.936829391388263,0.00485821174129488,1.33311001083958,0.0609093340793798,0.945691356818658,0.00512922127808315,1.57917079446642,0.081618941331832,0.924631179845802,0.00590173434703741,1.78539558122533,0.0867321998271786,0.947881456090726,0.00712140178230711,2.16407402748803,0.100231941106516,1.03553774087127,0.00667163414208571,-0.69993104098119,0.0606129156617986,1.01780318356571,0.00863985459314393,-0.892396331528392,0.0427231997411521,1.02282440967243,0.00568141723597268,-0.975790728756055,0.110569934460218,1.01621236841698,0.0046737173898356,-0.878311803352325,0.154110831197771,1.02614888202685,0.0148749519880037,-0.854498894631201,0.126189988473468,1.01376751772459,0.00431618828322469,-0.772178382277696,0.0520858996279486
64,0.981836806647676,0.00481265877299895,0.79859210282806,0.0446625526021852,0.99089968682943,0.00492402470319241,0.915012640741436,0.0124567093277567,0.989108533461731,0.00313766792083661,1.12933812995101,0.0493149555035425,0.997446175842936,0.00340922984854049,1.31887985788783,0.060641512826303,0.977830715832306,0.00605001381754145,1.60020035692907,0.0826209049606567,1.00165863255062,0.00679258788628443,1.88814866782935,0.109315666511095,1.01992581081817,0.00579942064258486,-0.733931674550137,0.0784034732880899,1.00056015708457,0.0106241137811984,-1.0082139107471,0.0719513788983866,1.00727329727836,0.00488901278837793,-1.04011991410395,0.0816195892504503,1.00025621176027,0.00523567796965605,-1.04954581318396,0.0523145463443195,1.01585062114115,0.00983728860742612,-0.987149061163513,0.0892801370436244,0.990462106180101,0.00168414888519444,-1.25956095013071,0.131439315800695,0.894323788576602,0.00406924247242737,0.744420977014213,0.0426185024963608,0.897463357231005,0.00649790501217354,0.913701067979912,0.0586500075496744,0.893297655384688,0.00409991380353385,1.08670797060277,0.0211502240623599,0.899723345555193,0.00347968013641179,1.283140608817,0.0389964979339846,0.882974574558005,0.00557000132533442,1.46376582570336,0.0772106436066891,0.908181227687185,0.006185381388445,1.91308350539867,0.0751990439092714,0.981927815769102,0.00591320643376504,-0.567263356450304,0.0384352203091748,0.96728465662868,0.00649145289222048,-0.695481403674818,0.0506827662364378,0.971443077117648,0.00493800914958047,-0.796349429393561,0.0820864829009247,0.967151421278599,0.00279604201027827,-0.730320047027006,0.122497423457247,0.974370126634905,0.0123209361122572,-0.706329020106421,0.124664759610286,0.962199242802751,0.00339969233446455,-0.601043089652321,0.0399464855166589,0.942617316286083,0.00503136986433192,0.880142093210963,0.0503446423376704,0.948194293711431,0.00742888482172142,1.06455535653307,0.0327207690131771,0.94387816293678,0.00483968959862986,1.26919983319787,0.0346017489954087,0.953095930164195,0.00463930190369222,1.47969530716208,0.0820616931458625,0.933244916128352,0.0063665492911969,1.70216204152658,0.0757349612540124,0.958095975281007,0.00669626729862488,2.16110160295356,0.101110215682206,1.03090643323491,0.00681425304130346,-0.681703782173171,0.0474169041090224,1.01262889724606,0.00842907929030228,-0.835788036275036,0.0649747508814646,1.01753871932056,0.00549253099003511,-0.951211453700802,0.105521090517456,1.0119654384682,0.00379454466538992,-0.845719096029808,0.156444986666107,1.02203145634247,0.014146234393976,-0.819961554982983,0.163178697008884,1.01041955794098,0.00403283580429339,-0.676322727352583,0.0493437412074359
65,0.987205707794952,0.00487196017755681,0.792807824684557,0.0257396499958202,0.996306582775446,0.00515073041621386,0.880061111887343,0.0249355681567246,0.994979924733449,0.00329918950065789,1.0562584309848,0.0341925203211703,1.00359798341852,0.0030737428783953,1.22996001693458,0.0464375313879026,0.985537973626182,0.006604576652515,1.52216636888378,0.112299989934269,1.01043540691487,0.00630536127748581,1.83985321335965,0.112630491212234,1.01483703481481,0.00602382924822668,-0.755766548901043,0.0489368652679342,0.994391529032709,0.0108286722521943,-1.00355156269292,0.0202643195501545,1.00123582852474,0.00507655040853205,-1.08940914726094,0.0645637468767128,0.994688903707333,0.00497275719627099,-1.10790585558832,0.0500453835877193,1.01051276278207,0.00936521839717453,-1.06077718936204,0.12072870676697,0.98427482529011,0.001047766592806,-1.25620717278283,0.122972691591583,0.899510273159163,0.00426445270363845,0.771401075456299,0.0359988963547342,0.903075056846474,0.00715088181194143,0.91642177986208,0.0944467955089345,0.899138418890064,0.00432564377493611,1.05262269333339,0.0317980461147643,0.90587370162592,0.00323414434451143,1.23122975452693,0.0290220758641802,0.89010798262011,0.00618133361736182,1.40693677620492,0.0979745851065795,0.917341164399467,0.005912414483045,1.93816241305264,0.0703685401671591,0.978230600373094,0.00597239788630885,-0.543315537803004,0.0214366725176879,0.963327163167155,0.00617338546169809,-0.643012972466906,0.0725177547627619,0.96716086791756,0.00484069370073677,-0.772139944405406,0.0795176899745517,0.963634029780956,0.00210720779477279,-0.703338341486075,0.121568956900348,0.970981393681293,0.0116168864583642,-0.678604712353503,0.155758036076887,0.959596164324421,0.00314111781366209,-0.532847141541357,0.0483347275262938,0.948673588241917,0.00523612329219485,0.899699476301551,0.0381986704275878,0.954623456607844,0.00797153718129298,1.05006657679938,0.0746336840490628,0.950581856435933,0.00494505216218316,1.20915262425802,0.0121304016316614,0.960043093668807,0.00420164649726157,1.39300939400998,0.0718481257362557,0.941404913150459,0.00696550653917302,1.6139468854793,0.0920338461880469,0.968352952395482,0.00632047300966948,2.1748212651397,0.0923675896984408,1.0264572192785,0.00686265010132508,-0.652422628424433,0.0263821494532457,1.00789993333968,0.00797231278939452,-0.763764055210996,0.0965493687268509,1.01244170097431,0.00526029788717151,-0.915832380601718,0.104782327292316,1.00792071860625,0.00291542137536383,-0.803592668997842,0.160575323267291,1.0181061153747,0.0132431236899717,-0.781725580665971,0.199085872370436,1.0075077317568,0.00375611544600491,-0.577049028142348,0.0445362395854614
66,0.992591619513257,0.00490210383303934,0.796480925311713,0.0127126710948011,1.00156134809821,0.00555737843848647,0.856518163663934,0.0604420743350517,1.00049192857677,0.00354050957986153,0.993143344437613,0.0383402384245674,1.00936475303559,0.00283411171309427,1.15570264788189,0.0276298401965756,0.992848717630557,0.00722950862720756,1.44435781512491,0.136051818175444,1.01900246890596,0.00583217179967769,1.79349983673987,0.112925579313787,1.00970560232592,0.00605028817895908,-0.759509412878582,0.0144616137794917,0.988358746884148,0.0106993220661161,-0.977730321357896,0.0415648405336971,0.99503060625219,0.00513078783746186,-1.11727074166844,0.0574119060265921,0.988927418264282,0.00460729170481511,-1.1417889737658,0.0612166324341372,1.00485130080075,0.00879629192869528,-1.12208500561483,0.147212144528834,0.978198860957786,0.000595724546545374,-1.22775936780117,0.108258694590014,0.904935881876307,0.00442495839404999,0.80635811871333,0.0426984276544448,0.908751115041251,0.00801643144058339,0.929696432550325,0.133086237737699,0.904831022424331,0.00468591723389944,1.02855948787464,0.0594001265938293,0.911827562505877,0.00305140249455004,1.19594018795283,0.0146166187145387,0.896961730348117,0.00687325684550197,1.35330440198725,0.116723403610993,0.926675954941322,0.00569993283733352,1.97569393278067,0.0620287897444072,0.974775051763028,0.00589821929647571,-0.508020043581686,0.00978255965397683,0.959735299131891,0.00570459538039172,-0.580336023542897,0.0949651091481431,0.963068728051886,0.00467975612517282,-0.736592905966281,0.0828189843887376,0.960299767372274,0.00142856906804648,-0.665120731829659,0.122943514254969,0.967765610213591,0.0107757803225388,-0.643922821539634,0.184007448782367,0.957260853203305,0.00285793006815603,-0.476746254839634,0.0579356379038479,0.954936773915482,0.0053981380660553,0.930557868475427,0.0434466287918306,0.961034108690367,0.00880213854521847,1.04973343520983,0.125905326323986,0.957007937634517,0.00520195032174447,1.16178496565397,0.044859568339628,0.966642158505329,0.00384923051275302,1.32774103126513,0.0534552819182078,0.949135037687142,0.00767109872647823,1.53058356855664,0.116820043405207,0.978753120249275,0.00602954558375225,2.20555291652026,0.0783202886557556,1.02230038588753,0.00674531826687626,-0.609583129760882,0.0166968451934002,1.00367671237011,0.00729777469630477,-0.675686350617475,0.132429150383749,1.00761301751798,0.00495990987629893,-0.86501636140619,0.11037978031979,1.00414958049411,0.00205493088612909,-0.744865927220504,0.167411281802717,1.01441557567448,0.0121919635039501,-0.733412101119972,0.22958732357537,1.00504815765345,0.00351042363532418,-0.474569714612781,0.0439471573743271
67,0.99803444742982,0.00490350085495714,0.807538159490275,0.0307382043732588,1.00673541884118,0.00612700277631851,0.845817586508984,0.0918608728741855,1.00572197103527,0.0038730154366159,0.943291443967399,0.0587236944138983,1.01484461358945,0.00270356242218304,1.10041454049504,0.00737518094114284,0.999791297283516,0.00790954197435558,1.37178308417586,0.148121266354466,1.02735793955494,0.00537450992505022,1.74293076210772,0.11099723022722,1.00462276298955,0.00586711828103394,-0.748085476899153,0.0264537914771508,0.982583474547777,0.0102524858040263,-0.930530055823302,0.0929428355500087,0.988795772116249,0.00502991205661222,-1.11861735069246,0.0687274165579729,0.983125347750905,0.00411874376587195,-1.14331035623748,0.0842797677132769,0.998959125648535,0.00816914072282888,-1.16262733013313,0.164578144007223,0.972361712492347,0.000592386365934667,-1.173678061222,0.0923172177891855,0.910620049955141,0.00458833372767859,0.848159481805938,0.05981509440505,0.914561400030207,0.00908533187327415,0.955066598702638,0.169447922453908,0.910454353655584,0.0051987929356942,1.01865455393173,0.0899557732317794,0.917693453269969,0.00294394625030761,1.18191661410112,0.00792577888430475,0.903580751666606,0.00761648688035056,1.3086338900829,0.127326257181431,0.936241842585964,0.00555511062882675,2.02102939698119,0.0531303767852857,0.97160237765319,0.00568946393445052,-0.462849032758597,0.0316933569819032,0.956569379075151,0.00512218629064487,-0.50810490998819,0.112620737918283,0.959241628613969,0.00444572344190512,-0.686587699825634,0.0917311413102274,0.957216198961908,0.000776158504142753,-0.612516664988244,0.125272069780019,0.964771971590808,0.00982632884849635,-0.598307367580071,0.205722632393479,0.955149223688992,0.00259263542007404,-0.423341012516318,0.057953379954726,0.96144614277129,0.00555110452837381,0.971216270795199,0.0650758146640074,0.967518547885726,0.00990894299437157,1.06575910857039,0.1752386298155,0.963258453753397,0.00564204379620688,1.13284818280801,0.0861411970865805,0.973034607494654,0.00359943920313911,1.29033409054643,0.0294980503072709,0.95649845427565,0.0084558854858354,1.45975779680944,0.135674474310041,0.989377684365809,0.0058359826520289,2.24894294799024,0.0623717923530661,1.01848340978244,0.00646244793205525,-0.555104231123378,0.0426123844833114,1.00004386948664,0.00644315721704058,-0.574904367036654,0.162879144047731,1.00314904139438,0.00458713174509097,-0.795780586149016,0.120641752857118,1.00076096499652,0.0012868645758833,-0.659943720619559,0.180727867331022,1.01102480282618,0.0110350862176456,-0.670873385944525,0.250407377769141,1.00302423794556,0.00328129331681676,-0.379571154463838,0.0500369788192751
68,1.0035765440724,0.00489841165593554,0.822514622317133,0.0527026023861755,1.01190027458603,0.00683255198513734,0.846596676926401,0.11768462076168,1.01075862764465,0.00430825880340318,0.909718871652353,0.0812838333152312,1.02014962646753,0.0026891376655341,1.06687869038077,0.0174255660383952,1.00641160458784,0.00861148638429724,1.30817661231775,0.147118963861323,1.03549332466124,0.00495417655590314,1.69236026911219,0.0967939149181791,0.999689894193585,0.00548869299829957,-0.724329704631658,0.0588905678025556,0.977186846987386,0.00953969064482232,-0.863462461188942,0.136312941261437,0.982686040852675,0.00477757257951008,-1.09072513295408,0.0906481596062457,0.977462919206054,0.00350192459082357,-1.10845592568674,0.110854336495947,0.992963366901319,0.00752256645725263,-1.17602219631887,0.170593438116532,0.966878584812611,0.000903525390938959,-1.09729986893647,0.0794729021254376,0.91660639601709,0.00477642186518224,0.894242498799719,0.0788777644257261,0.920578752005109,0.010333087340476,0.991932660212833,0.200626025743602,0.916101070464397,0.00587058112955429,1.02568470953047,0.119306809730146,0.923595187427818,0.00292180050090919,1.1919723750456,0.0250661365603115,0.910031122636688,0.00837683388967929,1.27712464252896,0.128538675191914,0.946077554141376,0.00548634420631261,2.072871485757,0.042261176698155,0.968776744720229,0.00533971945670713,-0.410246673470812,0.0550019777729125,0.95388101467124,0.00448940281419656,-0.428616686064108,0.12165957824528,0.955761307490754,0.00415062805489204,-0.621135323590872,0.102487751968937,0.954454016438046,0.000346710057029763,-0.545697172407816,0.125206693717654,0.962057304978993,0.00881046720784802,-0.540606604226718,0.21771123980353,0.953249707803625,0.00240149150078505,-0.369969606860682,0.0529830294941737,0.968262866675113,0.00572453769290729,1.01821441139005,0.0896459040180492,0.974174480244204,0.0112613747804788,1.0977088498672,0.218067215796851,0.969455253402315,0.00628897481707308,1.12621272697218,0.126466706112809,0.979383745668528,0.00346303745089553,1.28483369570734,0.00760203536459679,0.96358725298559,0.00928651178386759,1.40720291996046,0.144056516019851,1.000289859557,0.00575065876082632,2.30366872204584,0.0435008499207746,1.01508366220019,0.00600826031844876,-0.491777903512312,0.0704213653045897,0.997073638789579,0.00550039013829907,-0.462738111472604,0.180032279010807,0.999149992935523,0.00416579132025144,-0.707261679458843,0.130722379329977,0.997880348330876,0.000987881997160339,-0.55225700008653,0.192253349215691,1.00800433051893,0.00982839816785749,-0.593109964391459,0.257442475522645,1.00136076709283,0.0030572953853413,-0.302625169530063,0.060530524098762
69,1.00922211906908,0.00491487304257424,0.836991842516095,0.0695083718739682,1.01713243887799,0.00765084159588592,0.85693669307861,0.136911853962315,1.01569979576179,0.00484922104353293,0.894102979065969,0.101076127797447,1.02539629271563,0.00278930958313887,1.05596628889016,0.03822520287932,1.0127718935121,0.00929553228750033,1.25651512571648,0.134427106318204,1.04344179431112,0.0046257349450954,1.65255083942129,0.0768894500119758,0.99497718489806,0.00495324308680951,-0.691475969521909,0.0836403242928869,0.972311851929301,0.0085583686859393,-0.780944834109546,0.169008099524952,0.976857922239957,0.0044044783547369,-1.03387158291283,0.111867177176533,0.972118200325422,0.00277987586796219,-1.0386264879594,0.132666397524608,0.987013413361844,0.00688667282899271,-1.15886264826446,0.16547167289556,0.961834556167882,0.00124226342608543,-1.00560915570401,0.0709794767432634,0.922918326806965,0.00502819456903174,0.94105273037663,0.0942022500009814,0.926893410980726,0.0117625926106988,1.03835681291935,0.22526654656513,0.921870604216528,0.00669341497592041,1.05078046456908,0.145056280293764,0.929658601975221,0.00298744085657936,1.22671093009115,0.0433841644242168,0.916395413370361,0.00912305440381422,1.26182541768402,0.122368947255751,0.956223330648476,0.00551396370351744,2.13314153009813,0.0370759244301673,0.966345538296223,0.00487516954449201,-0.353922497207053,0.0725777995985791,0.951728632200378,0.00379107054570497,-0.342642770820167,0.127222466458817,0.952702980153876,0.00382850615291643,-0.54190102674794,0.11021332791047,0.952066026696859,0.000716891974400362,-0.467356489341487,0.120082731119331,0.959667585984412,0.00778171731415778,-0.473004220005479,0.218186811620763,0.951540828402848,0.0022619235630191,-0.325250047222071,0.0584444329866452,0.975416710199877,0.00596687699318236,1.06674019983452,0.109453186157674,0.981123076670869,0.0128585702871333,1.14329757084985,0.252668445546171,0.975730067901466,0.0071469557835217,1.14356299673397,0.162664561768706,0.985857759098525,0.00344281723953987,1.31230152784388,0.0286317022407899,0.970515819705193,0.0101286721846274,1.37703910296331,0.142662941256044,1.0115521957639,0.00579473067126507,2.37127386599377,0.032576753741944,1.01216307086325,0.00542024967726198,-0.422123509437566,0.0908603846963146,0.994854509875503,0.00451054680222076,-0.342306019340335,0.176282681712536,0.995721254297257,0.00375639238509247,-0.596541063116642,0.139761396327526,0.995592171350256,0.00152695715778681,-0.427118595306796,0.190908834647061,1.00542305530781,0.0086460932919929,-0.497831950239005,0.246866268461887,0.999934535996731,0.00282413074992096,-0.253797483241508,0.0745863942156192
70,1.01493610531494,0.00497539656096599,0.847618553288762,0.0792661064503813,1.02245976711882,0.00853328731754372,0.872112577615118,0.149030931234176,1.0206457347346,0.00548454993723894,0.895812524245069,0.115369165958522,1.03068161618492,0.00298242230520649,1.06001327184136,0.0538821229120605,1.01894316084731,0.00992593614702897,1.21916437884435,0.113336641345706,1.05125640744674,0.00439884564870269,1.62253021282292,0.0560383151253999,0.990501838107627,0.00435389411290071,-0.653147509652029,0.0974211179800727,0.967979478248026,0.00744728283467034,-0.688808012147879,0.189341635772567,0.971469982006139,0.00393817092497828,-0.951167648868621,0.12625167337074,0.967244774223089,0.00200137610224769,-0.939897367610226,0.143791222373871,0.98126463715581,0.00627785973082772,-1.11097285877935,0.152474880604213,0.95727112069672,0.00154606960704479,-0.908073596115431,0.0645367090591063,0.929517122377398,0.00535803654847295,0.985597663282568,0.103540334493588,0.933520329254029,0.0132994501795566,1.09049523055323,0.243098095690024,0.927870164572722,0.00765892605422894,1.09327186225504,0.1652909951323,0.935997027026156,0.00313147059452886,1.28160767149398,0.0583884159608124,0.92276547853164,0.00983310810312733,1.2648885983808,0.113287304670666,0.966712784811941,0.00563535682158166,2.19863542593184,0.0426921581921341,0.964280619790025,0.00436764324285884,-0.297818533319887,0.0822911915486691,0.950087657760987,0.0030981301535355,-0.258198604425578,0.125428292785662,0.950134459095518,0.0035103090758763,-0.453334122339044,0.110823979005153,0.950090770985354,0.00125487457900686,-0.379748201099029,0.112228020918605,0.957628314413161,0.00679133563772001,-0.400815570564,0.207352586003771,0.949934721449795,0.00212727465573308,-0.305110591098816,0.068188814859094,0.982865470332516,0.00630252994152313,1.11266037562301,0.121696496767876,0.988396563371005,0.0146101009051294,1.19780382659305,0.278440680730028,0.982224417457938,0.0082110993219093,1.18435135555403,0.192244642975786,0.992610730575121,0.00353028547052477,1.36802229972164,0.0531591747985489,0.977410369874638,0.0109540024829638,1.37205085361794,0.135550509380955,1.02321627500524,0.00596366989916628,2.44769177604137,0.04095593422137,1.00972092628407,0.00479515423852662,-0.344982409757945,0.101102392763009,0.99335095047191,0.00364013087402628,-0.222603783121486,0.154587665988792,0.992983725421068,0.00340457516621591,-0.467485183036569,0.137402567582204,0.993943861924306,0.00230104214819225,-0.29493370876913,0.170346528107259,1.00335900319906,0.00756307565826375,-0.385152725836664,0.220723947550328,0.99858018831208,0.0025751969636954,-0.241747176302023,0.091587085859551
71,1.02068231399364,0.00508497819695874,0.851279076768024,0.0812936634705296,1.02789320274751,0.00945208725855436,0.889754145158361,0.153649975100895,1.0256704062445,0.0061865834466479,0.907711354939471,0.126568668895095,1.03606069690231,0.00323906787329033,1.07533721260968,0.0652966956426216,1.02500404264141,0.0104806250064082,1.19776833825171,0.0887550227855625,1.05896967846483,0.00426671994858623,1.59806549924709,0.0370760413260531,0.986295660163897,0.00375925464029214,-0.612939851433372,0.100368635809802,0.964214505309167,0.00627706549945181,-0.592635551141802,0.19752825098545,0.966661765687175,0.00348811442341412,-0.847868867089473,0.129484688367431,0.962951666252068,0.00123221146019316,-0.82207349184932,0.14116725176568,0.975861408053552,0.00569997518085807,-1.03584098320793,0.137165499331911,0.953180713480754,0.00180432679674552,-0.814724019992371,0.0570771325529744,0.936386711371112,0.0057439430230696,1.02493550766089,0.106114823048974,0.940474727296833,0.0149151186237328,1.14548759422342,0.253833221023886,0.934190052780417,0.00871361918331719,1.14883874980205,0.179864799611371,0.942693135284742,0.00333683484873669,1.35229534564468,0.0697331693438818,0.929239048404859,0.0104998314075523,1.28750399918018,0.107167044096414,0.977553618670428,0.00583652436150412,2.26446374714319,0.0546438696964747,0.962574469188159,0.00386032014771969,-0.246171733225419,0.0837482540758051,0.948910050378449,0.00248088608676669,-0.179967446234672,0.111425287323963,0.948096901611499,0.003273704674909,-0.361637489916747,0.102379483649828,0.948558002380453,0.00174488423987624,-0.287301271688678,0.10120484320016,0.95593045491158,0.00588339368138738,-0.330420345492998,0.186860322503186,0.948290598200088,0.00200023431087267,-0.315869105679723,0.079795119626928,0.990587197240824,0.00671283909449095,1.15210973082662,0.125455277595195,0.996024409080579,0.0164771626659393,1.25748276417793,0.295092636059957,0.989060225589975,0.00942068245691062,1.2440487603901,0.214049923079927,0.999762290271427,0.00371051451442289,1.44687756177925,0.0737823502035001,0.984403692172837,0.0117484542178412,1.39358822562136,0.128819234517369,1.0353008528064,0.00623787825796786,2.52661559808237,0.0584518485896016,1.00780289995512,0.00418407257191345,-0.267151573230899,0.101640062215839,0.99251072056527,0.00298801667022181,-0.112030613152814,0.117521008743555,0.991021915868757,0.00322102197225488,-0.331986354350305,0.121571456727123,0.99290927718026,0.00296681245677458,-0.171381143750064,0.131841945945562,1.00186401914615,0.00661171595016819,-0.262217551711307,0.194532833528482,0.997105077858503,0.00232788290708756,-0.271649803755204,0.110415524980626
72,1.02640687910744,0.00522780999110314,0.846930967406324,0.0762382902387222,1.03343978020597,0.0103631724930015,0.90750879583529,0.150184004204188,1.03082571089913,0.00692688976534587,0.931400182287618,0.130475574434003,1.04157982009179,0.00354108650800234,1.10295160806055,0.0728724374291687,1.03102779651434,0.010946209452659,1.18932687888113,0.0642292898406262,1.06658316679175,0.00420628399728251,1.57265857651526,0.0240889258215431,0.982361730816861,0.00322995195184323,-0.57280359323415,0.0933786037097675,0.96104093468221,0.00513241005632392,-0.497192412118389,0.194516473783491,0.962477542444236,0.00309945325461909,-0.733135539294741,0.123521355953715,0.959291485254639,0.00054458029217525,-0.696780192012258,0.124988706738331,0.970919198429317,0.00515286845845695,-0.940289376057315,0.125212914874199,0.94951164839584,0.00201454079235583,-0.733898237127532,0.0476740170405194,0.943489291449097,0.00617520888557286,1.05781560171586,0.102187691907478,0.947773666962545,0.0165615204393775,1.20091016911494,0.256851143804807,0.940875570167922,0.00982625219300546,1.21560893884641,0.187404599043824,0.94980875087267,0.00359063009288552,1.4358920813566,0.0774947994991099,0.935910176486272,0.0111272936016477,1.32787016447113,0.10651185873497,0.98872100304053,0.0060923273663449,2.32405388134043,0.0666232910697706,0.961185879224063,0.00338770266288538,-0.201820477624919,0.0778130236810998,0.948181513210391,0.00208194515399231,-0.105982998669915,0.0800214598785573,0.946546077523535,0.00312652172257495,-0.271606714812567,0.087812320465788,0.947434162268013,0.00211388350748306,-0.204345432783681,0.0736887350667859,0.954553981737588,0.00509357255116583,-0.260337091783715,0.158122466951725,0.946457735457041,0.00190695808842577,-0.359029252082427,0.0922396812347178,0.998533301093298,0.00718400841706272,1.18352607050562,0.121047362391921,1.00403456519352,0.0183996180022482,1.31923121284058,0.301806414184356,0.996310350792879,0.010728507604239,1.31970596247618,0.226713710613656,1.00740543522582,0.00397200319447087,1.54482104070229,0.0895859241531012,0.991623266077535,0.01251079578399,1.43952179480217,0.12612923619715,1.04778256427232,0.00658263666126092,2.59948878673156,0.0740595076675258,1.00639441175433,0.00362482040962838,-0.193572776218221,0.0929069733100598,0.992274162121689,0.00263979876146057,-0.0179014570643074,0.068755342741827,0.989770344873884,0.00318628130108557,-0.202307309825569,0.0960492810977765,0.992388390032177,0.00339163451848517,-0.070874015019012,0.0805845697172478,1.00093602932339,0.00579310343060359,-0.14633234860558,0.166780726638781,0.995310908006534,0.00214126793325085,-0.343925482230239,0.128869776136379
73,1.03206370304947,0.00537735473732361,0.835174643514025,0.0666638213204915,1.03908110884527,0.0112183090791606,0.921928930712059,0.136911317346736,1.03616378901541,0.00766438964337935,0.964497893227315,0.126845609855213,1.04729042437315,0.00386174382153555,1.14104551408122,0.0753449856387422,1.03706437181193,0.0113056247416493,1.19021116737315,0.0439263885925663,1.07405621128752,0.00417554347619721,1.53720284815016,0.0209118593284483,0.978678733615923,0.002805976064577,-0.533597003586867,0.080119394029162,0.958431089790238,0.00400228729542414,-0.407819781905264,0.180935690262809,0.958947717135758,0.00280415021962877,-0.614484791266828,0.110836831353201,0.956258528363437,0.000133853770315026,-0.575403839058231,0.0982072367774039,0.966511516588586,0.00464167375925982,-0.833304756928074,0.118848294002461,0.946183212059197,0.00217941824552109,-0.670389057844565,0.0383383839424346,0.95077142114261,0.00660985277767412,1.08441074187998,0.0940302282140106,0.955408012653523,0.0182238352711725,1.25332510712902,0.249888662546666,0.947974582132116,0.0109574091395825,1.29070223408115,0.187905770054769,0.957390567858731,0.00387398680555241,1.52825529686524,0.081236909151278,0.94285598813969,0.0117199828820258,1.38275375957243,0.110469955787129,1.00014735618384,0.00636203809747088,2.36824976658788,0.0742570941285273,0.960046294459286,0.00298400290074035,-0.162429722723302,0.0658702874978932,0.947822632171346,0.00188345361693196,-0.0450282979135935,0.0364103056600653,0.945468721774002,0.00308240443891957,-0.181411236300153,0.0697561367225714,0.946638077896036,0.00227452885366237,-0.138960684281015,0.0362114871237615,0.953492057080821,0.00445759330518821,-0.189090091300671,0.125997915376395,0.944292385494041,0.00189593028251007,-0.432583223039479,0.103600796183094,1.00664162530735,0.00766678115940257,1.20723582328234,0.111221063667877,1.01242596795461,0.0203557041726506,1.37871033455547,0.296126284858962,1.00404438443321,0.0120810121073315,1.40762631733051,0.230157372261937,1.01561080788151,0.0042926948383353,1.65623035898259,0.0996391501175721,0.999175883458083,0.0132427459922292,1.50585776441298,0.128029133033435,1.06058348816309,0.00694439067866453,2.65470722014198,0.0825299899409963,1.00542523085409,0.00315652495838583,-0.126550230985724,0.0787731870471454,0.992478070716191,0.00252576257783319,0.052529646961657,0.011663741265435,0.989152282361653,0.00325103604939123,-0.0885755867462455,0.0646094675326542,0.992218544840613,0.00350936262908004,-0.00542665546115155,0.0467280618319406,1.00047439509282,0.00512916123968356,-0.0539938784875766,0.137225417134898,0.993016098310541,0.00211324197415116,-0.45429285896216,0.14419121730871
74,1.03759748839124,0.00550793925305375,0.81622979217401,0.0538318937794537,1.04479042224678,0.0119488957669825,0.931921366608822,0.113292008705463,1.04172182286096,0.00835796955148263,1.00418360839265,0.11594690024459,1.05322112102607,0.00417255489261989,1.18436883763244,0.0725683045221576,1.04316441194785,0.0115674470061477,1.2035222970996,0.0431699415506098,1.08129725205482,0.00412381042096395,1.481389193378,0.0264698487461559,0.97524915190051,0.00249943616658308,-0.495593635066302,0.0638691829390372,0.95631878439682,0.0029927906679956,-0.326342801229023,0.159893240090023,0.956064885096527,0.00260489991156057,-0.498789822207501,0.0943451684000503,0.953796201792215,0.000447807829144791,-0.467319688949967,0.0657250562272949,0.962664203337774,0.00418048929322512,-0.724490699925388,0.115413784793141,0.943104180169304,0.00230880962718151,-0.625228680879078,0.0325553076445658,0.958200420455423,0.00701217493959227,1.10463352108125,0.0828810281412417,0.963340544235159,0.0198026027096672,1.30157011137903,0.231950480940511,0.955518292491195,0.0120683929070383,1.37102747834567,0.181607356163021,0.965457070034435,0.00416681619729975,1.62341282847903,0.0810052390751852,0.950143347046733,0.0122904377537951,1.45149169434231,0.118703196069489,1.01171192321883,0.00659611104669201,2.38617437701268,0.0758890540612259,0.959170359764856,0.00267659546315064,-0.119695375242588,0.0526785296287439,0.947735301440259,0.0018601209413487,-0.00209077893358432,0.0147606210351709,0.944829471868222,0.00310988493672213,-0.101103926135086,0.0448438285320557,0.946040900739585,0.00218009127605242,-0.103250442011587,0.0453749956215736,0.952706067881941,0.00396032120206403,-0.13221990202342,0.101547953499686,0.941671181180589,0.00201278520261381,-0.53181973525337,0.112317891230286,1.01486920302076,0.00811795600851443,1.22328208769118,0.0974998545996202,1.02116071349994,0.0222246357563607,1.43435407756051,0.276831969230161,1.01231046934836,0.0134253986348383,1.50381812094932,0.224586364332279,1.02441242411636,0.00464543401735985,1.77342655634767,0.103708583548141,1.00715274277044,0.0139559873832396,1.59086921930291,0.135421356223397,1.07355955085529,0.00725940607322358,2.67869753328362,0.0823892444157673,1.00485947267623,0.00280111334017617,-0.0686377692696967,0.0619004300497841,0.992971039453872,0.00265244744015836,0.0969002221085672,0.0567223127135603,0.989041890327635,0.00335976393834051,0.000380250751935519,0.03344412160452,0.992193396490766,0.00330868791540452,0.0171877282562271,0.0890635074888402,1.00031294548507,0.00463294609525543,0.0022860036052277,0.106330001937589,0.990073097787083,0.00231739173843977,-0.595053472152006,0.154495289474308
75,1.04297553106288,0.0055824481091549,0.791918913647472,0.0399691305158639,1.05053644371918,0.0124847975379161,0.935985188600915,0.0786796940869431,1.04751819569021,0.00896740239223897,1.0467772769503,0.0978429937426578,1.05937050316432,0.00444638972734811,1.2267838634869,0.0650046214660458,1.04937014068348,0.011774404740807,1.2236433862857,0.0533852225467396,1.08816724601981,0.00400454928833973,1.39600968929471,0.0389802257005236,0.972073510035647,0.00226824708609054,-0.457611607101162,0.0475775221842544,0.954656909446774,0.00214712410803876,-0.254855543175232,0.133582636334841,0.95378858134533,0.00248130444758655,-0.391796738911607,0.0765652348659294,0.951811400542507,0.000653413715874912,-0.378704132045273,0.0347966814079748,0.959356409638017,0.003787325995349,-0.622702988986746,0.110562142650899,0.940185586748843,0.00241683515203663,-0.597297843156035,0.0316801972153499,0.965743696955966,0.0073691929907731,1.11983455928592,0.069994644621608,0.971544802492194,0.0212199369347767,1.34394340487461,0.201026228700437,0.963518283009921,0.0131205241986867,1.45280451059786,0.16838323197527,0.973994073559308,0.00444992290848906,1.71484947682381,0.0771440173278486,0.95782327422684,0.0128613290319425,1.52901211475337,0.127797135097894,1.02323944133221,0.00674459280298559,2.36685168213723,0.0736658587713944,0.958548758864811,0.00242881688150599,-0.0829358002000338,0.0393868806732026,0.947802349290286,0.00203898101528789,0.0194689171532729,0.0651787610755165,0.944531448764846,0.00316550880970102,-0.0420761860450494,0.0198596263594885,0.945479397079611,0.00184028704025329,-0.100698629427258,0.0908055885889751,0.952067037854426,0.00358937183955441,-0.106289123478178,0.0761752288663874,0.938500083596364,0.00226659238202639,-0.650308320463408,0.117525244468331,1.02317914075271,0.00851600295082335,1.23358635463706,0.0816531065866105,1.03021294713996,0.023911328855866,1.48403148822488,0.24163220415229,1.02113149438694,0.0147092006242269,1.60344109332263,0.2098378987787,1.03380237892319,0.00500146714290584,1.88802741772714,0.102045451372641,1.01562262307605,0.0146728598041598,1.68814856513998,0.145046894581175,1.08649941877364,0.00746444826164634,2.6578498306613,0.0770236957846836,1.00462783265133,0.00251959085727921,-0.0209349415037368,0.0448160679501655,0.993591523947592,0.00309032634564659,0.112403710322205,0.119917700199745,0.989274353051857,0.00348387169479589,0.0579165595693985,0.0249567440965583,0.992087653997706,0.00284610391459687,-0.00565584118179953,0.151903751319037,1.0002382527633,0.00430348077057825,0.01399968080025,0.0739873753601573,0.986378699365118,0.00273423982336427,-0.756590509224178,0.159001623835582
76,1.04818484596487,0.00559908041977517,0.764447613043002,0.0272745882859678,1.05628770617672,0.0127410370043328,0.932681568015749,0.0384060860059739,1.05354568911295,0.00945297484467455,1.08745544847764,0.0725243657974879,1.06570528258229,0.00466112994188438,1.26211635858382,0.0543830795437365,1.05570662057358,0.0119571859433934,1.25047365776533,0.0602271618504252,1.09447101199411,0.00378644519356876,1.27381228705946,0.0572914619221329,0.969148760237613,0.00209571984554387,-0.418663445024336,0.0330932308030424,0.953394489736542,0.00149123035687427,-0.195973050136102,0.10481259409017,0.952051599153766,0.00240376270451599,-0.297886524266493,0.0593923867871181,0.950192285314402,0.0006968563092669,-0.312143538669327,0.0230082889957138,0.956527590866261,0.00347223972312461,-0.534901420387096,0.101877195957126,0.937345487155403,0.00251719528372332,-0.585737984047451,0.0341803682488794,0.973376514140709,0.00765884507486828,1.13162312178959,0.0561151862019694,0.979992731863318,0.0223822472927202,1.37854277694478,0.155877561387719,0.971960647822392,0.0140731194488993,1.53129330275607,0.147838694351759,0.982954174815967,0.00470772793570119,1.79625365581747,0.0705370107290458,0.965923592317492,0.0134432540588131,1.61218208959178,0.132215246064042,1.03448999462361,0.00675784939770479,2.29890855129606,0.0720298923094715,0.958126112403404,0.00224795615205323,-0.0535736226795698,0.0269096330923753,0.947892068547882,0.00251443709999741,0.0176243365927658,0.11385345720214,0.944436975038245,0.00323670615527922,-0.00880632185925718,0.0165557436121,0.944788161627716,0.0013189583186065,-0.130969354231987,0.135271931865944,0.951404345864708,0.003341496117224,-0.11520323191816,0.0505019142341177,0.934700359189645,0.00263142557791246,-0.780978280101233,0.118748343556594,1.031547686507,0.00883789854569964,1.24044822998432,0.0647333635507795,1.03955543173138,0.0253002307681153,1.52538065134498,0.189157712717037,1.03049784600707,0.0158783732424857,1.70043793236415,0.185497714375406,1.04372970546073,0.00533516173521084,1.99174390565728,0.095680182770284,1.02462335051761,0.0154026584874345,1.79300462777894,0.150162169972692,1.09911381142454,0.00749863016527367,2.57831757003771,0.0738224862446526,1.00464885281035,0.00232290636057671,0.0159787019768248,0.029009870394056,0.994162266295659,0.00391445345483983,0.0970793795336058,0.177156017964418,0.989659752975793,0.00362750066176367,0.0801421102726545,0.0488492509435388,0.991683018101281,0.00229086128164066,-0.071523229090944,0.208092385622497,1.00001383123499,0.00412463438906332,-0.0222583736137915,0.0407979524404166,0.981853817258664,0.00328718042594192,-0.928764201918621,0.157537452836254
77,1.05320573960898,0.00552722952966833,0.735451562512916,0.0203292327344188,1.06194554038091,0.0126079153654485,0.918371016510903,0.0501485494628973,1.05976630083978,0.00977705991433635,1.12059584874015,0.0400627499415497,1.0721605114797,0.00480189020884832,1.28387400040752,0.0443821346489413,1.06218295326942,0.0121150154338411,1.27855352292454,0.0611424820192076,1.10003082302163,0.00345448983986902,1.11418458511224,0.0788528801636598,0.966492302541135,0.00196599270622995,-0.378200790018056,0.021527679253407,0.952416319453742,0.00103315855926812,-0.151865433236418,0.0745908086646296,0.95076865715582,0.00234577248938335,-0.21990723807736,0.0441912358436802,0.948825484513357,0.000614528982560717,-0.267039755954397,0.0372290312934059,0.954090706924205,0.00322685741782361,-0.465025167404962,0.0897452404033439,0.934501599681789,0.00262411902377253,-0.589678227215853,0.038914519514199,0.981083471679164,0.0078583394012565,1.14085420808362,0.0404365023819763,0.988579926562536,0.0231886089782735,1.40068796419411,0.0941789655907829,0.980801971326244,0.0148842708184317,1.60104520228108,0.119371808475162,0.992257227364349,0.00492887811672173,1.86098462996367,0.0624810269321352,0.974447942416604,0.014022821257687,1.69527245277469,0.12968868067671,1.04519870550158,0.00660282805540445,2.176207935016,0.0808749456056994,0.957850354031255,0.00213799447625726,-0.0329476397505346,0.0151386776051035,0.947828896729987,0.00332788603435669,-0.00708372590740332,0.159334701190245,0.944394932580384,0.00332942961293967,-0.00315504152447712,0.0374152904681758,0.943817328946062,0.000855060313815845,-0.190414062861783,0.171327523414,0.950543637446043,0.00320556104404685,-0.158886309003448,0.026973810268793,0.930262943366009,0.00305581395055677,-0.916517470786735,0.116819167545255,1.03996145038051,0.00905494656685933,1.24538697580452,0.0460318291668197,1.04906932161125,0.0262734939738341,1.55266750913142,0.117176770655904,1.04036212365914,0.0168786824926718,1.78778256813866,0.151021207078528,1.05410071818462,0.00562637476258166,2.07594694361482,0.0862548400557851,1.03415994603994,0.0161285458750879,1.89797892737555,0.14754278702622,1.1110842106745,0.00732414881162439,2.43306039599575,0.0867216669962706,1.00484462193849,0.00221557712574328,0.0399211676249674,0.0153482589683344,0.99446181865565,0.00513743414144064,0.0527469525698903,0.227898842920542,0.989998509135289,0.00381608516357551,0.0661494671961067,0.0746001120009748,0.990790841250186,0.00202725222350652,-0.173795107923927,0.250620999771529,0.999407398483074,0.00407113509387371,-0.104484291168959,0.00908906280050263,0.97651286062294,0.00389108945906144,-1.10193615455526,0.151515405764352
78,1.05803381001807,0.00534645156383095,0.705529636379239,0.0267137617762935,1.06746286782797,0.012068348482331,0.892460133284936,0.113748239272346,1.06610248382613,0.00989604974208665,1.1395298806706,0.00353803084474495,1.07863974624514,0.00486147216293514,1.28573785876055,0.0412767769120688,1.06877773183345,0.0122337040849527,1.30173419156284,0.0565529913259624,1.10467495776233,0.00301599360035596,0.921356565169161,0.0992451844210992,0.964120501634868,0.00184103542777995,-0.337263002750018,0.0138607780738043,0.951631882282205,0.000829661355086356,-0.122247549930895,0.0503221950953062,0.949849309431106,0.00228947972693874,-0.159395574417148,0.0313097871680499,0.947609129361545,0.000470587168890903,-0.240648551428646,0.0512503546853644,0.951950134197797,0.00302525648027404,-0.413354987014698,0.0764232173135622,0.931577805299502,0.00275166003657733,-0.609753867728355,0.0455279848054071,0.988851167944402,0.00795230851726484,1.14726743916621,0.0230623991227681,0.997233780722873,0.0235714434444004,1.40899727108002,0.0230750023313018,0.989964399511161,0.0155066727777598,1.65530650094182,0.081450144204818,1.00178954838488,0.00510531957762155,1.9023434665652,0.0548733660850224,0.983368053828549,0.0145712826165285,1.77194532193728,0.119144158201503,1.05508422285634,0.00625557714440087,1.99577563298543,0.103255079639819,0.957652507601147,0.00209385888940459,-0.0235461835747532,0.00702018993548914,0.94751404377215,0.00442312598185196,-0.0521988776717507,0.19699836251879,0.944244435166542,0.00346754672790523,-0.0251629465457755,0.0580597550834099,0.942446000134833,0.00110596047692072,-0.272991904117645,0.196357489152134,0.949327341295017,0.00316767406644122,-0.233311453577598,0.0175350622084989,0.925188762214255,0.00350725989543932,-1.051706395368,0.112654285835037,1.04841475674336,0.00914821831322547,1.24854359838228,0.0259605657336665,1.05867132251782,0.0267512288270419,1.56413351231962,0.0347439163621877,1.05063345026731,0.0176521973663509,1.85688204906175,0.10480307057555,1.06477879101589,0.00586033801775414,2.13208006992706,0.0761026714584632,1.04419637698181,0.0168155136423542,1.99490579405436,0.135344173466077,1.12207608414028,0.00691610475249004,2.21921058893529,0.116991521018773,1.00511355150901,0.00219285722869365,0.0475388420018783,0.0117868000875631,0.9943700086156,0.00665672556241988,-0.0168589697716716,0.267234095737121,0.990085067133905,0.00408994540427312,0.0175336906010552,0.0964039635377796,0.989268212009119,0.00246431543587267,-0.303048971498963,0.276999308872953,0.998217752280815,0.00411867061382137,-0.225599828968827,0.0224455147983457,0.970380956401086,0.00450005185880177,-1.2695503858611,0.142484366656005
79,1.06267399939614,0.00506905261789971,0.674546298806022,0.0409337645405635,1.07276416651868,0.0110974418013476,0.853345990643095,0.185191034919255,1.07245312503983,0.00978676014828963,1.13940758175001,0.0451471215225273,1.08501907905509,0.00483976856687843,1.2623274008665,0.0489638406508078,1.0754370495459,0.0122876596235624,1.31350015793328,0.0497941540575773,1.10827473687426,0.00250101981182919,0.705303857268861,0.113916269141892,0.962020564809352,0.0017502391793376,-0.297522143358584,0.00989479622188967,0.950957599679288,0.000909430342503173,-0.106896485565519,0.043517501429592,0.949186376571029,0.00222987113186892,-0.115641808977379,0.0219677378051777,0.946458907083341,0.000377235987191243,-0.22956963779787,0.0597016051189553,0.950018443925874,0.0028357386989487,-0.377231167925445,0.0648768435785182,0.928495875879515,0.00291432354545865,-0.646788709390591,0.0534899938657115,0.996658972877796,0.00792753199071756,1.14991908027729,0.00551486309363475,1.00586069110601,0.0234706669031358,1.40063022663147,0.0673692356605159,0.999331302665369,0.015885562932651,1.68887892928377,0.0366529180415373,1.01140617189458,0.00523115042734197,1.91419879233434,0.0502548791126072,0.992621142665974,0.0150471977378035,1.83535360552456,0.1002406087462,1.06387404111578,0.00571226402416829,1.76043177841346,0.132976425027907,0.957445908335324,0.00211904785764699,-0.0274796011972837,0.0129502092194191,0.946840427464024,0.00573008966660738,-0.115367103549972,0.224850602485117,0.94385349271994,0.003665213520615,-0.0714258501201708,0.0739693582605517,0.940589320145807,0.00194132778701582,-0.371562695674964,0.209951201884644,0.947631504172092,0.00321613030347003,-0.33147646786625,0.0318806087686917,0.919495943364009,0.00396492193979652,-1.18420294906565,0.108138551145348,1.05689582302336,0.00910520365023878,1.2490358440172,0.00933816598569755,1.06825355405246,0.0266649234103232,1.55638013636269,0.0734066236094478,1.06117115475261,0.0181320740300824,1.90111613655491,0.0498126938884719,1.07558790264269,0.0060265539578858,2.1524255779542,0.0683218597762303,1.054652771086,0.0174131328862924,2.07508251172564,0.112633333920874,1.13179796549768,0.00630616788033069,1.96265386177593,0.13790085420066,1.00533350649133,0.00225785102749756,0.0363169440588167,0.0224944481476329,0.99375715647524,0.00838086720461137,-0.108112054601959,0.293399946392651,0.989763838812836,0.00445623559571872,-0.0600039203344569,0.110995816440944,0.987025193588487,0.00343627101520584,-0.448826948824478,0.287409348315352,0.99629570902185,0.00424920702036811,-0.37488877063353,0.0478156470357083,0.963502991562587,0.0050892286498965,-1.42767810456461,0.132074578962387
80,1.06710493603034,0.00466996414739536,0.64159402480334,0.0570560934833362,1.07775324750028,0.00971104814620693,0.798309367692106,0.254061607905018,1.07869240426033,0.00944077623999219,1.11586344489857,0.0922952576346945,1.09115445922963,0.00474286481853142,1.21006536982305,0.063652052328047,1.08207416871591,0.0122427597521375,1.30732597747758,0.0502682780279418,1.11076419156657,0.00195764784837191,0.479051731245963,0.120791310331709,0.960176339504765,0.00167813721748399,-0.261319983436047,0.00815188229993264,0.950318223675067,0.00121138268453802,-0.106060241266953,0.0564021022238019,0.94868792473512,0.00216458479180581,-0.0877561084379253,0.015777186484668,0.945306473521687,0.000466066595435593,-0.231160752088218,0.0644448226384103,0.948225378646486,0.00263411175894744,-0.352905536100592,0.0574126462211379,0.925177310683715,0.00312249797584366,-0.700740912250237,0.0617419139510765,1.00446335714202,0.00776663812244108,1.14655396673103,0.016958132514265,1.01435595585604,0.0228459024535203,1.37122122267872,0.154560167603986,1.00876346935661,0.0159842397739271,1.69641557545057,0.01930490915798,1.02093608432465,0.00530192580525016,1.89175821656331,0.0513219654482187,1.00210797572369,0.0153993523736077,1.87829993788591,0.0749115865728645,1.07133259742404,0.00499111626244126,1.47998398296933,0.161279228049588,0.957125745670741,0.00221816581833071,-0.0469918326101371,0.0233389329811837,0.945677693825631,0.00713624016452636,-0.194818546109523,0.240601007922441,0.943107576948539,0.00392833654403112,-0.137984128768335,0.084699414918425,0.938198449370777,0.0029169812771422,-0.479213477080305,0.213269820921155,0.945374843127886,0.00334301891294756,-0.444864922294429,0.0492169505078476,0.913150364016006,0.00447527275080942,-1.3345978031077,0.125088718909369,1.06536633002113,0.00890595894141722,1.24442389639864,0.0232393606322637,1.0776958223171,0.0259697539692823,1.52425131144458,0.173663726624748,1.07180681016822,0.0182758327683034,1.91384096494485,0.0155245690673359,1.08631978541288,0.00611787847251846,2.13099934323349,0.0666492144956389,1.06540360036467,0.0178594789150867,2.1294905768398,0.0808576719901304,1.1401474709019,0.00567046065026654,1.69343669319153,0.140831788039879,1.00535985569899,0.00242130328021086,0.00369287910342398,0.0357434760328784,0.992460757937818,0.0101649818894041,-0.218068237889039,0.304391151553067,0.988904614489354,0.00490319899440774,-0.160300270987181,0.11841220645556,0.984022743444299,0.00460269313466864,-0.601367700492823,0.283958388443497,0.993554326659411,0.00445030122487709,-0.539994354245339,0.0681919094405253,0.955933115055719,0.00564726387126337,-1.57458098856881,0.121562968976434
81,1.07130042778714,0.00416021008696089,0.605308108958026,0.0727214120215851,1.08228940972631,0.00786990545954692,0.727768529269619,0.315317569905443,1.08466313830744,0.00887791743436425,1.06424022745554,0.137753841431527,1.09689285553115,0.00458211761381632,1.12750620571985,0.0804388874449932,1.08857173470585,0.0120605022819352,1.27723953645269,0.067701627056901,1.11214476501943,0.00144630174006878,0.255664878377577,0.119415311334136,0.958557433545968,0.00161539633422327,-0.231448828363753,0.00624387302671685,0.949607366088805,0.00167776799325089,-0.117558769322829,0.0773006548266112,0.948269414014112,0.00209671167161876,-0.0756562069981375,0.0125841117116255,0.944093045935624,0.000697713664002901,-0.244232020090468,0.0688509304842062,0.94651643004449,0.00241173125485123,-0.337690193633816,0.0540771150926034,0.921550211456462,0.00337735317995959,-0.769763433205847,0.0686824509563174,1.01220774584752,0.0074626222384759,1.13399880302223,0.0384132139001822,1.02251557267759,0.0216156391367496,1.31874073982816,0.243602400270751,1.01809150629559,0.0157791095614418,1.67154515005267,0.0720658382409071,1.03019136329447,0.0053146991453351,1.83195901742259,0.0588345421082983,1.01169288389601,0.0155711631631224,1.89368500397796,0.0540338588806115,1.07737512935941,0.00423209024784737,1.20141947174025,0.149626550949018,0.956576532785131,0.0023913792609829,-0.0835166184669885,0.032372990205432,0.943952858445118,0.00864239295888408,-0.285483781109368,0.247395966219366,0.941890572505475,0.00423344390332598,-0.220950521414706,0.0901513923175423,0.935255357025132,0.00390177572004985,-0.590133066546433,0.208551210510141,0.942519325637512,0.00354342580543839,-0.565022256845498,0.0640484532248963,0.906063751326597,0.00507607133662685,-1.50289872031683,0.132454323152688,1.07377452348546,0.00854492987347029,1.23115331629181,0.0469663502194632,1.08676139696375,0.0245778109997321,1.46534803187911,0.275860507118025,1.0823361197968,0.0180576127706942,1.88732016560839,0.0794668738215631,1.09674557722693,0.00613051002810622,2.06406259591734,0.0731757800460798,1.07627842907596,0.018087149387944,2.14936685205962,0.0522154944065792,1.14713395753052,0.00497828931214841,1.42288816631847,0.153364729202828,1.00503552390058,0.00268331985325832,-0.0517335676788945,0.0469718276544895,0.990410785376309,0.0120184805567725,-0.338740737044678,0.3024431255143,0.987376100797893,0.00537783883157832,-0.277386324965259,0.119193733890942,0.980263916597879,0.00578426283456271,-0.752750925439062,0.270075046222082,0.989967773509886,0.00471315132340359,-0.709019309762693,0.0836119205061153,0.94772865502028,0.00616911722475008,-1.70978424715105,0.111444868972339
82,1.0752401581464,0.00357663120458176,0.564495398735855,0.0862808209160774,1.08633229640241,0.00572973764667803,0.642849747375816,0.362924953786683,1.09021248515703,0.00813361208139522,0.985181400962015,0.180320401041173,1.10208324486291,0.00437342024430562,1.01537380765998,0.0964727433684564,1.09478735525918,0.0117071061317675,1.21843777356726,0.0986711240381889,1.1124761821293,0.00104766043143787,0.0460676314864451,0.110848389803298,0.957108248102475,0.00159728972184099,-0.20910012508194,0.00548805902861828,0.94877399266873,0.00226416840875998,-0.139376609278825,0.0987920657615102,0.947840575444957,0.00203385939883117,-0.0780531499108107,0.013515339955319,0.94276249308774,0.00100139420086309,-0.268899707727982,0.075933328529094,0.944843024962863,0.00217845214731132,-0.331430317737009,0.0528682804964576,0.917558866067147,0.00366901972062004,-0.849828207073956,0.0726302162028691,1.01982211139214,0.00702328415572146,1.10955317433145,0.0598887940190722,1.0302511938119,0.0198934012762429,1.24391504215418,0.325941507399228,1.02711881384383,0.015267860400758,1.61292532516479,0.128738740278544,1.03897719714413,0.00526868033804956,1.73371324871019,0.0710705339379499,1.02120701759233,0.0155102089168092,1.87510511105011,0.0666199893331312,1.08206768615914,0.00353867820502974,0.946462565600518,0.142296366266698,0.955697345108052,0.00258859993148884,-0.135859086415747,0.039205730526194,0.941644532582168,0.0101762757538373,-0.387967938750852,0.254735976661001,0.940163277867084,0.00457931880309611,-0.314375039114806,0.0923758162789751,0.931763356862941,0.00484844190978718,-0.702755985515289,0.202463248291621,0.939063214148978,0.00381451663257314,-0.685044398056839,0.0759839070223541,0.898202623188198,0.0056831624543338,-1.66639190053478,0.126200672952604,1.08205109394887,0.00803228095718623,1.20594002684679,0.0707839675014838,1.09534820168978,0.0226277909441405,1.38252605925628,0.366001946773985,1.09252064546981,0.0174800038138921,1.82001719232038,0.146825498102475,1.10662887627751,0.00606463591346728,1.95046569505813,0.0864428257863193,1.08706701035496,0.0180344704344037,2.12702384765162,0.0688986912169784,1.15271981022723,0.00420483609652982,1.13729237746468,0.167956268583081,1.00422880202815,0.00297303583056406,-0.127835687326402,0.0553916000698476,0.987620700761871,0.013813412611415,-0.46476519038657,0.289730493681889,0.985156817051981,0.00587272567225157,-0.403501382349712,0.116206933181487,0.975782045597825,0.00689920163935602,-0.897436879785939,0.249865922077763,0.985560382705608,0.00503258848003925,-0.872445894152915,0.0950263752722171,0.938902082193116,0.00669689105458158,-1.85247392346163,0.120699710769902
83,1.07887624147453,0.00289767241639868,0.517849288862488,0.0974777295797927,1.08980197449469,0.00340386532601571,0.544446417573959,0.393387391585077,1.09519544055605,0.00726688596809727,0.879963679058981,0.217195066573832,1.10658800078199,0.00413683645173527,0.876624103312692,0.110170230357253,1.10056339362402,0.0111606815754588,1.12821703904485,0.13580460219343,1.11185945329135,0.00086636896975044,-0.142818213652557,0.0977880698266954,0.95576947721439,0.00159858312361709,-0.194862029282403,0.00642256758822407,0.947765189883691,0.00295652030307182,-0.170172181824112,0.11793576880456,0.947324107539045,0.00198683241257198,-0.0949045231680942,0.0206049359660444,0.9412569925877,0.00136868122889435,-0.305851067753039,0.087066396076517,0.943150284636637,0.00196432609077148,-0.336462356630857,0.0527146398951358,0.913174106035172,0.00397677513969978,-0.934558127035814,0.0717604757010343,1.02719437983451,0.00641813217016934,1.06990132125166,0.0823133131404646,1.03743247165086,0.01775110583204,1.14685090448541,0.395856462127273,1.03565560735908,0.0144520452762609,1.51974464095602,0.184927805734065,1.04710371815704,0.00516662895432026,1.59831662272873,0.0854768255298741,1.03045657004444,0.0151762260991167,1.81794456699765,0.110686280694233,1.08553321089119,0.00284600543110072,0.699632911240042,0.14558825803766,0.954394912639957,0.00284693278922154,-0.20151443053465,0.044099342650389,0.938706278285997,0.0117440528229116,-0.495664081352929,0.259376957497327,0.937892450719857,0.00495376205515695,-0.413955737731494,0.0922115391324824,0.927690995223771,0.00579233563239852,-0.826957111415333,0.209002300328692,0.935029542795901,0.00415516316882591,-0.80035106679321,0.0853993306434635,0.889631121055638,0.00624473314083869,-1.81247349422571,0.11304448644069,1.09007781693437,0.00733807933978266,1.1647300428664,0.0953339836772528,1.10333611175792,0.0202621948158025,1.28141263510132,0.427814066710358,1.10213227725209,0.0165501809869156,1.71118539477237,0.212704455136427,1.11574074299291,0.00592568628907857,1.79207221010566,0.103005501883986,1.09753056584101,0.0176548945744983,2.05718260676722,0.124650035774657,1.15686531109439,0.00337177469319061,0.841689411088813,0.177068649465475,1.00282109570708,0.00334446683953196,-0.220755929067774,0.0612344469571278,0.984086218637877,0.0154962743116608,-0.591210571524356,0.268555905328093,0.982227304243167,0.00636917158153184,-0.533182016405568,0.110923617270093,0.97062847525034,0.0079140391825572,-1.03219610889919,0.227356763886441,0.980389780555121,0.00540824625912974,-1.02416339074368,0.103472616562987,0.929416407549969,0.00727313712746368,-2.00385343510932,0.122863036699419
84,1.08214520310449,0.00217149607782834,0.463435551961397,0.105371952922879,1.09260115831423,0.00116577682668978,0.433492323161238,0.404129423731499,1.09948302891288,0.00637175408002225,0.751841549468214,0.245569322576291,1.11029232823731,0.00389504219162683,0.715940893580921,0.120542618096357,1.10573965085348,0.0104159681476667,1.00638793491936,0.17346646570372,1.11041486281175,0.000935809027195889,-0.30829900822778,0.0829222634901487,0.954486214199971,0.00162113412171867,-0.188850942482401,0.00806923264391937,0.946528925109897,0.00372353416176979,-0.208904888592044,0.132326236354948,0.946645006585686,0.00197103396703764,-0.126126968040822,0.0318007669967975,0.939516840531173,0.00181174425948493,-0.355438718373013,0.101569763532147,0.941369139379466,0.00182151793113925,-0.35629861044887,0.0557211998435458,0.908402593188788,0.00427143376375034,-1.0158999640615,0.0649836014305896,1.03419305746275,0.00566925903094592,1.01124139806137,0.103456597263761,1.04390975487374,0.0153069606531485,1.02767281362072,0.447329952032438,1.04351806167257,0.0133533183098057,1.3934895667924,0.236853229039416,1.05439782336034,0.00501519802499532,1.42932134071379,0.0998616086699113,1.03923509911583,0.0145472127413574,1.72003470892141,0.164899321812512,1.0878058214525,0.00213761550450308,0.455405775297012,0.147151679565525,0.952580096215813,0.00312125257607526,-0.27777486466627,0.0452165850394452,0.935116539535138,0.0132906196094542,-0.602032904558648,0.258171490266842,0.935048407223694,0.00537032393960364,-0.523233893691652,0.102632783751389,0.922995502071553,0.00679490937620071,-0.956988790961762,0.221765434563233,0.930452216645886,0.00456642568355955,-0.911859382724904,0.0980889852668245,0.880462408745693,0.00673170243808115,-1.93285370738959,0.0949382609945184,1.09771215476546,0.00648872212217728,1.10277391892561,0.118279550929726,1.1105843315631,0.0176777881911878,1.15662828073653,0.463791071671259,1.11095182498207,0.0152993452759677,1.56291136021227,0.272730364612608,1.12387426808621,0.00572428553184201,1.59353916733979,0.119704214318286,1.10741787633156,0.0169240879726007,1.93776903446448,0.190327134192619,1.15956904826541,0.00251377200056725,0.545432359776862,0.179554520743062,1.00070107968938,0.00372990168337995,-0.326310798343166,0.0620203343396699,0.979799192406897,0.0169963203027778,-0.714684449118914,0.24389213415496,0.978593335963651,0.00685425876927773,-0.662003259040473,0.104346121841005,0.964862650735865,0.00882326222211403,-1.15560444710401,0.205899780487076,0.974529344617144,0.00584303721587118,-1.16156350326685,0.109631086734903,0.919284748947459,0.00781096405619579,-2.13749291277262,0.106308132025188
85,1.08500047620235,0.00145874198827328,0.400468232256051,0.108792978724754,1.094617079339,0.00175896555339151,0.313657100683144,0.394094233984373,1.10295931235452,0.00557218028367158,0.605613312034477,0.263191385861604,1.1131103284818,0.0036709918571764,0.539118477543085,0.127106239080383,1.11016632343242,0.00948426497908717,0.855400536050358,0.207930300205815,1.10826350603467,0.00113953719749479,-0.45075487934092,0.0683242981700583,0.953205874901979,0.00165927695706101,-0.189894866335616,0.00943181885036166,0.945005594232862,0.00456195326794414,-0.253944782417952,0.139707644967114,0.945726866478248,0.00200791907725546,-0.17126471913009,0.0443665597463074,0.937483935990463,0.00233972564408543,-0.41702669848152,0.11726739113892,0.939416181736611,0.00181800897352227,-0.393804272364214,0.0649096151072393,0.90329111384293,0.00452180060297903,-1.08544496491263,0.05233068658011,1.04069782554813,0.00482917628561324,0.932398919205358,0.120525152855381,1.04950575643704,0.0126599334974306,0.896162956762462,0.464127707918314,1.050524801969,0.0119893138348708,1.23769232502349,0.280850161396344,1.06071319415425,0.00482493071167142,1.23228207445482,0.112530559443469,1.04733768600013,0.0136217203968856,1.58209315479835,0.220111217430082,1.08892722298667,0.00144735964460678,0.219638020845037,0.142250826630272,0.950224782999033,0.00335139908902671,-0.360351089929569,0.0426342196354931,0.930870539134768,0.0148348487003431,-0.70168924209198,0.250029782908798,0.931590864917265,0.00588920732757978,-0.635334463132597,0.117496721901983,0.917682069105195,0.00787186961743185,-1.082203312044,0.231365369722159,0.925308372564483,0.00511172749199808,-1.0350993023861,0.125393686053585,0.87083982615377,0.00712103266450785,-2.02178381396691,0.0728736250915291,1.10481827815725,0.00554135369206751,1.01860387586887,0.135913057573842,1.11687160138567,0.0149580149844906,1.00721695300622,0.477039340362969,1.11876649948528,0.0137566150893988,1.38055525155831,0.321350849407545,1.13085652033334,0.00547560815875067,1.36188617655591,0.134240165972893,1.11648305954452,0.0158425202977462,1.77031665304713,0.256013019366152,1.16087455132855,0.00167187968588734,0.258216207563482,0.174095592629035,0.997844285471251,0.00405265684628368,-0.438366217793571,0.0578810495743615,0.974734989273837,0.0184068143772893,-0.836963140060377,0.229115583406733,0.974272263219975,0.00733109557188082,-0.78636695960252,0.0967952209902784,0.958516387257084,0.00967298686301834,-1.28042056235581,0.205003968253825,0.968053474469234,0.00633911541889807,-1.28475021143637,0.113956802510866,0.908635871459243,0.00824248587044822,-2.23924608624061,0.0812001514329436
86,1.08737476901135,0.000785225385163052,0.329321180767102,0.10905536123839,1.0958850443412,0.00396246645678227,0.188820808617636,0.367334751359585,1.10554363352788,0.00504179769054102,0.446770731123808,0.268813243370355,1.11498758707087,0.00348423326336402,0.35234465099125,0.129756984823416,1.11371420813479,0.00839073347130964,0.679501366339964,0.236240758816528,1.10551775748776,0.00137284734665625,-0.571790523518285,0.0566411793476313,0.951885481327726,0.00170809497505761,-0.196773106416338,0.01122821141521,0.943198694887877,0.00540364999869669,-0.303022423608154,0.138456448553171,0.944500781316241,0.0021196221428478,-0.228740778472957,0.0553943144173689,0.935107990869088,0.00294917395600572,-0.488470389976526,0.131204079712163,0.937201362444043,0.00200635198476849,-0.44978686271756,0.0798411597598763,0.897924189238852,0.00469949743425869,-1.1354262367884,0.0345653373125196,1.0465529724008,0.00384753511331383,0.833775092067602,0.134637605697939,1.05424979445676,0.0101091509093297,0.752552340980391,0.455131487215818,1.05652738529423,0.0104099445164717,1.05780948165394,0.313115764996695,1.06593829692106,0.00460931652894964,1.01429416123413,0.122295816626455,1.05457361367111,0.0124186146834029,1.40716317743215,0.270927786417982,1.08897493935457,0.000819288277410198,0.0001789434310209,0.131356243476905,0.947306763461775,0.00358615058203558,-0.444834613911173,0.0367889427239668,0.926084228330085,0.0163069664259944,-0.791830743415595,0.235752634797869,0.927510106761844,0.00652592265660121,-0.751112447544377,0.125029385604541,0.911764705517395,0.00895571004764267,-1.20775279450639,0.221413139891179,0.919535901180053,0.00585204617285334,-1.16750598442679,0.153331463701855,0.860927505996128,0.00739549246948846,-2.07525144737856,0.0477235618367123,1.11125319443629,0.00449962720336382,0.920907282644647,0.136343499604179,1.12216423789292,0.0123223442382624,0.838757355371227,0.469287250643544,1.12543632301043,0.0120381203248408,1.17984486443794,0.338973887925255,1.13655743752968,0.00519769941634929,1.10581944686088,0.145165618908879,1.12450094490619,0.0144347578946039,1.55921419022861,0.315821863671264,1.16087012812935,0.00089225459364623,-0.0102976749758822,0.161149470282168,0.994236118799243,0.00437401662355855,-0.550653901023598,0.0491628241293184,0.969016265963769,0.0197129287347258,-0.945912769374233,0.209501063319706,0.969297906546957,0.00780229284650213,-0.90510167765387,0.0908686141456861,0.951584301077616,0.0105474996319248,-1.40370634258385,0.211818406323297,0.961028860508032,0.00689540573704548,-1.39665682532484,0.11919572651316,0.89764898419799,0.00854434537767372,-2.30170418793818,0.0523291816039105
87,1.08919580935839,0.000575101879289116,0.250645070749749,0.105856446990327,1.09640241553822,0.0060190751716013,0.0629254469310975,0.32727624886371,1.10721337089685,0.00493328622494461,0.280722779011675,0.26317609181516,1.11590012539163,0.00334731945855122,0.161456427543745,0.128945337772091,1.11628148950718,0.00716965023436755,0.484346548079012,0.257075037583839,1.10227799234893,0.00159764962231074,-0.673447617689066,0.0509140052062761,0.950489907419338,0.00175939883974008,-0.208741508243516,0.0132876457076698,0.941099693420361,0.00619509845710822,-0.353940237875366,0.127163101202149,0.942923192450299,0.00230472733573784,-0.295634893086766,0.0620490121352629,0.93235450495632,0.00362141606294907,-0.566045556227427,0.140569085026862,0.934639549308755,0.0023872535927354,-0.522522102535068,0.0967962625320913,0.892418732823197,0.00478100351630312,-1.15947796681406,0.0136886214335531,1.05160881982337,0.00282957401447154,0.716919165105914,0.142828934800983,1.05808012865447,0.00779789400694552,0.597309501462886,0.429323182606589,1.06145008181106,0.00874623453227763,0.860520343249667,0.331221706901566,1.07000081897533,0.00438295847138968,0.783156031012227,0.128614837902337,1.06077680943997,0.0109747092792466,1.20045624682282,0.313781662192435,1.08805638407287,0.000365431637283713,-0.197062524617556,0.116674013083947,0.943815860483491,0.00375344735625036,-0.526888520991176,0.0289168446282012,0.92083010581202,0.0176746736381247,-0.870927782752191,0.214306997485006,0.922793268828037,0.00719611239465826,-0.874263675420438,0.117970859655933,0.905266831319903,0.00996180826732324,-1.32405774112038,0.20047930872867,0.913095827272643,0.00672172735263681,-1.30747701342611,0.15823083331839,0.850903058955328,0.00754168188204036,-2.09066555582019,0.0205034914145136,1.11690085257713,0.00349639354098619,0.812685516282589,0.13892261959915,1.12638473582798,0.00989833117408169,0.656752326406811,0.443190569341251,1.13089033482774,0.0103171175910795,0.957140973474943,0.343497061418796,1.14089993453614,0.00491818228707585,0.838735437698791,0.146397196474272,1.13127896901271,0.012746012474471,1.31128951532608,0.365837361428889,1.15968161488331,0.000285167686136237,-0.252572764387888,0.143264406015029,0.989879915157021,0.00459740113549662,-0.657118807362865,0.0378480007664921,0.962740655058874,0.0208901767561694,-1.03893712821294,0.184521848160408,0.96370409212105,0.0082880176777896,-1.02330953537912,0.0983867270146213,0.944095009724349,0.0114732709002696,-1.516195587102,0.2130086399364,0.953463362346262,0.0075601885822263,-1.51607006851191,0.141600658113466,0.886523498768787,0.00870124254702788,-2.32136630316367,0.0205173784119789
88,1.09045852301598,0.00100580784924765,0.166645298931706,0.0997798962899833,1.09615647646006,0.00777870169850585,-0.0601766645263854,0.277865506953959,1.10795411353716,0.00523566208508508,0.112600093457345,0.248408211383442,1.11585010421416,0.00326345788966392,-0.0287099771894186,0.125371002136969,1.11779759214539,0.0058586748127364,0.276126426963475,0.270004183465392,1.09856681111322,0.0019221444958188,-0.757339799896136,0.0527331915626776,0.948994873304487,0.0018053746405482,-0.225378390885837,0.0155050111600308,0.938699221163784,0.00686273363720925,-0.404382187989746,0.105084043413637,0.940962175883994,0.00254155822200849,-0.368051473913707,0.0626714104673496,0.929210906019319,0.00432562180981816,-0.645004390156318,0.143495404251856,0.931663384123045,0.00291786379963829,-0.607584596783469,0.11129231671499,0.886916743428339,0.00474927674623742,-1.15268157091001,0.0161355423541263,1.05582112313596,0.00183606068989036,0.589547983920829,0.140074421742649,1.06091901770636,0.00587314327384303,0.435166318198413,0.389746421289709,1.0652353563859,0.00710948907012603,0.655132906527219,0.331151038353651,1.07286744999822,0.00415951314213775,0.546401606315761,0.131435625711815,1.06581409035777,0.00934062737624833,0.968625084990751,0.346064790204245,1.08619277458764,0.00065036070444324,-0.368677688792533,0.101021380442992,0.939827302951034,0.00384640105341466,-0.602870284938816,0.0208230974323648,0.915129100108674,0.0188520560082578,-0.951964263425104,0.173339576892711,0.917436206135847,0.00781319038150368,-0.992623006820332,0.102316524605562,0.898258830240366,0.0108539933090193,-1.42311972964333,0.176077765765021,0.905994506238084,0.00759717117422415,-1.43648205729335,0.152689946230419,0.840952448943937,0.00754905660964878,-2.06632364474725,0.0135185303922418,1.12176494765989,0.00249286019303132,0.69442249162244,0.146987926904569,1.12947104335695,0.00781014174871028,0.47584547151729,0.409923194992988,1.13504384055207,0.00867800064725965,0.719952178880559,0.336685792466602,1.14387966226409,0.00468066216094068,0.574117681119249,0.143646309179741,1.13666586024134,0.010836776736598,1.03487594862063,0.403339937635825,1.15732965772375,0.000755733542701824,-0.463985160449234,0.123958150255207,0.984891049881855,0.00471970188931911,-0.75310641799658,0.0266280305107927,0.955994398104084,0.0218921708693882,-1.11417296012233,0.153942113131162,0.957524331661813,0.00882420116996814,-1.13065314750141,0.103736326832386,0.936114817984657,0.0123995460057026,-1.61787978263564,0.197442745458548,0.945320459885498,0.00837990091498757,-1.63721232016868,0.160138906323476,0.875470721951874,0.00870173746226467,-2.29582620303337,0.0148354853980218
89,1.09112082081161,0.0016030416609925,0.0797034869993516,0.0917428995796848,1.0951690156841,0.00922645168470477,-0.176009298161835,0.222303568632715,1.10777717018379,0.00580911020353932,-0.0530482120824426,0.227267244867405,1.1148600250776,0.00322801009630076,-0.214420430720459,0.11965270967213,1.11822464255735,0.00449459135944164,0.0612635307015627,0.27574776515776,1.09441542347966,0.00230288649066125,-0.823621473462894,0.0600720097618035,0.947366546286499,0.00186103402502746,-0.246988790285568,0.0170226162686185,0.936014104970179,0.00734646823127619,-0.450314356046319,0.0712640755751039,0.938609939386439,0.00279233562940209,-0.441154079965647,0.0563789772294938,0.925690612799112,0.00502419791816777,-0.720009047633305,0.139371022874748,0.928235381624323,0.00354026272215705,-0.69851000454573,0.119750782488859,0.881576126053847,0.00459411823203104,-1.11206020079256,0.0419981473686773,1.05912098931963,0.000873250683769891,0.459543819242981,0.129258783676198,1.06271849103338,0.00444642876925113,0.272385663798686,0.340094985717022,1.06787388513725,0.00563521731384513,0.448998870983676,0.31379705468793,1.07453980211514,0.00395059652318931,0.310662191770292,0.130956664554854,1.06959096559824,0.00757656710773295,0.719406647654503,0.36645817676794,1.08343115179541,0.00133216895786963,-0.51367494150959,0.0880534794381713,0.935378764490125,0.00390997767492713,-0.671212305747051,0.0154982856542599,0.908973482174764,0.0197192764729016,-1.02506364737238,0.118087939521544,0.911498863826826,0.00833372340951525,-1.09706748358879,0.0822149681486073,0.890838408915568,0.0116180965816534,-1.50158656328051,0.150234427033955,0.898314601880595,0.00843309133524947,-1.5473769640244,0.139539316999574,0.831265567987212,0.00740931781902093,-2.00144342458843,0.0440503321106722,1.12571118240298,0.00142348893425306,0.558979187196193,0.1516118998947,1.13139603284978,0.00612261631265149,0.296583200307664,0.367561782713303,1.13785510995402,0.00719988702252951,0.477622846404174,0.322649750577698,1.14553607074548,0.0044770122501721,0.315722474216045,0.142609446313257,1.14056001060599,0.00878145121516865,0.741776542416859,0.424159492292562,1.15386938461988,0.00162813668499529,-0.642904006820153,0.10796981509583,0.979339535717808,0.00478915170113505,-0.834769576614936,0.0171737410881946,0.948888912971214,0.0226866894010779,-1.16938906414208,0.115037898337984,0.950807152155562,0.00936537523980649,-1.23709326597114,0.0894154872052201,0.927701420342573,0.0132175543735435,-1.70281819796097,0.170678705550688,0.936611103540098,0.00927860037113801,-1.75465451344726,0.153076081946234,0.864708234776284,0.00853715711308492,-2.22382595376966,0.050863898743607
90,1.09115551371628,0.00212991219498876,-0.0077417911139119,0.0822904227615573,1.09352254966468,0.0103281855986016,-0.28228165525282,0.165443820237575,1.1067148197258,0.00649679147593094,-0.212608854946391,0.202268901903098,1.11296881866633,0.00323221441436828,-0.392553273890719,0.112146209036817,1.11755747038772,0.0031105100739933,-0.153951284964784,0.275357734006566,1.08990329686527,0.00238417171526442,-0.871493037420679,0.0692740919506824,0.945569748324826,0.00190280733042825,-0.27340196128158,0.0162387529646467,0.9330913369456,0.00759228991875086,-0.489439756902008,0.0290869725628825,0.935885655295973,0.00301314952338141,-0.509686936199502,0.043156182672358,0.921835550707068,0.00567894719838958,-0.785270639432479,0.128490636292031,0.92435538830417,0.00419553666049685,-0.787678554769533,0.119882932980946,0.876562189898869,0.00431206114109515,-1.03683859008173,0.0689242450247955,1.06149379822228,0.000258016230421132,0.333515249954966,0.125719265893434,1.06354623677935,0.00378411657329527,0.115871953639421,0.287581631584927,1.06937611577136,0.0044484626052073,0.243437359256725,0.290190292177882,1.07504936760456,0.00376604201443716,0.0820017516791606,0.126667879168606,1.07205529442002,0.00574765747775629,0.46111831932516,0.374788585150426,1.07988587282339,0.00155177850481954,-0.633110050382066,0.0808109117460217,0.930492549586017,0.00394861541546217,-0.739058421933891,0.0204489020870458,0.902464052099898,0.020232373802508,-1.08031260497745,0.0624018564604246,0.905074342364675,0.00873204412744084,-1.183234613878,0.0593044539035958,0.883117504305878,0.012245347816583,-1.55680531161743,0.124380516317951,0.890162129231104,0.00918751230323603,-1.63604193454723,0.119311860573761,0.822033419891148,0.00711642933923999,-1.89625805175344,0.0769631663224625,1.12861415175074,0.000544390229695948,0.409539512641566,0.150234966918723,1.13225241382871,0.00504239138417138,0.123586288191518,0.322124744294949,1.13936159642682,0.00593329192708339,0.247820426635569,0.312985981346132,1.14590344265065,0.00428763683569511,0.060209690763488,0.140256951920245,1.14292413872247,0.0066804969457605,0.441682868771226,0.428666734490098,1.1494414845128,0.00189695099684133,-0.790351467116546,0.0992674937595467,0.973315255006806,0.00475381395613299,-0.90026851920577,0.0155245249431329,0.941537351649992,0.0232124686096396,-1.2123665724818,0.0681086531533983,0.943570777236146,0.00979872364560829,-1.33301681647145,0.0644254599643122,0.918965332465164,0.0138845122782657,-1.76198091336725,0.142212391216882,0.927387090983566,0.0100992449818562,-1.8519784630035,0.130115515995717,0.854456234556195,0.00820055514144399,-2.10528232205849,0.0883729433765923
91,1.09063286455611,0.00258936893109932,-0.0932865000629108,0.072224336931181,1.09128871128134,0.0110903612140644,-0.376823907504807,0.110073369813785,1.10476799054309,0.00715339457498751,-0.362599163244342,0.175887332019938,1.11023090035227,0.00326628772461259,-0.560057982377231,0.102886395848833,1.11582309626191,0.0017365329569962,-0.363310551056973,0.269849944842504,1.08548483180833,0.0023613361839666,-0.900351508470118,0.0777781208379507,0.943597961364804,0.00192940155328673,-0.302900811776757,0.0129985541471528,0.929984927805584,0.00756260068343241,-0.518709139883697,0.0203718416630317,0.93281897125029,0.0031484058705444,-0.56750717171473,0.0244412826104649,0.91771713753265,0.00625324114820023,-0.835241284776126,0.111756643245424,0.92006434113934,0.00482755976364456,-0.867109900563719,0.110801073985774,0.8720386461972,0.00390562724148051,-0.927553312170594,0.0951161550612501,1.06302996290197,0.000885337060215321,0.203349522445846,0.119315653663113,1.06346812320321,0.00383374461729041,-0.0297710607238141,0.236364641769124,1.06970664304752,0.00368928321367511,0.0442112979893402,0.263464373900319,1.0744604107653,0.00361975202761186,-0.133151003433588,0.115935540188255,1.07319836457416,0.00392288722806549,0.202166141124156,0.371798110452687,1.07623166981605,0.00151164055724488,-0.730151302185324,0.0780703430746156,0.925182921407159,0.0039890993613933,-0.813156890627756,0.0186178370878464,0.89571243812826,0.0203813915445794,-1.11638178048783,0.0327532713073033,0.898256373695789,0.00897089033917617,-1.24638331285959,0.0379413006983537,0.875219213029984,0.0127280946652774,-1.58693481536595,0.099639241194646,0.881662088129019,0.0098233748614877,-1.6991308943123,0.0928785346966476,0.813444710574056,0.00666701602389101,-1.7512649414136,0.110636408335276,1.13050885772964,0.000790790609355845,0.252068202919633,0.143827540834129,1.13208226723354,0.00458918355267762,-0.0445045574559343,0.273214908882531,1.13954974458927,0.00499287849714352,0.0224890210945029,0.297546079629064,1.14501296393852,0.00411786757604676,-0.189451799853029,0.135110455268216,1.14375991141187,0.00462161475381696,0.143842815423712,0.421774203017984,1.14488269788568,0.00180387034028852,-0.910074083290242,0.0963619006381802,0.966960949983082,0.00465178352151866,-0.951210894845154,0.0205608533786915,0.933972911378438,0.0233706668134135,-1.25101748845181,0.033610810490624,0.935898703686532,0.0100517396592346,-1.40294865889602,0.041204473905399,0.910048974898212,0.0143877838757135,-1.79187826040994,0.114839761762861,0.917788556741593,0.0107886964767143,-1.91964783163779,0.0996981160543566,0.844934123239862,0.00768631155328533,-1.94039111167026,0.126908025340099
92,1.08953884763399,0.00301607251461037,-0.17438956904862,0.0615366899448837,1.08854987193234,0.0115335597304451,-0.458109031025,0.05873500463929,1.10205476848728,0.00774525293152443,-0.500807728319545,0.149359906358018,1.10671731228214,0.00332055013597326,-0.713576210141153,0.0915765174787905,1.1130801509983,0.000420191369330611,-0.560789346386053,0.259356124828674,1.08138947502686,0.0025290437511887,-0.91239353882675,0.0819957055455237,0.941428372904233,0.0019427321888029,-0.333078585638526,0.00712961866761078,0.926767500930668,0.00723270672883892,-0.534825204120981,0.0715154175798352,0.929512003747353,0.0031812579993635,-0.609753699083551,0.00688783385068744,0.913434484160536,0.00671378083939506,-0.864529602726798,0.0905745379251807,0.915443867224564,0.00538238386830675,-0.92902777541069,0.0920296501635165,0.868162505773778,0.00337985853221708,-0.785826054296862,0.120027892710319,1.06365200277113,0.00166471098744865,0.0722819878133906,0.108724856093162,1.06256068791293,0.00420845804560063,-0.164111816005113,0.188110864385065,1.06899119823867,0.00339320130994826,-0.143867078161442,0.235554404556179,1.07285463454366,0.00351379557780019,-0.332258343584812,0.105968944534852,1.07305364847999,0.00219403884751233,-0.0493961668829661,0.358480411970456,1.07278753936345,0.00172526859873155,-0.809172488054977,0.0768992409899241,0.919405288666852,0.00398638718395252,-0.879853741127201,0.0174985782545447,0.888837018851176,0.0201655990544736,-1.13231507986753,0.0763019830171329,0.891205217858752,0.00906077992872012,-1.28505553577711,0.0290377631162909,0.867274917369042,0.0130571255160771,-1.59044328031496,0.0779053984158869,0.872955450104825,0.0103080754796311,-1.73376267134346,0.0608742678156989,0.805685111026897,0.00605855202532473,-1.56724024560173,0.144715824877356,1.13128860338438,0.0016891682825793,0.0918753329536913,0.132322803761808,1.13093607913903,0.00455064844758336,-0.20413239821125,0.224273590182037,1.13853696080333,0.00444131499122598,-0.194907937491079,0.276489130492123,1.14291996407717,0.00397408047270599,-0.428094396211313,0.126738808608862,1.14312499113698,0.0027079266421794,-0.140161263283499,0.414495525555728,1.14058889772887,0.00204390244572095,-1.00744374687996,0.0954431123305942,0.960340320663492,0.00452170604478725,-0.992408864722388,0.0227568725631822,0.926280383593314,0.0231108916904423,-1.26701599235571,0.0868211868241371,0.927976023209961,0.0101330287722736,-1.44419473974564,0.0344551844057676,0.901106140711335,0.0147144599936327,-1.79057586471584,0.0910961904255681,0.907979529867095,0.0113071532631272,-1.95411786327207,0.0626064868877683,0.836360265111472,0.00698862471629423,-1.72954958610808,0.166375445510305
93,1.08791510457201,0.00334252849180437,-0.248452292709645,0.0519793823134542,1.08537979100611,0.0116959389702581,-0.524523518010272,0.013878789410341,1.09864265483481,0.00825434618585391,-0.624460470717293,0.123479411862413,1.10251759275932,0.00338526479447427,-0.849326939575032,0.0777642194555424,1.10941868291578,0.000907913044583414,-0.740265302275924,0.243264767612215,1.07731126188523,0.00284727617372169,-0.912114808072528,0.0804030005536139,0.939072517155456,0.00190833362755189,-0.360212366400559,0.00178402920553017,0.923553635575702,0.00655473061836417,-0.533266349678054,0.125280136890228,0.926073983583631,0.00308135346183039,-0.631187544087906,0.0310188676987707,0.909112494891919,0.00702963252130347,-0.868463994604926,0.0680930346311864,0.910614147854556,0.00580908707830795,-0.966297445769277,0.0640798792957508,0.865081256536702,0.0027424795440245,-0.614110514220651,0.142764839079731,1.06337542820393,0.00230007356902,-0.0549899353948022,0.0955305442473464,1.06087119607056,0.0046201441081656,-0.283610579866668,0.145410878730073,1.06729525594767,0.00352020073789548,-0.315655530242379,0.208164083485255,1.07032477959852,0.00344312670997369,-0.514154201170587,0.0951372974815395,1.07169391439456,0.000927232385177739,-0.286107958613697,0.335826802307887,1.06905369753019,0.00216587809061136,-0.876006312937427,0.0744097379817754,0.913252129814713,0.00389091722289155,-0.929919961243167,0.0225647224605021,0.881988579497913,0.0195385578226243,-1.12575955585686,0.135404144690153,0.884067929820373,0.00897698681704718,-1.29671518575175,0.0471224421838192,0.859423952447528,0.0132192531117789,-1.56605530852072,0.0647688438582755,0.864197060790683,0.0106125468371673,-1.7375192050077,0.024624038438196,0.798936922747701,0.00529125973601117,-1.34544385390546,0.178034459032246,1.13096335537442,0.00245607821889699,-0.0650428392050299,0.117389629972917,1.12883928219945,0.00469173670808551,-0.350766127648523,0.177857452056194,1.13636833094098,0.00432562342865628,-0.399708040795589,0.250317841871301,1.13970515319482,0.00386041435185803,-0.65062359518361,0.114524909564207,1.14111417750787,0.00141595974410964,-0.409846655566678,0.398816748891789,1.13593900434077,0.00258733593900839,-1.08973698268133,0.0927496125459932,0.953476463265068,0.00439648889977058,-1.0343185519864,0.0264163493262229,0.918636595233457,0.0223729149516818,-1.25666762833668,0.1564392730271,0.919976764777079,0.010011284866329,-1.45352640820217,0.0579388640992157,0.892300452257801,0.0148476475740636,-1.75645771111161,0.0778112201155972,0.89814076921514,0.011620211102291,-1.95245613063421,0.0198572473131546,0.828951691195573,0.00610460099162107,-1.47366928622556,0.205560243676721
94,1.08586808214967,0.00362118283884713,-0.314413767764169,0.0441869896438178,1.08189421300192,0.011639255535234,-0.576335408249744,0.0229419165366377,1.09463314292372,0.00865100799236506,-0.73123350407419,0.100312164452092,1.09774101675139,0.00345073660001546,-0.963280047659177,0.0612483512800141,1.10496051560271,0.00207990270365562,-0.895478977375838,0.220615061257425,1.07298370072248,0.00305384400408008,-0.904504196642111,0.0730565038721858,0.936584893395213,0.00183735272046627,-0.380701657820006,0.00874436421414741,0.92044131427323,0.00557017556417963,-0.513733633847929,0.178176301875226,0.922638087424941,0.00282767357982938,-0.628257359277547,0.0637751215821453,0.904897490276907,0.00717457923025205,-0.842927839244409,0.0529594809357198,0.905729292258587,0.00606060852899595,-0.972434092985052,0.027756678553702,0.862926270476799,0.00200884550110985,-0.415343866583307,0.162752265410742,1.06233386108611,0.00284448234248823,-0.175031682600652,0.0812640972702346,1.05854442564385,0.00497481558389643,-0.38988671343045,0.108793067976584,1.06473489287771,0.0039138398618258,-0.469000925901915,0.182055745288037,1.06696886659564,0.00339447463620617,-0.67762551237319,0.0811591409471458,1.06922710543727,0.00156017326827627,-0.501282553289913,0.304744375997807,1.06459615494075,0.00242068841839927,-0.937268421544335,0.0685059012697619,0.906869448601057,0.00374616326314445,-0.962740438746762,0.028564143405658,0.875278941743559,0.0185499367977285,-1.09854785248794,0.195128707773847,0.876998430855636,0.00869893858357398,-1.2804592118944,0.0780572728193912,0.851812906035689,0.0131995388811058,-1.51234397124955,0.0692944160992747,0.855553907896202,0.0107103590658096,-1.70801136137492,0.020673005688501,0.793371539912007,0.00437568792243431,-1.08870330859174,0.208318719419969,1.1296896359808,0.00312670820955238,-0.214124669787301,0.10093657635807,1.12595130592921,0.00490338303562215,-0.483015528443719,0.137650440689251,1.13314753868752,0.00457305177281824,-0.58837881762943,0.220927143168542,1.13547295106044,0.00377599512771987,-0.852292607203587,0.0979180779784058,1.13782702999686,0.00211233839829499,-0.660017257067493,0.370267619408796,1.13039349830413,0.00290041243685012,-1.1651263528996,0.0856716929247013,0.946393169025807,0.00423045858231951,-1.06860453984488,0.0330645651300725,0.91117164944633,0.0212106205380424,-1.22204642051412,0.226973029827746,0.912083476012033,0.00966130123486408,-1.42965826456239,0.0947089235839245,0.88380444818591,0.0147687392015796,-1.68779017791445,0.0848478836825785,0.888467198273343,0.011697544140035,-1.91192097910865,0.0278673996553776,0.822915405649237,0.0050433780919666,-1.17550173608513,0.241901828796792
95,1.08341240324597,0.00387248351155646,-0.369806862350234,0.0389551440603419,1.07817940465486,0.0114155712764567,-0.612547809748526,0.0499147589995572,1.09013638212323,0.00892322469435411,-0.818764857881161,0.0824885041817465,1.09251581542124,0.00350866100369999,-1.05160565825699,0.043091988424885,1.09985844012144,0.00312254278344343,-1.02033957331653,0.190593062310646,1.06865418148172,0.00325103485793459,-0.895215987487019,0.0607408534843067,0.934018380690619,0.00172775944168094,-0.389709049489613,0.0156771412542627,0.917539912902077,0.00429865430180744,-0.475030967513165,0.22823586680572,0.91935011057759,0.00242766358459045,-0.597924967093029,0.0986080401853249,0.900953355040214,0.00712679571461765,-0.784771252718389,0.0602398579735338,0.900972599414984,0.00609622272780178,-0.942255374922177,0.015910894622192,0.861821599717033,0.00119404071986947,-0.188475297879678,0.18511158974368,1.06049802947975,0.0033121290720714,-0.284254958915208,0.0671268923137992,1.05565159315142,0.00523444483400894,-0.482609131311383,0.0797610892464015,1.06141749455916,0.00440846179379213,-0.605694398684451,0.155329365291859,1.06289164525043,0.00336089761183489,-0.820313234905173,0.0634685597404079,1.06579080786069,0.00282582542995633,-0.689326392576495,0.266035332744436,1.05978623713224,0.0026339910447538,-0.997594993652084,0.0590958081545008,0.900365614350273,0.00356094801852204,-0.974477471291487,0.0329217096158996,0.868828071339835,0.0172143200381118,-1.05054825062191,0.25265956062938,0.870150865269719,0.00821983329353908,-1.2353754689125,0.112796294354372,0.844596318362039,0.0129815459992617,-1.42791289798523,0.0924116372508764,0.847204882867238,0.0105783845707472,-1.6432262841097,0.0647189568623958,0.789145544717761,0.00333163772133127,-0.799975178925015,0.235583426790787,1.1274231190898,0.00371389920586273,-0.350874662735097,0.0844110940674309,1.12235382137637,0.00510060867831689,-0.599493947301058,0.106214153061376,1.12898856536553,0.00501256681840848,-0.757983984396284,0.190446214179942,1.13034809151218,0.00371353715581807,-1.029066027179,0.0767595457041942,1.13340021033486,0.00358730883975758,-0.88303500267009,0.328748095442184,1.12441390783489,0.00316116157897655,-1.23917238025117,0.0741907360752898,0.939195157642306,0.00401139973580835,-1.07873994715531,0.0381749549150738,0.904026535027816,0.0196364937111187,-1.16299650067191,0.295542446989483,0.904479586310193,0.00907432505861516,-1.37142836630124,0.135749928350773,0.875800115121816,0.0144576869871755,-1.58288659723821,0.112549230668955,0.879166968718863,0.0115128634217157,-1.83026422692603,0.0796663069615721,0.818442105891945,0.00382674436940032,-0.838442220367614,0.274853166887402
96,1.08064590222777,0.00408577397724396,-0.414320716347202,0.0370220433190627,1.07432847147634,0.0110818380705875,-0.631962994849669,0.0664995641180795,1.08526989239869,0.0090763496319014,-0.884656360885979,0.0721600753014379,1.08698550005664,0.00355478110466969,-1.11127877077952,0.0298744059964195,1.09429251040327,0.00399094995898451,-1.10954235695293,0.153027904914837,1.06435105926491,0.00341075219520313,-0.889088295124776,0.0459298481837663,0.931460599657569,0.00159006358434407,-0.385572998885436,0.0198390410077524,0.914972541716882,0.00279016570449942,-0.415934874376562,0.273418894551708,0.916369624403022,0.00193470440635528,-0.538093213721913,0.133605597138787,0.897455772171212,0.0068698829576878,-0.691610737658382,0.0884580203951211,0.896548044224424,0.00588198935230858,-0.871797841188545,0.0647646303113404,0.86192552929201,0.000376955380619289,0.0736588969167629,0.212759366840924,1.05798603393473,0.00366068462571295,-0.382646361289965,0.055261848525181,1.05225986463577,0.00539769329539543,-0.561074640707162,0.0595671777868745,1.05744186174196,0.00489733218174653,-0.724269766676047,0.129027940010043,1.05820952518903,0.00333356756644169,-0.939800832185071,0.0427011740874585,1.0615441360933,0.00396349348787574,-0.846191389824235,0.221109465830833,1.05468124299959,0.00279340429362146,-1.05945288385167,0.046709191069613,0.893881916337451,0.00335130758775224,-0.966200749566927,0.034380301442359,0.86276642407406,0.0155609421730237,-0.981155366301666,0.305993254859665,0.863685695516875,0.0075347563137582,-1.16076407583259,0.14879705816735,0.8379357972638,0.0125492708429961,-1.31120921979652,0.126784520351592,0.839338481438945,0.0101965296513752,-1.54120126631189,0.112924324108777,0.786407157059404,0.00218096479686895,-0.482709572411809,0.257880754036035,1.12430482043786,0.00415906539615373,-0.475052992277341,0.0704095340383402,1.11812425583718,0.0052518334875804,-0.69928389807211,0.0846205668446873,1.12400830475623,0.00550524778437252,-0.906106620395934,0.160448544920567,1.12447069566398,0.00366051738823638,-1.17793581815097,0.0516248441568624,1.12800405085065,0.00496692484342385,-1.07238522321524,0.275132807768659,1.11807322985613,0.00335782561655804,-1.3146771321998,0.0590186851865174,0.932043572525788,0.00375961555479848,-1.06569814341112,0.0401897224501908,0.897354480549777,0.0176799575917662,-1.07884147986767,0.359935330883791,0.89735618036561,0.00824363014175018,-1.27798439191599,0.178373287507432,0.868477747240023,0.0138950365130462,-1.43994502992285,0.153009515054187,0.870458894890923,0.0110430457875098,-1.70532198169712,0.134913315062912,0.815709541882951,0.00248471227701509,-0.467095799155138,0.30157136333875
97,1.07765733991906,0.00429081620502125,-0.448367498343029,0.0365985969938269,1.07045199545504,0.0107025669831372,-0.634368619290816,0.0736430182882973,1.08016142215781,0.00912214843986086,-0.927044088778992,0.0694193649817507,1.08130215742966,0.00359270920881932,-1.14068580752709,0.0381870479260928,1.08846212630915,0.00464774204174533,-1.15943109075725,0.108850643453208,1.06004708218427,0.00351959928919716,-0.889140334540096,0.0327108612739756,0.928994181962175,0.0014396071103138,-0.368162766971703,0.0212696492985385,0.912915556563391,0.00122121800802762,-0.335398661081909,0.313313937984851,0.913861502972662,0.00153719448894222,-0.447849336637799,0.16725730027001,0.894587919399382,0.00639110030946412,-0.562142852239835,0.126709449560018,0.892674308389572,0.00539277918844023,-0.758466254077527,0.117777001955063,0.863341185213759,0.000909634077963816,0.351442792502035,0.217859887794006,1.05490672176741,0.00394152412683121,-0.471644598495002,0.0453828164207367,1.04844216135512,0.0055074177374004,-0.625666752256063,0.045227904518652,1.05291285708899,0.00532819384254538,-0.823618840916575,0.103998787759805,1.05304658549038,0.00330366260459568,-1.03465727007129,0.0218591852407814,1.05665809060077,0.00487524691998145,-0.970462724933194,0.169945829457113,1.04927246877165,0.0028864605723088,-1.12310060349361,0.0320342039700444,0.887533306430318,0.00313672951648004,-0.940084831062079,0.0329690634614112,0.857283475931224,0.0135399390215462,-0.889608153485367,0.355212829372419,0.857765055129232,0.00664352009767322,-1.05628530728351,0.184789660123109,0.832000271932794,0.0118859593637615,-1.16087887324134,0.168107626004137,0.832153226441141,0.00954909562460672,-1.40009485572624,0.163638010738502,0.785244052525974,0.00103660615045858,-0.152844465725939,0.26173201912285,1.12046583495904,0.00452402051109933,-0.588224809059619,0.0586944543993531,1.11334468489322,0.0053820901654864,-0.782653521688613,0.0693097914133538,1.11833204966347,0.00597114074825112,-1.03125552694472,0.131870170712176,1.117990786766,0.00360321582420674,-1.29702459693137,0.0249977516057409,1.12183382518371,0.00608220758910721,-1.22334508653506,0.211631321547955,1.1113641287651,0.00347453043757772,-1.39164934651956,0.0410424550167109,0.92507113556972,0.00349741195876596,-1.03176653860292,0.0389999993188688,0.891379247090011,0.0152754517278651,-0.968654944001091,0.420251698184771,0.890905868180466,0.00716823048221686,-1.14902741980165,0.221136062988966,0.862035863854155,0.0130607091984959,-1.25741908682142,0.201504590748999,0.862573007601318,0.0102690637991572,-1.53500006612638,0.193063899235203,0.814824562268471,0.00116476891888172,-0.0798506797398311,0.307462404469736
98,1.07449308136603,0.00449558411441449,-0.47042641350568,0.035885067714774,1.06664095887885,0.0103367861522419,-0.622353432716871,0.0726803238158044,1.07494375325737,0.0090758792578609,-0.945098698250889,0.0715021504421326,1.07561678209739,0.00363840997973426,-1.14019663257944,0.0634302647609728,1.0825730085964,0.00506516156839819,-1.16900875728117,0.0605431656812347,1.05571075161101,0.00356783560483863,-0.896292373863046,0.0269647206407612,0.926742891383589,0.00127895712223046,-0.334874487090985,0.0208815753857677,0.911430037282804,0.00163801649020513,-0.236093331211247,0.346345259928977,0.911989249923592,0.00166320280448454,-0.327713653566171,0.198204652424634,0.892532743534214,0.00568436229321228,-0.396538747519102,0.169082964360625,0.88957610552172,0.004609554561242,-0.600840127588507,0.173946108234265,0.866106359113126,0.00190411378232225,0.629395806460423,0.209289944878933,1.05123139871319,0.00416731326089775,-0.551156104565293,0.0371122164924865,1.04430617157985,0.00560546380633709,-0.678832911342916,0.0346160265190736,1.04793733672274,0.00567903909171764,-0.903464100765567,0.080535591825646,1.04752975571207,0.00326688570643755,-1.10443105735969,0.0197367933180433,1.05130133649147,0.00552068499803571,-1.06234224562616,0.114708600133596,1.04355857471276,0.00290268900655256,-1.18690503199222,0.0156988073664224,0.881477786656297,0.00291939579128431,-0.894682505289463,0.029196081510294,0.852436186826962,0.0112456709118293,-0.778522593071058,0.398907787517496,0.852550346310533,0.00555210998567048,-0.922255643310929,0.21966002380415,0.826961966779632,0.0109773913751735,-0.976402705446402,0.213553898247152,0.825855068649351,0.00862206931077121,-1.21811808455682,0.216694527207015,0.785678976155948,0.000697651161777212,0.175284321125899,0.252729129533575,1.11586371487491,0.00482308873368911,-0.690109628524418,0.0487972870387706,1.10814876767316,0.00553692229285584,-0.852267645811444,0.0582018370157556,1.11208879205443,0.00637091593161549,-1.13283591034895,0.104919788475324,1.11106298220086,0.00353295547134029,-1.38552734104219,0.0182902779365598,1.11509838013118,0.00686752185781066,-1.33347280687305,0.142194781542417,1.10429021927518,0.00349820565157619,-1.46774323361267,0.020981693022474,0.918467528907476,0.00322857070356469,-0.975036728260454,0.0351193935839746,0.886165457965756,0.0125334464527761,-0.835572394400243,0.474391615513865,0.88531924359631,0.00585481787687187,-0.985131510771496,0.262730694178918,0.856676769855128,0.0119373354585539,-1.03468851832094,0.254868926738649,0.85574833086876,0.00917306653534997,-1.317169773351,0.254221821776721,0.815814698338074,0.000896376797671835,0.305822763841599,0.297758172309781
99,1.07124158333937,0.00469027317722771,-0.483148936046578,0.0340503411633368,1.06296664960993,0.0100291724427247,-0.598387625111475,0.0656841818566751,1.06974736259619,0.00895402744749224,-0.939414667045757,0.0748125438389511,1.07006720664511,0.00372263075707898,-1.100677378419,0.0737648695730124,1.0768196832538,0.00523004810208738,-1.13701226217946,0.0217413949993402,1.0513145774443,0.00354843930995501,-0.878899506580196,0.0325266098295071,0.924778452262653,0.00112077240258669,-0.287396489039092,0.0211028779467329,0.910616357343693,0.00369405542466493,-0.119550017633928,0.370836270582811,0.910905986525526,0.00246113549928539,-0.179843196008458,0.22543509776667,0.891465020787399,0.00475724074801069,-0.196064530413725,0.212139965250764,0.887477270997698,0.00351916428627181,-0.397610575616534,0.229442220623488,0.87017118228928,0.00285776635812835,0.856392836549135,0.189740864541477,1.04708145517486,0.00433039887827585,-0.623319349340553,0.0298464191613166,1.03991177774194,0.00571770564398731,-0.721890607054742,0.0260997944327374,1.04262117018826,0.00594241997237389,-0.964085452476957,0.058653754355411,1.04178413173678,0.00322796767607497,-1.13724895487284,0.0229605397879609,1.04563591538516,0.00588540940458632,-1.11946616335029,0.066117633784647,1.03755353452968,0.0028352791213251,-1.20440458194258,0.0173864433113109,0.875791934253332,0.00271116184959161,-0.833430141178334,0.025041567542503,0.84833163260676,0.00871467540962207,-0.649031819613337,0.435420400233647,0.84819685622437,0.00427636319881546,-0.759994975897443,0.252471325620277,0.822991110157419,0.00981783895025863,-0.752472808656472,0.259449815605588,0.820655274176192,0.00740328818778004,-0.990690535313758,0.265528717681706,0.787660426922899,0.0016471868927585,0.463452884523937,0.228496599289295,1.11065061188421,0.00504360156228817,-0.782962067119704,0.0398527426011915,1.10261048592133,0.00573753813264181,-0.909315323344536,0.0498287097216172,1.10540842463468,0.00668654048779518,-1.21077018436442,0.0794387561148253,1.10384153141051,0.00345248460428245,-1.42821306831621,0.0241181796754077,1.10800757527965,0.00729387198194325,-1.39793087039294,0.0811542003037822,1.09687563938946,0.00342050852695513,-1.48552697544751,0.0183185399770382,0.912320867576318,0.00297164279814876,-0.899486101471357,0.0308276069522149,0.881838094730482,0.00949704692784637,-0.680974704611595,0.520069384716327,0.880778288557269,0.00432363405492177,-0.788113719840116,0.301936326812291,0.852600419497155,0.0105165996832778,-0.766764852661584,0.309087148843989,0.850230878745966,0.00773847084623627,-1.04667562435183,0.311684139102609,0.818616201129803,0.00203435661306769,0.640549681564099,0.269434677365357
100,1.06795164948484,0.00486421479968761,0,0,1.05948030519002,0.00981174043419863,0,0,1.06469137273841,0.00877240041728541,0,0,1.06476546825056,0.00388533310126216,0,0,1.07136626698381,0.00514706842541683,0,0,1.04684052590772,0.00345675989842156,0,0,0.923176707643451,0.00096237682465792,0,0,0.910562929729496,0.00599746690246737,0,0,0.91074706205603,0.00364635524096865,0,0,0.891541756331138,0.0036439201706262,0,0,0.886587474778083,0.00211684479530297,0,0,0.87543370348166,0.00371623948408962,0,0,1.04251722787208,0.00444232816119261,0,0,1.03531339806624,0.00585787526922714,0,0,1.03706737195197,0.00611763068580712,0,0,1.03591953699311,0.00319192739566186,0,0,1.03980386694814,0.00596627007844516,0,0,1.03129346722853,0.00268329606441332,0,0,0.870555850171197,0.00249889681936598,0,0,0.84506849276857,0.00599240770789776,0,0,0.844848804389726,0.00285555750064021,0,0,0.820247791290582,0.0084157367455074,0,0,0.816760014056492,0.00588573477781244,0,0,0.79108143411825,0.00265538592745493,0,0,1.10490335941431,0.00519907710454356,0,0,1.09680001755235,0.00599001735060986,0,0,1.09842100410323,0.00691029190010863,0,0,1.09647568057128,0.00337900440616132,0,0,1.1007604484453,0.0073589847395398,0,0,1.08917284125449,0.00324022050836738,0,0,0.90672561668175,0.00271511317496702,0,0,0.878512038916844,0.00622279400393144,0,0,0.877450098413552,0.00263477208253204,0,0,0.84999471434265,0.00880567065449575,0,0,0.846262583095759,0.0059537227405331,0,0,0.823093942569874,0.00321799785578692,0,0
