Percent_Stride,hip_flexion_r_4p0_Mean,hip_flexion_r_4p0_Std,hip_flexion_r_5p0_Mean,hip_flexion_r_5p0_Std,hip_flexion_r_6p0_Mean,hip_flexion_r_6p0_Std,hip_flexion_r_7p0_Mean,hip_flexion_r_7p0_Std,hip_flexion_r_7p5_Mean,hip_flexion_r_7p5_Std,hip_flexion_r_8p0_Mean,hip_flexion_r_8p0_Std,knee_angle_r_4p0_Mean,knee_angle_r_4p0_Std,knee_angle_r_5p0_Mean,knee_angle_r_5p0_Std,knee_angle_r_6p0_Mean,knee_angle_r_6p0_Std,knee_angle_r_7p0_Mean,knee_angle_r_7p0_Std,knee_angle_r_7p5_Mean,knee_angle_r_7p5_Std,knee_angle_r_8p0_Mean,knee_angle_r_8p0_Std,hip_flexion_l_4p0_Mean,hip_flexion_l_4p0_Std,hip_flexion_l_5p0_Mean,hip_flexion_l_5p0_Std,hip_flexion_l_6p0_Mean,hip_flexion_l_6p0_Std,hip_flexion_l_7p0_Mean,hip_flexion_l_7p0_Std,hip_flexion_l_7p5_Mean,hip_flexion_l_7p5_Std,hip_flexion_l_8p0_Mean,hip_flexion_l_8p0_Std,knee_angle_l_4p0_Mean,knee_angle_l_4p0_Std,knee_angle_l_5p0_Mean,knee_angle_l_5p0_Std,knee_angle_l_6p0_Mean,knee_angle_l_6p0_Std,knee_angle_l_7p0_Mean,knee_angle_l_7p0_Std,knee_angle_l_7p5_Mean,knee_angle_l_7p5_Std,knee_angle_l_8p0_Mean,knee_angle_l_8p0_Std,ankle_angle_r_4p0_Mean,ankle_angle_r_4p0_Std,ankle_angle_r_5p0_Mean,ankle_angle_r_5p0_Std,ankle_angle_r_6p0_Mean,ankle_angle_r_6p0_Std,ankle_angle_r_7p0_Mean,ankle_angle_r_7p0_Std,ankle_angle_r_7p5_Mean,ankle_angle_r_7p5_Std,ankle_angle_r_8p0_Mean,ankle_angle_r_8p0_Std,ankle_angle_l_4p0_Mean,ankle_angle_l_4p0_Std,ankle_angle_l_5p0_Mean,ankle_angle_l_5p0_Std,ankle_angle_l_6p0_Mean,ankle_angle_l_6p0_Std,ankle_angle_l_7p0_Mean,ankle_angle_l_7p0_Std,ankle_angle_l_7p5_Mean,ankle_angle_l_7p5_Std,ankle_angle_l_8p0_Mean,ankle_angle_l_8p0_Std
0,45.727680651356,5.49369096860668,44.4638381237568,6.07693196565026,47.8707357009363,4.08179193876593,47.2490318025113,3.98808041881572,57.0190766124034,2.80378539998887,39.9711782673389,1.8236692916959,24.5971396424363,1.43730387348619,26.6694710736168,4.83590331393989,27.8649883841466,2.21885346740852,29.83118263054,0.769589952367035,35.4766234485067,4.13434151624765,15.7823378990095,0.379737317388231,9.89890359097478,4.22917898041864,10.4369476299015,9.33439263472142,12.6307000860402,4.12098403749211,11.8279823953433,1.48546877032879,5.1575981951337,1.39807682769732,3.17825227551087,2.42007430809591,82.4835937606045,8.66652499058563,94.1530975577021,14.8985022687894,97.9327538369564,5.82043831615099,111.415751561566,5.37326550057857,103.492866915283,5.66505899891475,136.582298570662,4.45026576782349,-0.211647362760487,4.97034961744275,-5.83458278050627,3.53660720433923,-2.80389845893438,2.15392344632634,-4.99095189253244,2.43682500499602,-0.433428630043453,1.97366913351005,-18.3757962172577,0.484936173172621,-19.7100436077367,1.60957742299792,-14.5405899608921,4.75234926208973,-17.7818962417571,1.13650602725682,-15.6957093541888,2.44657638899006,-25.0648013548232,3.13481633677086,-35.2666535151844,3.90604177881009
1,45.3096207528203,5.72015232588342,43.9087612489724,5.74866085245791,46.774422249202,4.00613057380458,45.8503866048345,4.12664396469035,55.5507924340809,2.65131921685957,39.2840997240614,1.67894612335539,26.9587300426183,1.83658460052821,28.844529442878,4.67327026508637,29.7722702066812,2.17045074910051,31.4371957558364,0.93098192985405,37.030933194686,3.99190218458595,19.1999304400831,0.725289240159372,11.4134119721181,4.5185844634636,12.3205071452443,9.74165373480817,14.3559981331332,4.40748889607309,13.6421787442835,1.50854672492931,6.50743437684057,1.63140861857317,6.19074612291842,2.46357308790925,86.6770937616139,8.57642175281882,98.0970073302954,14.2642512119981,101.724860580772,5.60398339797369,115.130445355067,5.30226919415103,107.835735407292,5.3356654103335,140.284067639517,4.03116054627115,0.233025640406781,4.04543096472675,-4.57439975344316,3.10062311481553,-2.23329315784557,1.92431342392968,-3.89383618720331,2.11793958941501,-0.143894465593255,2.37317307482491,-14.7921645980739,0.1889758601366,-18.8220171690409,1.83068145426528,-13.4103573962269,4.84994475924725,-16.5106175355772,1.12541895673737,-13.9979404661996,2.37058295095685,-23.2964954970755,3.17839505307609,-33.6521228642408,4.05301809759662
2,45.0541045155122,5.95016109835555,43.568224046997,5.48431466774224,45.9458602028063,3.93459823150629,44.7401630785557,4.33002547617686,54.4279565119988,2.4952179310391,38.5675815397488,1.52572419184752,29.6828497664854,2.33064997003375,31.4475399282303,4.63544267436886,32.0910465476165,2.20083210449728,33.3869182792199,1.23293058883635,39.0829416257071,3.85221970262507,22.7010151626463,1.10620813693748,13.0598215669743,4.85552540437817,14.4162533294215,10.1128771931553,16.3566841656836,4.69013159714517,15.8214044876902,1.56434798921918,8.24529916264003,1.95141475673177,9.43550297334968,2.49165783070409,90.7274639665035,8.46317516893854,101.899308597568,13.5741963929286,105.334118699912,5.3500337416577,118.655874103236,5.23063201370829,112.032036509198,5.00163985227003,143.576277507713,3.55945642239278,1.01086474351511,3.11034918324968,-2.94193837684177,2.77835864794596,-1.26983539111653,1.69686418381166,-2.37561778974496,1.88177053504114,0.622642544622977,2.69480194749242,-10.781023835569,0.201141445637588,-17.8812679676374,2.0315778552036,-12.2728693638696,4.93711664916936,-15.2503133050221,1.11618630181392,-12.2639299082824,2.25156134273614,-21.4340564818473,3.19290860256926,-32.0060754551055,4.19829981373868
3,44.9439342578869,6.15673847294608,43.3978780184027,5.27862760791172,45.3669867062943,3.8675878375753,43.8938889089997,4.59138141956943,53.6328038351724,2.34538356726231,37.7844713586154,1.38071375369364,32.6909239950782,2.88715015818619,34.3690069317619,4.68208994206271,34.7423630321016,2.29192223086691,35.5980720040869,1.59411804858453,41.5262632120461,3.72312713453629,26.1809819213881,1.47106170919897,14.8630699243088,5.24093453215578,16.7200994826552,10.4463199318329,18.6445818687123,4.95976657536214,18.3806679265108,1.66612956269132,10.4143692386773,2.34527822588204,12.9050746963243,2.5179173560357,94.6098406292013,8.32183413730133,105.53105568641,12.8304868106604,108.734263616152,5.05613262420276,121.964679621393,5.15477561186105,116.062373063344,4.66162760953301,146.408304084371,3.04480667487046,2.1078527231827,2.24658105543806,-1.01022093566889,2.57778464921329,0.0646546030618909,1.48322735312832,-0.503420233744443,1.77949146986401,1.84796220521021,2.91386340166899,-6.51875123294518,0.43645266433557,-16.8760124771169,2.19501214287408,-11.128301194635,5.00224939186333,-13.9986178398233,1.11439046011308,-10.5037692185502,2.09192694293621,-19.4835307995956,3.17527032416349,-30.3379420737737,4.33046631679823
4,44.9383986299689,6.28947399324734,43.3295863499221,5.12607197296673,44.9884474101061,3.80576758009074,43.260000197895,4.88644794304318,53.1111733945971,2.20768693737785,36.8966940343295,1.24982263267661,35.8539366226528,3.44035799939174,37.4679914970827,4.77409022889147,37.6116439949597,2.42222618833367,37.9603855514909,1.95751980146558,44.2182288863153,3.62357439540556,29.5210506524535,1.78774909301616,16.8666855836488,5.68992680432813,19.219377181509,10.7410601973589,21.2150671882436,5.20652545440226,21.3156897153681,1.81348432263505,13.032744578523,2.78790241112226,16.5919404186403,2.55188897144603,98.2682922151722,8.13420671643406,108.9596460244,12.0355257185135,111.894834843824,4.72077227753887,125.024695356092,5.0703568739096,119.899367916329,4.31402301585781,148.735152390324,2.49960344465117,3.47702292068904,1.53771413121502,1.11856949881283,2.47503991665143,1.70194242143086,1.29058524322005,1.61882528283505,1.81480832954997,3.44506257857235,3.03053057505085,-2.2100226240555,0.618017952467036,-15.7936052744789,2.30215039923627,-9.97478874932833,5.03179253990082,-12.7501847581129,1.12135454818283,-8.72944148270245,1.89613953550645,-17.454881328851,3.12417827214295,-28.6565375689713,4.44003446341865
5,44.9499849252063,6.32779284479689,43.2676302558443,5.01895775852363,44.730950799565,3.75064670585414,42.7628342511211,5.17801420057176,52.7771703217287,2.08316176435947,35.8667327832098,1.13083244884954,38.9852285591676,3.93872473410976,40.5730900262805,4.8654294844768,40.5590639908078,2.57073778499907,40.3469257082591,2.28382535193738,46.998222850848,3.57970309280701,32.5962191002027,2.03806377363588,19.0527062035254,6.187813298712,21.9080839558733,10.9814051525288,24.0441909754552,5.42137395865286,24.6008082148041,1.98989402708185,16.089999724261,3.24897371328958,20.4872456734501,2.59542330076867,101.702622965746,7.90430040518285,112.123913062853,11.213812003555,114.782108287641,4.34350233282168,127.800329934953,4.97258319423233,123.508083763384,3.95780375681633,150.520511129813,1.93765251284434,5.00550989067003,1.03573765811016,3.35390424279232,2.43867577586461,3.55533265499494,1.1218694962466,3.87764373146215,1.93699414128307,5.29804423593273,3.0591674500588,1.94172831828773,0.729054805911005,-14.6466631080963,2.3517704481356,-8.80346011071722,5.00674877348384,-11.4986476107022,1.13335748737191,-6.9539960169682,1.66991237809303,-15.3608106432442,3.04068450187747,-26.9719253332148,4.51905879032574
6,44.8942625259958,6.24755529833625,43.0985982696658,4.95748469878416,44.4916920315191,3.70487198943014,42.3085643137474,5.42427850113081,52.5219550075842,1.9698494460208,34.6595614843889,1.01886176454656,41.9200039589843,4.32829643274412,43.5051406794657,4.94062277703166,43.4358680384849,2.72131768718526,42.6276422982386,2.54687190271385,49.7087945903985,3.61627266708903,35.2856159124678,2.21535189879174,21.4333943298023,6.72102499305328,24.7365698691716,11.1863483712221,27.0874282771071,5.59844874062457,28.1885389497614,2.1680936809188,19.5461298401731,3.69725586872249,24.5779076417722,2.64186512685448,104.861495875848,7.63630106200321,114.990245894295,10.3356565660545,117.360612311943,3.92530521738362,130.254543055546,4.85685803294845,126.847470237315,3.59353348168313,151.738871408198,1.3727943159888,6.66111036645314,0.790141050417424,5.60961375939769,2.4466726559685,5.54905447339904,0.977963448492882,6.1724401442823,2.07618258344049,7.30443404041533,3.01291638120853,5.75338725068208,0.778130659495982,-13.4369189728542,2.33470056916761,-7.61927653753849,4.91278663333015,-10.2387117729108,1.14252136298601,-5.19181020026975,1.41993695529771,-13.2162429182397,2.92753347677796,-25.2966186730767,4.56085059022414
7,44.6706985616488,6.04786182572726,42.7242032364154,4.9458733585554,44.1549425771329,3.67310609256931,41.7934196045341,5.58794766421949,52.2238452883213,1.8660877236591,33.2441548017565,0.910412446272699,44.4966073925168,4.60084671611117,46.1287580464664,4.99550110508289,46.0996761201716,2.86562458297689,44.6807368643434,2.7330782120711,52.2097463286903,3.74805818722664,37.4820800670791,2.32122052575227,23.998898541429,7.28260009514117,27.6563079534578,11.3468511511255,30.2819919563072,5.73661901422878,32.0118058065498,2.31881441637541,23.3337003243361,4.10377685641368,28.8428620688491,2.67898060765571,107.680519228821,7.30542569999637,117.529077604665,9.4156605746571,119.595287384785,3.46908274975764,132.351217683453,4.71957603697741,129.872985662155,3.22448813032097,152.37666600124,0.817836402049555,8.41496448681595,0.724811817444396,7.84153044343624,2.49206935639824,7.62789418183081,0.860693924534319,8.42201829628252,2.17801034456588,9.38714046720924,2.89911093471249,9.0684490783508,0.782520513164205,-12.1781900954864,2.24579223831767,-6.42446400711356,4.74340360253353,-8.96826059349413,1.13940638265642,-3.4598166065801,1.15445524148733,-11.0385823732984,2.78766934668949,-23.6460888623213,4.56112287149966
8,44.2236949036808,5.77826942312043,42.0638833596072,4.98165366288216,43.6031023829502,3.65865874212295,41.1136480894207,5.64357979486778,51.7596325259399,1.77514032472324,31.5946673272812,0.804008892360008,46.6569555287542,4.776145652874,48.3423539619183,5.02582700352371,48.4211581950887,2.99510347847779,46.400760552273,2.84129403209977,54.3844964256492,3.97712508369178,39.0992852124357,2.36177382682262,26.6966551784378,7.82982681140654,30.6208428575479,11.4519653729128,33.5550668847994,5.8378148791845,35.9892157625229,2.41839184330692,27.3643456015113,4.44434916099777,33.2502534600208,2.69375582283719,110.165436636264,6.92595745607403,119.711025367424,8.46889484115792,121.450265049487,2.98596867183513,134.057751735178,4.55881893128816,132.540362281599,2.85782074218375,152.432606078576,0.284066103456509,10.2280459343714,0.694943455878054,10.0194758209764,2.56816378402733,9.74829262762811,0.775427962860031,10.5592479464499,2.21531156010318,11.4840850900178,2.72108850251913,11.7553681308112,0.762303901978737,-10.894543871845,2.09959575724071,-5.2267460650053,4.49751168573039,-7.69001608798468,1.11581437791483,-1.77863254728937,0.884515119760455,-8.8484726701394,2.62326230147779,-22.0382763554298,4.51963389742493
9,43.4774230821826,5.47459533889785,41.0277473671575,5.0379583931239,42.7318148642223,3.66177160326156,40.1759552110541,5.58133583183178,51.0168555235384,1.71022591959605,29.6918556546191,0.699299640417194,48.2968379635801,4.85118311100715,50.0272153044452,4.99222505624348,50.2934667196452,3.10095711170477,47.7039734030294,2.88167193106622,56.142312690495,4.29583789589416,40.0761025195724,2.34428886027928,29.5061510129517,8.31406778450124,33.5929638699047,11.4828590733222,36.8314913264718,5.90786817430962,40.0325874197252,2.45295908182956,31.5392099840763,4.70083396660302,37.757119178535,2.67624133146914,112.249413969392,6.51207909618359,121.472566996214,7.53412129441325,122.893593861966,2.49237786915621,135.347535318473,4.37480129689088,134.809855982462,2.50572296216898,151.917386924956,0.2218534107726,12.0721202389697,0.625453776079352,12.1082422466623,2.66390079009485,11.8639654454917,0.727780713803436,12.5236661821967,2.18658880470827,13.5369030110907,2.48100540173466,13.7043049036941,0.736162457408885,-9.60966052537184,1.90556342773098,-4.04126664082076,4.17944082136947,-6.41419801290099,1.0696172829703,-0.172705965358056,0.626298097800436,-6.67072965747277,2.43599859979707,-20.492065390603,4.44054584080787
10,42.4091322685517,5.23026834458909,39.616597854526,5.10922887185639,41.4803339736277,3.70482143441414,38.9063879431772,5.40669077471926,49.9048756562541,1.69625454630709,27.5249752895847,0.598019209949809,49.4045353342191,4.9214240120136,51.1834838982902,4.94072636961067,51.6601990504882,3.211690717101,48.5310304459057,2.87277996824218,57.4178002529647,4.69149943497524,40.37852257359,2.27508487981385,32.3804253564704,8.68351436794716,36.5389632512772,11.4201583361434,40.045961769182,5.95088908889709,44.0550726529906,2.4190642643764,35.7608538877967,4.86061635086515,42.3119329770869,2.620911581946,113.902483656216,6.02870744325526,122.821500024548,6.60086534104849,123.916599204918,1.98314184334639,136.201868001908,4.17013060620843,136.650004496749,2.18637536599538,150.852763568335,0.690020452843487,13.8959847293112,0.531600869884975,14.0777377517304,2.7773339703336,13.9209273583024,0.725068464469923,14.2567505843959,2.11192551626449,15.4860623589784,2.18256481136787,14.8256089619955,0.717864550478163,-8.35891651006798,1.67627189653862,-2.89452244854509,3.80534231876481,-5.1599348316138,1.00808018234455,1.33072883756045,0.408123100794359,-4.53497269409527,2.22813578029425,-19.0259494182674,4.33091480322336
11,41.0546140877374,5.079208052558,37.8351821647468,5.19691642542785,39.7951940991279,3.81610405994031,37.2560591680333,5.13751394238513,48.362175679393,1.7628643001808,25.0940168127519,0.50842408155835,50.0332988308942,4.99890857448545,51.8036145692013,4.91016708620544,52.4540850398605,3.3654020218195,48.8467955655072,2.8373536868677,58.1675451536311,5.14993527438082,39.9999885982698,2.15893365814348,35.2912215481889,8.90786123841614,39.4360885114856,11.2335377076632,43.1462754399791,5.95645486346373,47.978305541862,2.32221827094363,39.9435785771306,4.91485895897194,46.8590996378176,2.52592453781849,115.148775451407,5.50437868498688,123.747190168583,5.65773809560178,124.489302673632,1.44814675311627,136.611019443783,3.94998045311691,138.040159265863,1.92394155053354,149.26984053905,1.11979571151914,15.6530790768844,0.505724118915725,15.8864290381412,2.90561859814325,15.845789598189,0.787244978503162,15.6993350330262,2.02956287475066,17.2685288342553,1.83236664564671,15.0506457067154,0.714000000483523,-7.16929546046134,1.43319888823007,-1.81644302913662,3.39114149827572,-3.95525041790554,0.937917245582574,2.70374887218243,0.29198535012753,-2.47535733925083,2.0036128365636,-17.6582594132981,4.19785079926365
12,39.4212984176945,5.04861131234132,35.7094741534395,5.27453217442395,37.7056175149393,3.96716527449868,35.2033143678342,4.80024506904841,46.3588501334129,1.92890697343282,22.4119390397561,0.450964848140875,50.1690672480735,5.0980245764615,51.8985047681771,4.91508606852153,52.6942620529872,3.54095103020067,48.6378078537332,2.79806202156949,58.3650717156094,5.65747454227572,38.9610975019749,1.99977304923799,38.2221295172659,8.94321457245649,42.2719254121799,10.9126380984871,46.1176165517345,5.92565486285682,51.7377280132968,2.17484976808319,44.0202746800978,4.85738406927737,51.3437220957614,2.39168190735778,115.947503289382,4.95634654955444,124.249182007085,4.72051136243348,124.641418424684,0.918849508457224,136.574360843926,3.72205502130825,138.971471346268,1.7455970295961,147.206518334437,1.51087900903998,17.2750556753391,0.633354466778448,17.4875935902203,3.04749593830203,17.5708542738424,0.915885504773927,16.7900834259104,1.98960015501066,18.8152812480183,1.43912169120639,14.334161174124,0.724125004261758,-6.07768919314933,1.19669068386624,-0.833791048310118,2.95976451370147,-2.82394868152706,0.873241749234157,3.9204422387245,0.333099957887122,-0.529153941743671,1.76910987002384,-16.4080546486822,4.04591989735734
13,37.5559138837373,5.1823672278641,33.2724537602158,5.29319371217747,35.2434608348995,4.1340276694018,32.7529294494701,4.42564292558597,43.8949558595466,2.19149425971284,19.5064351216813,0.453266071513955,49.8591368212604,5.28827206667276,51.4656551349039,4.90744512159125,52.3878337772208,3.7372000701718,47.9088407919522,2.77427121661648,57.9960431788654,6.20150292905995,37.3092493038738,1.80208431788259,41.1431388344713,8.76382238644898,45.0465308939058,10.4787893932316,48.9553796754205,5.8583024527329,55.2856843351527,1.99368244126509,47.9455154900128,4.68589264879818,55.715258506221,2.21964779395558,116.317677495344,4.3566031505178,124.311591780604,3.85388347795981,124.387909180228,0.422419895028384,136.099565136629,3.49609748024479,139.446381725338,1.6724910106876,144.704399832531,1.86588468180679,18.6934331193111,0.908151937396249,18.8125373015712,3.17390400123452,19.0171128506213,1.11228920402635,17.465394285062,2.03843738537148,20.0500102468805,1.01254438811655,12.6573683111216,0.743433922326404,-5.103647201899,0.974123317818173,0.0209461089504418,2.54960193887196,-1.79052518205133,0.824868679418835,4.95955506586642,0.447802090424713,1.26566720719076,1.53515842045192,-15.2942632244498,3.87674655440963
14,35.5119858535827,5.43419755372239,30.578943756514,5.24424382835613,32.4570628657047,4.28831412516214,29.9332102182458,4.04397335002154,40.9957448190598,2.53006176055117,16.42078169907,0.522196553763123,49.1603270473416,5.53994155815705,50.5632352286311,4.92449765043663,51.5537001536252,3.94848917264039,46.6801010450633,2.77988127960505,57.0548220435851,6.76981585650421,35.1184752695204,1.5723288756429,44.036101882884,8.39613425619198,47.7411403176727,9.97672587166053,51.6653782680998,5.75751609276098,58.5921433313979,1.79600941641894,51.6950414543482,4.40513723759897,59.9296048546794,2.01160859340892,116.289765205092,3.74138213991812,123.97011431096,3.07671214917672,123.750348636626,0.258020649312146,135.201039439234,3.28280940002515,139.476895469343,1.7070444132666,141.805694222944,2.18908983871421,19.8582845311638,1.24831663652305,19.8134248311518,3.30875737612416,20.102316121677,1.37476376246627,17.661418179279,2.1971450548216,20.8901139722901,0.571266474670143,10.0316880191289,0.766140890752957,-4.25723510421296,0.793699022820831,0.738061519640527,2.17954322921444,-0.874787316827881,0.799587877251883,5.80655827647027,0.561508076110408,2.87359354551724,1.3169682847367,-14.3326080154118,3.6908689091809
15,33.3242804283912,5.80072599979131,27.685137476565,5.15158199988358,29.4042402456107,4.40468211617866,26.7920033502186,3.6804018416886,37.7045877302547,2.91664834739169,13.213437468593,0.633501826650421,48.0814788980988,5.84995029871249,49.2337807523394,4.97683545649418,50.2201815979293,4.16520395832543,44.9858898888466,2.82188602743483,55.5428584831368,7.34910774061581,32.4894431438683,1.32015615586635,46.8797046879109,7.8414069196064,50.3518426105457,9.44885501904559,54.2580375833337,5.62886796454466,61.6435364332522,1.59569823109186,55.2615367213896,4.02960950911833,63.9497736444073,1.76933768329285,115.852387566578,3.13163032627918,123.255244010562,2.41873134121765,122.753806846772,0.670784645267709,133.898057658536,3.09225498773624,139.081934591592,1.82978406139486,138.550547520103,2.48543856107223,20.6894735241149,1.62579787466325,20.4363975598929,3.4521602441935,20.7446225453612,1.69929360038099,17.3180088315498,2.45356855839615,21.2496163733125,0.279393012790005,6.50343142248376,0.787680206301612,-3.55121926684284,0.677408057709833,1.31610655355826,1.86193723978297,-0.0900031134453116,0.799005017695946,6.454996101047,0.653353328876863,4.26500946731254,1.13393695202717,-13.532312908684,3.48983316631069
16,31.0249848262876,6.27183865014244,24.6362315749501,5.03349776529503,26.1423081754901,4.45528329145241,23.3930123499697,3.35179199242804,34.0751479176262,3.32144663303963,9.95622607032112,0.756566818617453,46.6642433609224,6.24097660424594,47.5079735310229,5.06932879058581,48.4151722529016,4.35911339211783,42.8747165773031,2.89946051905303,53.4693105193177,7.92309993254941,29.549209534191,1.05934055046623,49.6387921959924,7.13601736822297,52.8682515660373,8.93912439673088,56.7397045610978,5.48027881232465,64.4406350596317,1.40082891822394,58.6476801457589,3.58381633598521,67.7455259658847,1.4946292381259,115.034253315767,2.51191943922147,122.183813770186,1.94473293124084,121.416375657786,1.11275041211533,132.213003425948,2.93216190293165,138.28421768417,2.01093204046585,134.974961328442,2.75973322004024,21.142961840104,2.07361407321679,20.6160111426263,3.61559339649713,20.8550839247522,2.06542405016919,16.3838325370367,2.77579611656801,21.0435814854793,0.627039353238442,2.15918767706849,0.805424371686921,-2.97276708147646,0.618838394445277,1.7580101537636,1.60573119860627,0.553819706069118,0.824120812458817,6.90739097292066,0.720273904535051,5.41936619457828,1.00593943552721,-12.8943304122232,3.27698576968356
17,28.6393100172267,6.79897529553373,21.472117915389,4.90689643110455,22.7379313032119,4.43264201885075,19.8132640229071,3.06538349756869,30.1653302644799,3.71355705736105,6.73112964401563,0.867969685768403,44.9477291903668,6.66563575455858,45.3946856117843,5.18905167007713,46.1902836353359,4.52303444302399,40.410293287685,3.00382497612227,50.8538433356232,8.47091586923103,26.449821258988,0.808619375982774,52.2781402529486,6.34209615324285,55.2662622041739,8.48425083311591,59.1166508012372,5.31645369585434,66.9960357793357,1.21391859050091,61.859252762747,3.10031491762521,71.292317968746,1.18965107016199,113.850173606467,1.90960726431577,120.742564796413,1.72328602279007,119.764721331414,1.53270842005632,130.16973724799,2.80685029754123,137.107374968493,2.22316864134756,131.109250329238,3.01599109118793,21.1831382270254,2.55812424455551,20.2370227010027,3.7755131119469,20.3655573598607,2.46106732902066,14.8219735447854,3.12867797644428,20.1938108944546,1.17768256536205,-2.86950563297857,0.818330687713773,-2.50853826099793,0.619283009686092,2.06138798504002,1.41676323474674,1.05737712691817,0.867910986391654,7.1756274156807,0.76524680004177,6.32787120866362,0.944846071214812,-12.4114578506687,3.05701586398374
18,26.1890839915183,7.35304610565439,18.2522151910682,4.77735336346859,19.2558470910847,4.33251768799675,16.1409806513449,2.81934933352602,26.034748901816,4.06103164006669,3.62587417785812,0.951414131413957,42.9518551228504,7.10403771833544,42.974060193874,5.31350921065162,43.6087154938607,4.65014162078426,37.6725926745351,3.11940454229358,47.7307804958916,8.96641630986983,23.3647768446763,0.592724498017133,54.7647012490324,5.51074411760955,57.5387909140441,8.10553847226561,61.3902438814344,5.14022995093688,69.3312048686883,1.03394683206232,64.9009136455101,2.61651200122885,74.5698799302671,0.857828494905966,112.300134779366,1.36238241591553,118.975423089592,1.79638803231865,117.822545913151,1.93223294044887,127.79200770579,2.71713998703332,135.573940464025,2.44645278474607,126.976971189495,3.25689987588592,20.7554636154029,3.08813606321072,19.2761621844266,3.95249079230412,19.2281659339173,2.87599670523552,12.6157210746951,3.48093619355831,18.6354067288459,1.77275023381943,-8.40478960817168,0.825853468174105,-2.14603078992313,0.638707877362256,2.25363305071074,1.29187960483924,1.4289948542088,0.92342514350282,7.28005646622139,0.793789911899773,6.99550920800874,0.945834210250555,-12.070448355763,2.83487403293495
19,23.6946610576457,7.88626014192472,15.0295843205665,4.64806687636394,15.7563065776329,4.14972707018276,12.4723735469736,2.60513889485375,21.7453193105538,4.33260544030744,0.72851419021011,0.99626566334086,40.7216781468526,7.5519296514786,40.3086669537823,5.43651161488559,40.7385602795311,4.72355310886972,34.7582259377979,3.22640763685399,44.1534800183271,9.37898284639973,20.4825731797125,0.441435859791777,57.0693694725612,4.68924878784867,59.6829647993194,7.7919956372666,63.5546486008783,4.9532719476378,71.4727459154921,0.858512972872374,67.7750688138074,2.17049530497136,77.5606487956271,0.507355972107495,110.409776254618,0.883423261802113,116.910974814737,2.05672640822345,115.60492846996,2.31333123702091,125.102125542886,2.6609527249516,133.704331911405,2.66763283741669,122.594418935858,3.48342797869572,19.8431340736576,3.7016747432147,17.7082892571801,4.12527917677307,17.4075760539835,3.28817001709142,9.77429851158848,3.80559927750985,16.3238041346325,2.37775624098638,-14.2272295604356,0.826949279559064,-1.86092358769673,0.656983173809956,2.35986907644712,1.21374343377695,1.68213107067254,0.986947025425804,7.24706719503706,0.811766641995543,7.4418545431997,0.989325579985085,-11.8561099515684,2.61453473644081
20,21.1732336221224,8.35065138213907,11.85553364388,4.50647896094757,12.2990270415386,3.8846815830178,8.9067887423363,2.41116525510344,17.3631254763949,4.50122870197833,-1.87887582219013,0.997256117114882,38.2939535660464,7.96340764389636,37.4559233787172,5.53918304246911,37.65939994315,4.72759850053796,31.7796469653434,3.30418173469493,40.1979265057479,9.67562674593877,17.9967437647893,0.372489564629391,59.1636741407625,3.94371568595581,61.6950215039902,7.52856194739659,65.6002553114289,4.75564907685184,73.447780308608,0.684828016663078,70.4824129464979,1.7956319451835,80.2481507944468,0.193068614249514,108.187216853729,0.592090456400451,114.562612930974,2.40607193715904,113.123381223186,2.68097579623088,122.120214370126,2.63424149893967,131.516484318195,2.87875420449923,117.970901344103,3.69470973164851,18.4212222975094,4.33589323660714,15.5044635670198,4.27561729907512,14.8913642723677,3.67117308837096,6.33803399598855,4.07884630646859,13.2419305069561,2.95972343715874,-20.0885550352578,0.820367911052832,-1.6349750608599,0.670730790931066,2.40160404990085,1.17105417509073,1.83636987863713,1.05505195659379,7.10583892360822,0.823708282998994,7.70015887717271,1.05252708923329,-11.7562353215327,2.39798903744663
21,18.6422246745065,8.68744184646471,8.78711212176286,4.33865055847344,8.95399646540967,3.53360819943501,5.54100116579689,2.22695044801995,12.9598625307061,4.54817476455578,-4.1272439408031,0.95513128192841,35.7072715107792,8.30459119840306,34.4758508447105,5.59878883931909,34.4648315294086,4.64587959425459,28.8629519458508,3.33435131622574,35.9648167234201,9.82401691151574,16.0921849413648,0.358441214844374,61.0158008954362,3.33434659827136,63.5581928051173,7.29907786051232,67.5069237329875,4.5436854332278,75.2790986131711,0.509595987530098,73.0226572881318,1.51413010070226,82.61536827807,0.3461177657527,105.632530812931,0.721633730274174,111.921694253462,2.75839926902328,110.372019055936,3.05005722909549,118.864023688527,2.63194958684449,129.025791268904,3.07537218262546,113.109843953181,3.88819337567836,16.4602849216976,4.97804890513724,12.6119679910525,4.32534199502151,11.6615782227964,4.01167891581156,2.38219046745237,4.27965492959558,9.40697405254972,3.47936377236671,-25.7323893941584,0.806713384075018,-1.45575009821027,0.665861728340356,2.3991517714391,1.15105138024074,1.91048251565707,1.12243733197475,6.88495381961262,0.832072534627361,7.81446153368983,1.11820231921176,-11.7653543611915,2.18485312688315
22,16.1394576760493,8.86452333251344,5.90074585730188,4.12108077872871,5.77417126796242,3.11198821598477,2.46400068167805,2.04644260203641,8.6133156611122,4.46645065926484,-5.96778529978318,0.877581222039872,33.0195051702412,8.55607546733572,31.4628294521427,5.59167045783683,31.2685468626088,4.45979054377807,26.1441201010411,3.30304297595177,31.579877262138,9.79631867871701,14.9286267048051,0.349704214997584,62.629548135457,2.86021353086234,65.2755792389806,7.09355608823583,69.2649010123427,4.31749669044122,76.9813991103056,0.32898178565224,75.3949843196086,1.33094247892964,84.6432401324049,0.723421967480586,102.76954246219,1.07493718821551,108.996255361345,3.13391601913319,107.369572768311,3.41748362183214,115.34909431938,2.64856375394787,126.24522633856,3.25517658098514,108.010518938623,4.0598884783742,13.966204717809,5.63373881514086,9.04854384845776,4.34743427897176,7.80790673417549,4.25435684805692,-1.98154678038435,4.39085817837763,4.87631542125458,3.89300602388345,-30.920594574539,0.791486954935982,-1.30500932363567,0.648903935731348,2.37461743981213,1.13647627855828,1.93053725697689,1.18527446902089,6.60937752202651,0.83750718657228,7.83470175099724,1.17719234232783,-11.886059864996,1.97289431305075
23,13.69189954619,8.87033118430169,3.23718671049831,3.84835347033306,2.81913047698272,2.63310099903063,-0.247030711353749,1.86932619182667,4.40702054805855,4.26331947880098,-7.37816706233824,0.779494667894953,30.2800277538531,8.6869305731319,28.5162908334511,5.50652368564963,28.1861984400866,4.16065835926532,23.763365280567,3.20206530521029,27.1924863913801,9.57392888787358,14.6238627110053,0.325852230747838,64.0063292541223,2.53024636874923,66.8519639833049,6.90643216828263,70.861771927567,4.0740510761622,78.5595872832168,0.139509127859888,77.5982359308863,1.23202466915238,86.3096696442062,1.10726781526758,99.6130119544333,1.46187401932094,105.813636784562,3.50252927348886,104.119068981217,3.78723229427603,111.589257255685,2.67809788051469,123.185598305302,3.41713991512828,102.670158154156,4.2045879574719,10.9516502658885,6.22866855302231,4.93209091455406,4.2871143740879,3.41797351790028,4.36583397875092,-6.60712305915339,4.40141305715033,-0.247672748760379,4.15803616594581,-35.4604909890861,0.786821309172242,-1.17438542956363,0.622771309356977,2.34310827522108,1.11273692429342,1.91392873265393,1.23670533159387,6.29855622414621,0.839850525704793,7.81053987249486,1.22786594798437,-12.1280417180957,1.75930465590343
24,11.3399546765848,8.67735510699312,0.850476366166367,3.52307844954019,0.160092849537735,2.12928593929757,-2.53005342590092,1.70038198679513,0.428750177544779,3.96264021965832,-8.36618252782299,0.681347618814173,27.5526260647101,8.65728123288854,25.7376735852775,5.33285621200365,25.3485569381517,3.75734919755427,21.8572418679223,3.0293726659699,22.9725244988504,9.15266991554129,15.2409640203634,0.307029894471034,65.1435014778725,2.30978189656537,68.2864896907833,6.7329773574802,72.2858586839731,3.81212606172439,80.0089224122626,0.0608263841715701,79.630382986204,1.19132151520858,87.5895019876532,1.46859335949645,96.1639115493829,1.84956869954604,102.379655305241,3.85711317970617,100.615931921922,4.15131019325188,107.597565176932,2.71386265700522,119.855851252307,3.56104877494634,97.0863868921644,4.31615723347341,7.43276854219719,6.72652903211622,0.366360383063934,4.12843764852681,-1.39656393039582,4.30206607587484,-11.3208584439999,4.3093487890333,-5.81484180233422,4.24089788976946,-39.2268292234462,0.808630474797719,-1.0627853653098,0.593325990165295,2.30984784603062,1.07500051951198,1.87387954618278,1.26962060857746,5.96602097938548,0.839083253075827,7.78550206375472,1.274360611701,-12.5055059506546,1.54192322192565
25,9.13866389303976,8.29839075555317,-1.18770727507794,3.15336432483139,-2.14731818980146,1.61129955054225,-4.34166088796214,1.5482192865572,-3.2327853480288,3.60693470910246,-8.96947141374343,0.604168976623986,24.9137590803075,8.44150688376589,23.2580071660495,5.0682044806214,22.8814644597097,3.25578402318981,20.5487671599417,2.7894437164296,19.1049361002984,8.54741911775514,16.7836272916383,0.340411988203834,66.0711629538661,2.15359093476086,69.5677555937324,6.56214882181438,73.5408897413875,3.52760149004286,81.3159674625838,0.270714548654905,81.4869307156925,1.18221259353762,88.455837959279,1.78877082088109,92.4411266426141,2.22646586342075,98.6844734614919,4.16985224346299,96.8713901537336,4.51721003487338,103.387538317184,2.7484464746341,116.26338398221,3.68710557927002,91.2600680652838,4.38801127251738,3.4728695133448,7.10320772201863,-4.52049920723247,3.84483827044956,-6.45277397018225,4.07353585054499,-15.9334709395892,4.12470006523282,-11.628819114488,4.12726505779499,-42.1738299994446,0.868611461093687,-0.970633047067903,0.573873998697041,2.27581982719188,1.02754914274025,1.81751609123337,1.27943136050437,5.62009087327889,0.835536989232392,7.79287369482011,1.32436379093757,-13.0333433117795,1.31972465614556
26,7.11111132325592,7.76734425754234,-2.82443959176593,2.79638820833633,-4.05033088470593,1.10754745428553,-5.6605683972681,1.42426954347797,-6.49271770759092,3.25675575074912,-9.24353224178113,0.559887269426057,22.4243732323161,8.03356180358613,21.1990826474272,4.74365663769773,20.9029814660926,2.66787886764833,19.9369437219782,2.49411141209599,15.7813132976831,7.79527014843272,19.2233876339735,0.430370244091984,66.805987752798,2.04201466581935,70.6988340751962,6.40325866691923,74.6298912508896,3.21881810689141,82.4595886433549,0.487346947641385,83.1590807336133,1.18377257276504,88.8707148156119,2.06284976800424,88.465470548649,2.57649550557624,94.7369488618819,4.46041488220556,92.8929055352016,4.88190639427239,98.9743800656977,2.77402680496616,112.414541219548,3.79561782997235,85.1932854522606,4.41829536494224,-0.834006892970702,7.29341115432602,-9.51932844438873,3.48450287665103,-11.5603907688352,3.68160754846414,-20.2568315708538,3.87118713593658,-17.4562491318967,3.83449091174685,-44.3162012086176,0.956819529962853,-0.901694862560587,0.576190819353818,2.23285587072675,0.984881742651475,1.74810035595311,1.26421982118318,5.26496388164769,0.829570859281781,7.85361273486782,1.38698068354846,-13.7266964457419,1.09684344665517
27,5.2998014879411,7.09217332071379,-4.03199307062486,2.44412517561076,-5.50777622179254,0.684654170255187,-6.48980147273484,1.34117172810152,-9.27506073987805,2.98154259796094,-9.27963280748318,0.544258903338452,20.1748837073375,7.39526127300225,19.6739327708112,4.32838155884665,19.5192137172622,2.01406848045262,20.0878793499497,2.1637313339194,13.1882216036688,6.95651224683564,22.4394053033729,0.567047711840135,67.3520140907575,1.9485173923433,71.6755031256836,6.22977889446267,75.5553140700059,2.88589488385988,83.4121376240703,0.706183124086993,84.6331630519267,1.18043327819314,88.825817712915,2.27263293570687,84.2412041712637,2.90653354200929,90.5537487569978,4.72910255357146,88.6909732398367,5.23943697014059,94.3758829659887,2.78282323374847,108.315442453422,3.88698246342574,78.9112034358513,4.39454571716663,-5.38464332308335,7.23983491129219,-14.4050727551482,3.05002406710691,-16.5165337793584,3.14274247707946,-24.1233282900004,3.58425215690876,-23.0460248502522,3.42536705341595,-45.783039501206,1.07989673246706,-0.857258324347881,0.604100130626042,2.17555518478508,0.961137221134259,1.66638029854636,1.22514977555603,4.90165643735004,0.821377213650491,7.97570028735867,1.47072427235714,-14.5809305899851,0.870994547796399
28,3.73690256583243,6.29919538401629,-4.80772918753208,2.14843817816015,-6.49556635061591,0.524742835667552,-6.85622050948826,1.30901260317484,-11.5171472528928,2.83476633156844,-9.1619896446824,0.545552404730582,18.2609865217398,6.52367407262744,18.7610559951659,3.85617640243608,18.8197959797368,1.32298532047535,21.0296103680113,1.82798839905915,11.4929326584536,6.11161479346928,26.3142441237687,0.72658190204667,67.7152673924534,1.86936158713419,72.4873698885772,6.03152556278396,76.3151878923718,2.53198586153262,84.1415025725724,0.922773824343902,85.8919816010091,1.16002141304624,88.3126208749489,2.41380455658545,79.7840001903467,3.20174340913336,86.1513259813409,4.96171784344288,84.2805598954563,5.58147602738637,89.6130586752893,2.76745484128723,103.973178290558,3.96184279783147,72.4465331315096,4.31048964553675,-10.0343162682084,6.9221794836091,-18.9749512547032,2.55731211656469,-21.1182506134874,2.4927253548982,-27.4043232198242,3.30273107573747,-28.1571782805519,3.016880665898,-46.7169504818824,1.229811105676,-0.831633755259329,0.65469005884164,2.1009564484619,0.969771333685905,1.57113179468381,1.16644311431056,4.52858455463452,0.811216452312191,8.15439633356903,1.58134540800183,-15.5805335004426,0.651307623567255
29,2.41673967925931,5.43764614390556,-5.14517464621961,1.91415178305841,-7.0123710618011,0.714341906178132,-6.80698670069919,1.33028109141044,-13.1736825742539,2.82119129399701,-8.96817679650673,0.549217593060289,16.7341607932294,5.46467889087959,18.5556334005903,3.34865819484404,18.8689937284722,0.630315821017479,22.7517036176941,1.52584692232718,10.8281525764103,5.3506210447432,30.7237222081317,0.89028744703288,67.9052123075964,1.79281271598886,73.1065202267909,5.79092484201498,76.8999471627695,2.16432423254115,84.6144320188207,1.13369633991981,86.9171554497956,1.11313292081471,87.3376787211658,2.48705754969824,75.1285988246452,3.45280749998202,81.5374657632005,5.12736734200544,79.6819915522651,5.89705684541929,84.7107937204735,2.72112943689264,99.3972135640133,4.02099162445781,65.8478260240455,4.16142335893074,-14.6396596616199,6.33596651925064,-23.0201542358976,2.08719999598433,-25.1822808445903,1.78427870703272,-30.0237965931773,3.05509104038412,-32.5894757956639,2.7615052487971,-47.2644914757902,1.39642990855552,-0.807677005196904,0.714474834944916,2.00600730167829,1.01162602571573,1.45951984346558,1.09549958430241,4.14194828955029,0.799889101585747,8.37332451740409,1.71983398707403,-16.6932640360215,0.476667405273449
30,1.3658530411627,4.53372064835203,-5.08847013050322,1.79247962706852,-7.08351799669879,0.99088351974793,-6.40373774015925,1.39759793271693,-14.2210012838391,2.89038409869668,-8.76077778210699,0.544200428373893,15.7081530998651,4.23130227993916,19.0758779918592,2.88300475264732,19.6955348075751,0.0703589446573417,25.2092721281048,1.30314912451198,11.2777772126234,4.75148227266749,35.5490183847949,1.04487273498609,67.9087284139851,1.69845499457358,73.5124674346642,5.52083294123916,77.2918084343425,1.79485244593271,84.8007127389934,1.33671041311481,87.6909472668927,1.0339585819719,85.9246286215841,2.49740353825115,70.2938633650227,3.65105578332817,76.7418653607152,5.23387929607053,74.9220054710293,6.17262209977928,79.6987635662752,2.63778864039496,94.6007515074887,4.06487254159788,59.1792826952147,3.94550206347464,-19.0238030037753,5.48022361687289,-26.3879385970911,1.65585398638828,-28.5671469397695,1.0812310731464,-31.964244322145,2.84819871339418,-36.2082877644941,2.76333924459015,-47.5500587096501,1.56956131636643,-0.763405222908047,0.770576198567168,1.88944668342577,1.07758940384982,1.32738912386841,1.02482983641906,3.73633043309652,0.789082702675425,8.60654839165869,1.88166488771722,-17.8734429035025,0.4532378336751
31,0.58301543897077,3.63063243397397,-4.71007562074981,1.73173793951293,-6.74013090074053,1.22480841883336,-5.71578289231149,1.496408425085,-14.6612582281694,2.9688980128928,-8.58243655529014,0.524264269827344,15.2518202699669,2.88752184040544,20.2949522902485,2.43400760944933,21.3343262734633,0.652872155191909,28.3301090248924,1.20015288815162,12.8662815192838,4.35060860120406,40.6838740019185,1.1807822568667,67.7269448319069,1.57673975020542,73.682466462829,5.21320559281614,77.4511121662977,1.44313870249533,84.6773586212795,1.5299584083855,88.1969575372514,0.922417288754471,84.1139946052675,2.45339023274987,65.3208130976216,3.77854902455052,71.8052445272413,5.27296182173989,70.0306961778142,6.39009052588671,74.6125850931553,2.51244219183189,89.6020718562437,4.0929850352847,52.5184244454703,3.66498747493581,-23.0212052200207,4.41312604360033,-29.0108923357256,1.2850118614293,-31.1404084880999,0.473634946921583,-33.2637132871412,2.66809678923102,-38.9569755920305,2.98589163699588,-47.6635819850475,1.74045424501302,-0.67533763728906,0.81090510556089,1.75206150157961,1.15101378579938,1.16790721922763,0.973281633218086,3.30597379457589,0.781338033957062,8.82168804104248,2.05772676062026,-19.0701150524853,0.627134405864616
32,0.0544203106041275,2.79716660206507,-4.07895305247719,1.69578207285144,-6.06815782632308,1.36671566443736,-4.81360321196326,1.60964082040005,-14.5252185956882,2.99614560731592,-8.45448193980533,0.487062942726827,15.3942034619727,1.60418519895192,22.1875228923621,1.98406002583463,23.7104699525205,1.14724489120679,32.0234358929515,1.22443376627888,15.5548896436848,4.12573945543784,46.0373689232865,1.29132802413641,67.367349879102,1.42105272171548,73.5856922201045,4.86672658925552,77.360050755878,1.14291980497671,84.2320290103889,1.71083827177063,88.42028743688,0.787858643651587,81.9610887114141,2.36626433475818,60.2584382897906,3.82453700500668,66.7703891095837,5.23396508227073,65.0584351750548,6.52650568778915,69.4949552668859,2.34179508032538,84.4261794491172,4.10351809518238,45.9523729185706,3.32697179007561,-26.5170663245629,3.25552731159666,-30.8493941024649,0.965518889947025,-32.9112218268831,0.334289247680636,-34.0046130697213,2.4924164868603,-40.854739676495,3.30139474051851,-47.6607743619809,1.90295656122652,-0.522909442802161,0.821580436882093,1.59226121766108,1.21852149401644,0.975663946914813,0.974331500863759,2.84682535839918,0.779477159366824,8.98384380411313,2.2361632661658,-20.2379933602626,0.89287338312926
33,-0.218018867346586,2.06632577326996,-3.2598613376237,1.64598008148525,-5.15811034109831,1.42840657231644,-3.76376508663173,1.72092788008862,-13.8720774255065,2.93977498014482,-8.37841557781949,0.433239292348887,16.2147566451024,0.793113877959488,24.7393636533975,1.53431664637113,26.7291390416412,1.55083241529185,36.1886836926774,1.34233244942365,19.2464514980671,4.01364331257722,51.5339173227961,1.37238904186723,66.817835479128,1.21157675444548,73.1793227480658,4.47211725790782,77.0035982741343,0.936226630063444,83.4649155645237,1.87542397344917,88.3480723214859,0.654599413906643,79.5326207484265,2.24918552064784,55.1639481757677,3.76809095417032,61.6857927696516,5.0972045244376,60.0636892190284,6.57058692197067,64.3962700036335,2.12498491961442,79.1068480109994,4.09335856084272,39.5736957946915,2.9435912627676,-29.3513631910982,2.08437522407699,-31.8807518866441,0.713953937837118,-33.9513817916914,0.639675540554436,-34.2963609501961,2.30385703360838,-41.9825323137586,3.60003102511973,-47.5701860179845,2.05421012014176,-0.286231047482394,0.793705732693988,1.40438725846858,1.2662857433893,0.747427716103451,1.05655047023437,2.35868455496062,0.785397371727201,9.0598319497205,2.40405766103319,-21.3478372275176,1.17277183988006
34,-0.270673665800796,1.46223574193089,-2.33797138773137,1.59327858976718,-4.0876240735177,1.41890951823576,-2.62545770934852,1.81537369176915,-12.7826432335564,2.79059437168971,-8.33911136444259,0.366480279006596,17.6798149640862,1.44618754473274,27.8428205973967,1.18850875469415,30.3015526991457,1.86310380185643,40.7249632920442,1.50601372169629,23.8034413502179,3.94015781004958,57.1122311235923,1.42237752579365,66.0941300453882,0.949313523999731,72.465508913087,4.08422925944257,76.3713586501556,0.86346908199598,82.3868318116444,2.02190659002795,87.9688777067294,0.567440612012836,76.9027498545793,2.11664995142778,50.1064967694421,3.60053114694376,56.6184400987669,4.86770280569946,55.109583778205,6.50750719609275,59.3753821033592,1.86293056321684,73.6880827612947,4.05770799497026,33.4766175646056,2.53236130593585,-31.4954457239827,1.12464648264622,-32.2313231819842,0.549310477984855,-34.3572252884742,0.874904148220358,-34.253877842831,2.09812240035993,-42.4573263002722,3.81797993704216,-47.4015688131427,2.19475677083142,0.0377031133761574,0.72753178601712,1.19243980142346,1.29208512331639,0.481468230539573,1.22427401489271,1.84616228885456,0.798648594282927,9.02101941434591,2.54652971362841,-22.3925480624025,1.42904097035272
35,-0.124335193346491,1.02583513652817,-1.3813173821378,1.52245725689133,-2.92890257095739,1.3526195183345,-1.45121640922811,1.88339225001847,-11.3609229188949,2.57015874789584,-8.30886238232474,0.295156876409347,19.7687561399898,2.43463674176222,31.4059358546243,1.00403259977153,34.3294173376566,2.09038172285973,45.5297561052537,1.68910282752762,29.0492206415492,3.87126321658522,62.7241182954873,1.44231350483103,65.2104385098775,0.649568798567071,71.4487900344157,3.71154418226516,75.4648868016344,0.912498201690155,81.0222725053634,2.14317961227117,87.2793574866191,0.567310451445171,74.1492337250724,1.98403702645729,45.1560813964532,3.32503281802816,51.6395861585125,4.544923191826,50.2671380293532,6.32716613332096,54.4956308241847,1.56221778312394,68.2278212533621,3.99450753001165,27.7543164866928,2.11793124706701,-32.9391355915463,1.08392121703603,-32.0340209749996,0.4403549474768,-34.2551422881102,0.983743065856509,-33.9837906222518,1.87297242662731,-42.4192401130438,3.94595837209716,-47.1525458435014,2.32803531590199,0.446984515448053,0.626453470522352,0.958318407881377,1.30113548248603,0.179562404233218,1.456671333033,1.31817860767786,0.814934518463862,8.84893599055057,2.65165829282289,-23.3860063672001,1.64295804192506
36,0.189392749986259,0.74979551412562,-0.441897756035837,1.43209463048524,-1.74482481353413,1.246282366671,-0.28477819840128,1.91794460302367,-9.71635794638121,2.30866405609948,-8.2518665844146,0.236251550530348,22.4620373922017,3.30593984192667,35.3368623730222,1.05237411643887,38.7112953211915,2.24348101715797,50.5091053083164,1.87664473508541,34.8003458777744,3.79427567623343,68.3330482335762,1.43586284508342,64.1682676694731,0.315932917685062,70.1494532068561,3.35789927906808,74.2981095315731,1.01970404766428,79.4026919495628,2.23445452410641,86.284116803704,0.648784713895426,71.3501666257933,1.86681152091563,40.4137237101453,2.92405789740127,46.8236561935911,4.13288587608521,45.6122601904679,6.02658713477746,49.8217157329899,1.23729560388285,62.7954469038427,3.9010670054132,22.497880722772,1.73751091286442,-33.6795870613898,1.6602031883584,-31.4331039242665,0.350419787433337,-33.7809690173337,0.985688361664393,-33.565759805144,1.63260507540244,-41.9973500183858,3.99227573031295,-46.8130794996451,2.45932152972851,0.933146223349547,0.531709021768298,0.706698657912603,1.31099280175106,-0.152777026471449,1.72248808846537,0.784650215292319,0.826968067308221,8.53609596564252,2.70964387415619,-24.3539704565372,1.80896837006705
37,0.623057494027226,0.616363424058608,0.440525371237613,1.33321046605554,-0.586205988830426,1.11695645255238,0.838715404745163,1.91518819715962,-7.95408444231193,2.03675743535741,-8.1287964608713,0.216374056382995,25.6380409191385,4.02638753624869,39.5670909339447,1.31618868431435,43.3484766920332,2.33585942251787,55.580347480275,2.06024879271481,40.8830239920629,3.7062072719173,73.9121725672075,1.40915910458132,63.0029557485221,0.113049077402675,68.5831737038857,3.01521160820078,72.8959608554975,1.12802399082762,77.562703332517,2.29513999260222,84.9956645050348,0.766623161269709,68.5815741737893,1.77879953820623,35.9442659744469,2.41139411445075,42.2668418059454,3.65952107665834,41.2211413373483,5.6116364248794,45.4170906450784,0.916584323921617,57.4699707340144,3.77485333514391,17.796881949069,1.45123494636301,-33.8648177122621,2.20966006286598,-30.5455540623154,0.264644451138655,-33.0596017823389,0.922607162653163,-33.0484065728137,1.38273896783771,-41.2934110842681,3.96820302259563,-46.3686424672359,2.59418924766523,1.46858243532244,0.516367183666509,0.443148475156125,1.34589024225619,-0.50771608603598,1.99107806356984,0.252888967986408,0.826442321465947,8.08453608808201,2.71196384841236,-25.3195562973793,1.93023004222937
38,1.15980965254567,0.607148637569641,1.24170884711693,1.22863170150738,0.509776898723646,0.980662437900108,1.89284933844146,1.87482050883647,-6.16950720770649,1.78393273170781,-7.90097068365536,0.246644447424915,29.2506588704287,4.54503558769243,44.0097531390691,1.65219039709303,48.1499118923492,2.38175186875062,60.6725520389151,2.23600561976542,47.140408893806,3.61138913937168,79.441843691231,1.37026303278544,61.7370652654082,0.428454727775209,66.8008093335076,2.71909079840805,71.2917462256214,1.20704669386314,75.5385379631673,2.32677272531306,83.4352758485364,0.881883067258726,65.9156622903916,1.72942257920191,31.8350100856389,1.83048848116519,38.0631659140663,3.11584400697039,37.1648437446484,5.0974967006742,41.3398249208403,0.667771506511494,52.3369515612157,3.61491777148659,13.7403670201084,1.34118591496356,-33.5648571521547,2.50137709587889,-29.501443834259,0.285853850553895,-32.1902623411229,0.844930595231852,-32.4530388761574,1.12912405909127,-40.3807087704517,3.88768921204693,-45.8031413243777,2.73666590861178,2.02862729918777,0.63164986979148,0.179829381557297,1.4406139712648,-0.877956816218141,2.2368402872683,-0.274733174911701,0.806928402775744,7.50353508659496,2.65305981684831,-26.2883014809799,2.01302957164052
39,1.76760241836403,0.672061079673965,1.96241939035454,1.12420590245018,1.51772436459949,0.852918004412292,2.86069514446142,1.79955305995991,-4.44369148751607,1.57547359555292,-7.53366713948598,0.303604920861479,33.2139212723104,4.91227020885283,48.5873652548752,2.00112915635008,53.0364333248648,2.3935147905455,65.7274260022387,2.40209117313523,53.4383561631287,3.51653890699264,84.9070398210924,1.32821481418188,60.3982412599491,0.760915374349764,64.8635937568651,2.46882797213671,69.5204570587584,1.23930895023815,73.3663461055748,2.33209510885261,81.6319612477315,0.973717086267742,63.4188040185094,1.7207660885876,28.1853120781972,1.18505188631125,34.2714410848181,2.55574354372894,33.5117228491415,4.51720754200012,37.6395297629952,0.627154859797387,47.484122203285,3.42269116140545,10.4157122670279,1.45152826757826,-32.9196949960477,2.54951936984156,-28.3895956193071,0.435914962416584,-31.2399717251232,0.796412076809875,-31.7811817683977,0.88012937463855,-39.3098337395479,3.76815536128677,-45.101950139237,2.88749646907042,2.5850237416109,0.845405889661675,-0.0790545622508404,1.60752617651934,-1.26056253329815,2.44038696435987,-0.8008900374544,0.76638491991213,6.80557751100207,2.53084795966187,-27.2383614031628,2.06197349398323
40,2.42827817644754,0.77778297912844,2.61684897645978,1.02824945206899,2.4271615580992,0.743225710349013,3.73543551121771,1.69449394156114,-2.840873029736,1.42893768352419,-6.99838271358231,0.361253531200677,37.4244369032548,5.14994719017602,53.2405188842282,2.33608771540421,57.9381396859373,2.38632976047702,70.6993872124713,2.55766051562227,59.6675536612953,3.42800181456,90.295103318331,1.29174936570198,59.0260950566295,1.06524656617288,62.8324617879547,2.25303055546603,67.6244987386388,1.2274694392039,71.0813250040016,2.3142135457454,79.6208720166752,1.03411013756001,61.1479919207512,1.74630065834556,25.0073729928763,0.549049514156551,30.9381141342238,2.01973922656169,30.3100673256264,3.90238685287276,34.3553348447869,0.831222631543157,42.9968492464006,3.20274707664504,7.90248108443713,1.72920573501623,-32.0784078244024,2.4013973153617,-27.2600809344719,0.666690057806196,-30.2484310470406,0.797706371584296,-31.0235452354499,0.649478527799918,-38.1173465067683,3.63096965459977,-44.2546215917379,3.0431793769973,3.11257885990613,1.09909385263378,-0.336342077574125,1.83721037399247,-1.65734608337923,2.59104912116142,-1.33112671855198,0.70774539335805,6.00281690194658,2.34671408185253,-28.1197232426222,2.07777053033186
41,3.13979194875211,0.909739019382272,3.22492234644845,0.943687872503439,3.23804446460495,0.654709533085269,4.52049182562621,1.56642210534716,-1.40701946859631,1.35037502209295,-6.27418602009938,0.405672268021707,41.8386388966781,5.25471418489497,57.9234480587631,2.63975215369609,62.7970172340999,2.36576445958507,75.5549461241493,2.70243692008688,65.743631733412,3.35042290901773,95.5939038719223,1.2678442270075,57.6478113236789,1.32801505525699,60.7631898234396,2.07336513914221,65.6442504295873,1.1823055054905,68.7174882845866,2.27613671976006,77.4416426177979,1.06341789975479,59.1453997244615,1.79290554687198,22.3835786162944,0.393685832609475,28.1357133105715,1.62544412386113,27.6103238161334,3.26020870417436,31.5151557891718,1.14706506107383,38.9539217078839,2.96387979417064,6.26103681058847,2.08559204614078,-31.1317757368204,2.09680148239879,-26.1412827987607,0.943566794503713,-29.228979301016,0.838241063530161,-30.1675981593936,0.459926595991285,-36.8317175149304,3.49890259321413,-43.2567307937639,3.19636356276742,3.58462561692457,1.35773956893081,-0.599696346961856,2.10445235301579,-2.07347456410577,2.68434897268161,-1.87032246949201,0.637578148794206,5.10563259997181,2.10522075835294,-28.8624169006729,2.05813383032636
42,3.89898345668827,1.03830795387661,3.82154717171287,0.86184758322349,3.96877081239445,0.589005130240986,5.22901256763156,1.42298864640318,-0.168786796529487,1.33412389568129,-5.34832723548695,0.432075386640042,46.3750202017831,5.2767125937764,62.6015765383438,2.90673581282739,67.5761683391434,2.33789123224086,80.2715514603212,2.83672129911888,71.6063641309283,3.2862586581741,100.790270312793,1.2604116685363,56.3008650245892,1.53831884833755,58.7114990153921,1.93683930925618,63.6203175684207,1.10584165778455,66.3078617980496,2.22069119139269,75.1370542855941,1.0676206515265,57.4328597954378,1.84580785572255,20.3315762414372,0.951261893618142,25.8673013100988,1.40762011690994,25.3983833113517,2.64170609503836,29.1362775028796,1.49161832622766,35.4241367100329,2.72138731565386,5.5205866222606,2.45736445309952,-30.1973239183628,1.73166407862269,-25.0523327924349,1.24510789084271,-28.1847154228677,0.89626526923671,-29.2024281732291,0.348520903265664,-35.4751772075388,3.39195909271276,-42.1108882594408,3.33755055829881,3.98353219145071,1.59344195401638,-0.87525339125619,2.38188762092114,-2.51478666369188,2.72826948892274,-2.41896125244514,0.564544343147545,4.12367806539045,1.81418238437531,-29.3887779061682,2.00064685567539
43,4.70872100528268,1.15392627051978,4.44706460655743,0.777899867129826,4.64105964576265,0.541830699388052,5.88285231087543,1.2719680945967,0.867003792133151,1.36853933683397,-4.21594133308964,0.442774275961599,50.9799707715106,5.23382395058147,67.2452334686369,3.14122372994199,72.2502589979756,2.30582847451373,84.8360498747207,2.96162080791786,77.2181414782731,3.23575568498452,105.868594132328,1.26969266207929,55.0081948550943,1.69994440324785,56.7313082561313,1.84338033480015,61.5860776090493,1.00566822699599,63.884983466162,2.1506776876773,72.752165291969,1.05627817888765,56.0091431544885,1.89361418476554,18.8193598538125,1.54069504308054,24.1666074706557,1.39733039437333,23.6739067997933,2.0775706956757,27.2270032635392,1.83610373727455,32.4639939609806,2.50170789903078,5.67285184081254,2.80855539987625,-29.3280844659215,1.37541006417453,-24.0026355650646,1.5488097243566,-27.1111451411998,0.954925890341045,-28.1208875654365,0.343306534840456,-34.0632349180343,3.32407662112154,-40.8270045658018,3.45741771993565,4.29555540772603,1.7954690169344,-1.16555719463371,2.63426928779372,-2.98275377786249,2.731056210977,-2.97014797871321,0.500039505503956,3.06863761123971,1.48633302469385,-29.623468053905,1.90554147480165
44,5.57959171058362,1.2533874760454,5.13783853853752,0.685559896448006,5.28348042227352,0.507912741076418,6.51132816745853,1.12059235452888,1.7128568778168,1.44288593644308,-2.8786490233437,0.446427943391829,55.6154752018381,5.14251648163972,71.835398142444,3.34756223848745,76.8040539935339,2.27077692516344,89.2429007279593,3.07923107057447,82.5613338965578,3.1972678138924,110.809744437814,1.29275249711874,53.7956068591149,1.82438783161253,54.8616870220453,1.80005900256145,59.5737337933174,0.889771054861954,61.4816095916489,2.06906381781982,70.3338104446852,1.04109254091928,54.8511982427434,1.93087594229817,17.8873229130416,2.01959112498554,22.9919689522649,1.60108687748363,22.4286207747163,1.59562724038254,25.7889301833651,2.17235795007096,30.1164861090085,2.34906802179379,6.67261240251714,3.11973053445854,-28.5716712666213,1.08089007726216,-22.9879063453622,1.83817192508133,-26.0025624247167,1.00490642616233,-26.9196616510304,0.406606753368234,-32.603882391614,3.30201593050808,-39.4211550483753,3.54897633555691,4.49067505422111,1.93840119610246,-1.46602869940419,2.83509487895775,-3.47115003453401,2.70297506471868,-3.5077773776329,0.462828881820346,1.95768587661176,1.1449282446215,-29.4990301731527,1.77807902557622
45,6.52074978803883,1.32071581126052,5.93859036711258,0.573023851018835,5.9299135611082,0.485200496379684,7.14996131479144,0.974877909404859,2.39883734175042,1.54954157683609,-1.34227191268147,0.45683532569086,60.2370153061574,5.01744423776589,76.3542602812952,3.52090186344045,81.2301875828493,2.23252082444677,93.4921656645658,3.19246242186413,87.63443235246,3.16783809996049,115.590409814924,1.32469541755476,52.6811452977157,1.90267486129483,53.1517735086362,1.83936352729124,57.6153760110092,0.766644001280282,59.131374705034,1.97904821479448,67.9301923392725,1.03542914855839,53.9184363212856,1.95796574335502,17.4770724483522,2.45472623305575,22.364582645594,1.98579013273833,21.6508838987377,1.22247930310053,24.8193183227952,2.50125749622694,28.4106784302578,2.32675172213209,8.44230452019101,3.38163090256517,-27.9147750742897,0.857032858326562,-22.0032124155285,2.09880263905624,-24.8543637542499,1.04232533786816,-25.5982090670182,0.485167694594077,-31.0974270736108,3.32630148753279,-37.9129363267069,3.60865432947915,4.55167740275316,2.03003034044396,-1.76156638056698,2.95553384426097,-3.9631300658197,2.6547613432312,-4.00571049388606,0.483333105773353,0.817190117587799,0.839191711539614,-28.9582560858251,1.6327016163354
46,7.53178744066722,1.36296795200608,6.88197471409768,0.445666335393035,6.61790479941538,0.477771045971158,7.83923525663289,0.838864792097054,2.96997449664214,1.68170241411077,0.385922659519408,0.489672732859656,64.8189151764515,4.8722238630015,80.7971073608016,3.67333172224927,85.526549386655,2.19031361132408,97.5872909970304,3.3043292119638,92.4475076831277,3.1438511732944,120.182779633308,1.35983989103157,51.6642949653374,1.95418639177411,51.6251111953284,1.9566476569519,55.7437062083436,0.645941816006275,56.8690352149417,1.88402612011956,65.5902540580952,1.05464406181031,53.1590461879805,1.97923392948135,17.5331947396361,2.79955097488041,22.2374608739208,2.45004097634329,21.3298011502002,0.985748477943814,24.313037618267,2.82826227334182,27.3616073330759,2.49661855314601,10.8795690163537,3.59237087184148,-27.3349961211149,0.697662617677795,-21.0342371970126,2.32255473465033,-23.6641403483837,1.06612514070185,-24.157725119862,0.557099504898443,-29.5372443648821,3.39309658808264,-36.3228173524052,3.63590307332698,4.46727334938329,2.06534234996565,-2.02464332883257,2.96189915822108,-4.42894811843318,2.59582021344427,-4.42758232455945,0.59066649554775,-0.313311870931221,0.670573136266741,-27.9541042380687,1.50124591707078
47,8.61878901233753,1.37984500859844,8.00530136116235,0.334039284579813,7.390276733513,0.493071228665245,8.62338476792777,0.713869802608331,3.48352293779872,1.83024102476727,2.2998504124155,0.557217204300587,69.3332861550678,4.7207247513927,85.1539113781397,3.81035805777192,89.6899846133876,2.14766758268684,101.532941430684,3.41702781936477,97.0177311166444,3.12158478741604,124.554433786594,1.39249687028016,50.754523154936,1.99486234853383,50.3149401541221,2.1509921230037,53.9976727021435,0.548835126601861,54.7301506544873,1.78790850144129,63.3626382874754,1.11557228012686,52.5172382471273,2.00048978483832,18.0550220905267,3.01686610533047,22.6122943688535,2.9653372267692,21.474569783231,0.934450244036222,24.2637096553235,3.1603400860346,26.9700905370984,2.88120957623792,13.8677575701031,3.7548685478194,-26.799610356166,0.608992676757431,-20.0622459554012,2.50049894006352,-22.4309010970845,1.07678076038071,-22.6008487443041,0.61867155937986,-27.9116606934393,3.49587062198339,-34.6707258420468,3.63222682167614,4.20879191224595,2.01064713396853,-2.21768724854859,2.81397142784335,-4.8207544338043,2.53385683301901,-4.72700174512792,0.792476196161707,-1.3773058506028,0.719725214043964,-26.4479453455105,1.44146843659521
48,9.77809484399534,1.35615558233455,9.33399527226831,0.298527758760204,8.28847149812568,0.53592804048177,9.54923132944058,0.598303464973214,4.00635975056091,1.98240942933991,4.39624805724522,0.665460866158646,73.7605432019377,4.55304737884025,89.4169838852314,3.92910581070497,93.7250854796679,2.10219042675564,105.333210103441,3.53129738993309,101.365381382631,3.09771378513833,128.66837981242,1.41728945772476,49.9489369013814,2.0070825777396,49.24458206102,2.42846756756986,52.4094269254994,0.488623163324693,52.7502181349443,1.69628146054024,61.2940824075225,1.23261525454446,51.9394839396343,2.02684350454718,18.9743845994438,3.20122166824299,23.4710595913012,3.5695481296879,22.0679179984651,1.03591330166797,24.6636480867316,3.50276032480259,27.2222210369247,3.45200433317409,17.2868198663324,3.87359691652058,-26.2333681363265,0.660490011044664,-19.070552708207,2.63725612470661,-21.1551446569807,1.07339225320498,-20.9321663509933,0.672471507377312,-26.2069610386701,3.62660504519235,-32.9755531308697,3.6005823058221,3.80456189135228,1.87482344898148,-2.26858724534393,2.47609447244645,-5.07819786431265,2.46827504550753,-4.84848131491362,1.08247094728098,-2.2997007940366,0.873290591756295,-24.4091943213504,1.52252312051239
49,11.004524537736,1.29404418022635,10.8982431662098,0.453211859875636,9.35346502176945,0.60475790050536,10.6648940586601,0.489471102765338,4.61217640022275,2.12278006133111,6.67507510499106,0.816138745507893,78.085452245914,4.38582345321425,93.5686591493992,4.01204912612505,97.633043313721,2.05564528256155,108.990207213131,3.64609053627341,105.510407595727,3.06985619094978,132.483392599105,1.42915196744058,49.2470423093246,2.01059099874097,48.439513003098,2.79894502259597,51.010593346939,0.483752477627669,50.962983373116,1.61800432118356,59.4268887784257,1.41127279349348,51.3782608205308,2.06135883232091,20.274264852644,3.32549325794386,24.8258265255619,4.28434856584361,23.1037667729017,1.2531423953754,25.5020351675616,3.85549948080287,28.0883347257541,4.15101404610703,21.0207311226489,3.95133953747126,-25.595205990859,0.869827630167502,-18.0372904543337,2.74200632278601,-19.8358225401353,1.05549936673279,-19.1592214182263,0.722513915813219,-24.4110407943466,3.77674368284457,-31.2548672851655,3.54522617759765,3.29244481526935,1.62398925662318,-2.08633105520873,1.9225184159317,-5.13050697059103,2.39094465430763,-4.73070922896949,1.45194673469935,-2.99076080575366,0.979403510492662,-21.8205335544278,1.76991079103141
50,12.2996872799046,1.18769269139235,12.6888682892894,0.715132373566415,10.6256943470555,0.692392347059145,12.0181291348697,0.390757581290271,5.37801314906121,2.23528574803256,9.13946350338935,1.00959588377203,82.2904735611073,4.22570701398695,97.6019588502759,4.06144297014508,101.411896330975,2.01111379258499,112.502759642036,3.75842344410866,109.469409443337,3.03706602182477,135.955028387257,1.42339762518047,48.6573355158983,2.01710859728552,47.8719719528722,3.20007461338707,49.8286678004309,0.547586159396751,49.397519828891,1.56551493193244,57.7951841377421,1.64459958506238,50.7933874933347,2.1044918419772,21.9549787656863,3.4031936294749,26.6097360217839,5.02296513877216,24.5745489669969,1.56258532214384,26.7608706379976,4.20962673292613,29.5213489228225,4.90969545724046,24.9593946912248,3.98671470258449,-24.8377043761029,1.16568960665984,-16.9452140904296,2.82480905867694,-18.4709179064616,1.02300124391726,-17.2936892177664,0.77208028464829,-22.5169246939666,3.93749263371424,-29.5246557487371,3.47162681901175,2.75792833615765,1.25282139205185,-1.63404841621784,1.17820269998591,-4.90191950328224,2.29054091247971,-4.31481843596454,1.88654761032672,-3.35792725640154,0.967670231882674,-18.6909845020497,2.13616786862299
51,13.6746491467985,1.01961516401236,14.7210656483916,1.00266280483763,12.1576658496309,0.79639240006936,13.6584094296787,0.334428561436554,6.38188697095734,2.30786598524802,11.8030387197492,1.2463132134379,86.362007035501,4.05005710381935,101.490772875239,4.07621620639452,105.048011676784,1.96775718367194,115.863010855362,3.86260528029526,113.251821978081,2.99942527381636,139.0219774193,1.39583707594191,48.192568365284,2.01020604879232,47.5329869795075,3.56636804386781,48.893629912994,0.666953709347598,48.0773923377406,1.55392822390725,56.4220337685908,1.91320703879041,50.1490033088712,2.15513481457964,24.0069807452026,3.52475556116813,28.8013153578677,5.67921793594296,26.4801503310564,1.92728763363122,28.4136951294436,4.54170785650373,31.4575486796717,5.65480043044725,28.9955708751457,3.97062996475836,-23.9345038835891,1.49947026616659,-15.777881595617,2.8882185195173,-17.0557214153062,0.974668160367424,-15.3517380666429,0.823523294103102,-20.5247700220843,4.09998871311897,-27.7997925365036,3.3853525190824,2.3578508689011,0.779322422433744,-0.869293142406421,0.434905846786521,-4.30602391578114,2.15389556677755,-3.55374431285443,2.35438030736985,-3.32154095855691,0.836350973214864,-15.0594256050159,2.53171166441201
52,15.1438044348738,0.799614618878358,16.9826673598297,1.30226614143485,13.9715670947489,0.898142834805273,15.622382689213,0.378906609812957,7.69474428085941,2.32826089853253,14.6693659381142,1.52374147385257,90.2803509920079,3.88170643646255,105.216074168717,4.03923218366782,108.536556998367,1.92991479642704,119.060675351592,3.95308279226523,116.861415907785,2.96004678996494,141.6529466847,1.34380582469082,47.8589847643666,2.02666166842066,47.372548775839,3.86394274243533,48.1968033159816,0.831450825045976,47.0062000123592,1.58373059467455,55.3116488611096,2.19636501342352,49.4198336320252,2.20932276181262,26.426598443033,3.63167521417876,31.3066370815502,6.20843357505009,28.7573683013191,2.3375663953794,30.4041570796441,4.82187904855218,33.8064408110459,6.31839875554655,33.0139054207066,3.89559136388155,-22.8777470579687,1.79589790865067,-14.5368754755062,2.95003289860961,-15.5955988603472,0.913934548801662,-13.3573010441217,0.876290218046383,-18.4447706031484,4.25193617537508,-26.0925015120383,3.29334380738537,2.23368826381152,0.491285377512061,0.209093903771829,0.840080134307227,-3.32351891008825,1.98528910654511,-2.44218698666521,2.80765384754572,-2.84197889175667,0.634282393308264,-11.0568377425725,2.86808642477738
53,16.7384865577376,0.538393325114335,19.4834218535807,1.61807502043734,16.0950412467454,0.986379572643548,17.9413467215727,0.537009698201325,9.37908818329168,2.29116800547253,17.750197046164,1.83793382238875,94.0294244209076,3.71564365832442,108.728225794547,3.91395824325696,111.860040971399,1.89774039378364,122.077166511632,4.02279395628682,120.291583791482,2.92287697129172,143.809346402613,1.26668785212218,47.662520567363,2.06371745832318,47.3326520228794,4.03273923670565,47.7234730017218,1.01621800191099,46.1735616367216,1.64198872272426,54.4508532996895,2.47115476918044,48.5839195344418,2.26197608395878,29.172447936965,3.72619268281225,34.0265234399029,6.51438745332188,31.3369385103148,2.75168794737501,32.6597025068665,5.00952775975061,36.4612894428281,6.84283730668721,36.9033027358034,3.75297038757761,-21.686560521508,2.03172204302011,-13.2240297775488,3.02008685984087,-14.096863312115,0.843641543939673,-11.3379982224299,0.930627221316787,-16.2946720095954,4.38111550367456,-24.4121068262512,3.19994741110991,2.49406212516026,0.763942175163177,1.58955012843369,1.68287749357439,-1.9693567958056,1.78967387071098,-1.01018161166556,3.18528866922705,-1.9272520258416,0.429717495150381,-6.84056190526286,3.08340600242356
54,18.5184249808844,0.332345987232156,22.1993914151501,1.91154570801152,18.5489695824865,1.0521978542964,20.6336705574892,0.765302109895387,11.482991882725,2.19962553352539,21.0549105952413,2.18101007767159,97.5846265370182,3.52162495621535,112.003227744352,3.7152651327705,114.994129325836,1.87252745190903,124.887638626121,4.06435794233163,123.526453739496,2.89303343457325,145.459874311149,1.16588670696344,47.6140092717226,2.09897964916887,47.3419932422022,4.02417206374749,47.4419411993765,1.19381835761698,45.5501256334059,1.70094047747167,53.8069037037136,2.71713641755344,47.6198862296977,2.30572522916606,32.1712225487006,3.81042813189882,36.8449793603044,6.52899972691335,34.1236319653037,3.1222826542991,35.0887452267367,5.06485160384268,39.3003410492827,7.19352318389053,40.5507899817728,3.53858792015201,-20.4000384794534,2.19949265949142,-11.8593848026183,3.0924100400291,-12.5704860567695,0.767648136195302,-9.32425570021876,0.986996408918921,-14.0992660297275,4.47576172489023,-22.7660596921356,3.10767678335947,3.1671438156155,1.21839807478466,3.21533954329107,2.39150692885965,-0.303788884567658,1.57540232641918,0.681568056747685,3.43728514274939,-0.632785364368746,0.276548048282561,-2.59136538745643,3.14740913450822
55,20.5434439809545,0.547477698288649,25.1130484500749,2.14836546649939,21.3459574885918,1.09071432446531,23.6994620658168,1.02810155265487,14.0342498253617,2.06747349491171,24.5848405495046,2.53997860414948,100.908435613942,3.33736827682534,114.99889050771,3.45420854172826,117.903392467751,1.8623141753042,127.461936324698,4.07086043724833,126.541758208449,2.87627415814854,146.581643133715,1.04531469667018,47.7041849867938,2.13137439271432,47.3255409959376,3.80020380002953,47.3005797744659,1.32958051811277,45.0864874407409,1.72752475554717,53.3277288284223,2.91720445644265,46.5030300198416,2.33031921821419,35.3174976944314,3.81619671983987,39.6468319588398,6.22205317763977,36.998305845662,3.39685541997361,37.5870312101317,4.95884843852165,42.1948270978191,7.36318120257672,43.8454369068517,3.25476755495219,-19.0481937407197,2.28736087177041,-10.4677739911388,3.16166501046497,-11.0318563739949,0.690233331500745,-7.34674265730369,1.0458498919449,-11.888680016272,4.52620868475364,-21.1618082707296,3.01777202877599,4.24177121587451,1.56968301023056,5.0453942753807,2.87245429303735,1.59013432384105,1.35526410665877,2.5592276327782,3.54738753955069,0.956675308164392,0.209577533440991,1.51125498545298,3.0585839685157
56,22.8407781709084,0.976218329478087,28.184367908686,2.31432642283249,24.4563196263548,1.10178100597065,27.1155729876885,1.29980557702486,17.0349143116464,1.91930641082534,28.32760896939,2.89656787946073,103.988535354736,3.13916521273256,117.684667947494,3.12656634330551,120.561611244923,1.86661528275813,129.766085618442,4.03670689583861,129.306568241372,2.87809334561079,147.160336179079,0.912898850778356,47.8913124029877,2.12883813278555,47.1937992058213,3.36281024325022,47.2233943476019,1.37831362179629,44.7136532151892,1.69419562916821,52.9436002296299,3.05888048520327,45.2027544811487,2.32311402702932,38.4583232628656,3.73927288897903,42.2979834486686,5.63867849769927,39.8382900956268,3.5409837831952,40.0452522831838,4.67945436383468,45.0187156932622,7.36720504879402,46.6838261569064,2.9106440146314,-17.6798661788736,2.31463743759215,-9.07830160330009,3.223025431322,-9.49916754544863,0.616617659727184,-5.43411248574593,1.10723036999135,-9.6962034225515,4.52631419859473,-19.6094439454479,2.93136115163358,5.61224434614501,1.84531125467516,6.99994234289784,3.17404568166718,3.62306272743348,1.14382385952209,4.55139732761389,3.53601976713484,2.75126107075771,0.247146321122164,5.30639609083347,2.83444361301257
57,25.4147707274418,1.42843951365464,31.3676544033793,2.38641611557018,27.8371545623747,1.07051146266057,30.8331835374377,1.55729161752622,20.4580222896052,1.78609264697988,32.2533939860781,3.22813397444396,106.778891106295,2.89226357529955,120.001700602151,2.70705799607174,122.933642297862,1.89401620288516,131.76433349785,3.9582954415261,131.785774856239,2.90237508314585,147.190038269162,0.783928625017667,48.089086219173,2.06651209541885,46.8375047802149,2.69900802328764,47.1233631549389,1.30975538657067,44.3465000896298,1.58742901708347,52.5708031260137,3.13782280756648,43.6826380273039,2.27035275386438,41.4304411239545,3.53550207095847,44.6564194430786,4.78950936295508,42.5275637372448,3.54259187689268,42.3565637040654,4.23238287458335,47.6574938730263,7.23506942405448,48.975675171696,2.52192529649667,-16.329639747973,2.28796661437955,-7.72664791734311,3.25512892947714,-7.99201472963413,0.55311328384833,-3.61163840927466,1.17063172456954,-7.55585948702675,4.47425785982381,-18.1236145427511,2.85006325692086,7.22602008890621,2.08182695165576,9.01919869771243,3.3349666348244,5.72997448202923,0.959522679006189,6.59636589878081,3.44180291605644,4.67284052412889,0.356777169314562,8.65877590110762,2.50270915621212
58,28.228558562061,1.79604123664704,34.6087485237024,2.34812451213818,31.4213258142184,0.980077871671165,34.7793281204517,1.77840246054526,24.2480910798395,1.69742103873281,36.3143329093411,3.50967540992661,109.234949708667,2.64334396351369,121.941738284324,2.26925180697121,124.983703010425,1.95658591686583,133.421618429443,3.83447394085878,133.94315150921,2.95002176299258,146.673269027884,0.686307692002694,48.1860540509674,1.90664740721306,46.2041034843065,1.93083019781619,46.9017391913087,1.1136670812089,43.8904194604741,1.41590767094826,52.117565574553,3.16114774482963,41.9030384838648,2.15877434898109,44.0838596759984,3.25082072432694,46.6580512647008,3.79457576750705,44.9600650480904,3.40737472815969,44.4233066424221,3.63889931084109,50.0138600822295,7.00266629303088,50.6482908667943,2.11159840501438,-15.0195851298808,2.22931497482404,-6.43883781077917,3.24749465627147,-6.53060736456602,0.508064118072693,-1.90081968939432,1.23519092929514,-5.50024922558157,4.37238630364974,-16.7234995803692,2.77538260938418,9.04237541157341,2.24699992434746,11.052736250934,3.37810730347096,7.86153867395212,0.820467757490429,8.64141587197152,3.2985355209674,6.65815662005021,0.499779098933962,11.4583251061741,2.09839403797115
59,31.1745288772846,2.0784510672336,37.8490715230473,2.2044818234393,35.1238607805861,0.821044473641581,38.8619566227001,1.94386541114449,28.3257491273786,1.67322957984754,40.4471595026182,3.71724776271007,111.349280084507,2.3596253717337,123.452436146625,1.89990075439871,126.678015795986,2.06722232786295,134.706127768167,3.66688569983663,135.744664589378,3.0182500775869,145.62110828635,0.659938694480612,48.0587771605205,1.68941179152668,45.2041132009036,1.33165779030224,46.4578398091255,0.813140787502445,43.2494495639794,1.2230034363086,51.4915711542538,3.14678748327022,39.8252741064426,1.97776817843901,46.3282858831781,2.8936478054192,48.1991412817238,2.77671200958628,47.0456519438049,3.15865326631191,46.1620321636186,2.93234934466331,52.0101532550041,6.70640214228689,51.6491429130986,1.71391243463406,-13.7660395973306,2.14397543883063,-5.24580152018393,3.19177918240785,-5.13535658850142,0.49419540728694,-0.319585458939997,1.29998433196368,-3.55912329029146,4.22629585124418,-15.4311318714746,2.70734568546397,10.9902286601502,2.35381587343345,13.0543280075275,3.31440000397743,9.97527565459221,0.7383227123498,10.6374242407951,3.1230245109633,8.6521109485473,0.649094276314056,13.6166394656924,1.67000030986306
60,34.1568101253942,2.25700969901349,41.0212960400012,1.98079965406063,38.852461365584,0.596444571423283,42.9776424024035,2.04049079123982,32.5955965815583,1.71835122847965,44.5784361763046,3.83260837760925,113.067552635798,2.02625985771844,124.53602922484,1.71985023515078,127.987693828018,2.23505358576608,135.591596712341,3.46017486018331,137.16154790075,3.10093421330787,144.052838385295,0.730753159831247,47.5758669059824,1.46936139687778,43.8027180903792,1.46256614901259,45.7016781459367,0.507716652727829,42.3343410890742,1.10295385352714,50.6077133005544,3.11787615371563,37.4166084663084,1.72236763506404,48.0626775936291,2.47237214558353,49.2508238021246,1.87156220639745,48.7153524200924,2.83316950078453,47.5062338554499,2.15415289804511,53.5883382995657,6.37862160056852,51.9467920239506,1.38517131860263,-12.5877616357463,2.02911419532136,-4.16978156128273,3.08131403826323,-3.82700638997925,0.527793169454953,1.11737786119052,1.36425278144824,-1.7587900562749,4.04367288351654,-14.2691855447194,2.64369277039313,13.0107316851834,2.38682954518713,14.9764033558704,3.17103189313673,12.0273171624668,0.707821714344151,12.5326104372604,2.91573808159502,10.5989192844439,0.781502063697319,15.0634066914835,1.30290576545838
61,37.0917817231487,2.35034994831766,44.0594822507735,1.67876480755687,42.5113310636861,0.323192676786511,47.0212280879902,2.06399492023389,36.9556906715251,1.82292035081835,48.6313667003975,3.84758707119785,114.367071946596,1.69933466694419,125.165116647024,1.85444508932635,128.868923497573,2.4445607243709,136.059142137214,3.22183782427438,138.172661928652,3.18987496160122,141.994709955241,0.883833638136826,46.6743792402394,1.35680160784228,41.9672335805046,2.25925633328074,44.541895088182,0.513990092303486,41.0701944564858,1.17036709990954,49.3947336974713,3.09411453535101,34.6556387823206,1.39619517779145,49.2608997424168,2.11021193786338,49.7804381536539,1.3346492554114,49.8984300720448,2.49541065440167,48.4071341496895,1.35217673448429,54.7080505416924,6.04456802409311,51.5310223045672,1.21381099996775,-11.4976133015609,1.90185193324331,-3.24272480022491,2.90280782948478,-2.6332724831614,0.613893433570557,2.39836237310728,1.42744544390362,-0.122029061139397,3.83329464594685,-13.2585764626119,2.58088805538479,15.0333352231498,2.34171289855681,16.7497887995987,2.96593422932108,13.9610948720174,0.712454257306657,14.268530850675,2.66782900771253,12.4358526365148,0.879418443265255,15.7443168589923,1.15472866612145
62,39.9097145941987,2.37199859139758,46.9313959222326,1.33805784684408,46.0150044974213,0.061103597952792,50.8961004149578,2.02007704130316,41.3069411808424,1.96852860592047,52.5330665117953,3.7657132401567,115.268014450636,1.34907572191952,125.367711372114,2.29964849718426,129.322832710268,2.71611489250193,136.098437355153,2.96155460114119,138.765823821831,3.27657354046457,139.478060009882,1.08508820801116,45.3589432344676,1.4278543208193,39.7302497856865,3.20253548739112,42.9486344163122,0.888087917759724,39.4032775619558,1.4370018630128,47.7998985490395,3.08407894135196,31.537354756285,1.01287061165982,49.9774147716418,1.77503294152304,49.8199279900775,1.54954102892317,50.5914866201342,2.15306344113008,48.8333269549438,0.608762415452191,55.3432785454629,5.72098257353111,50.4129154500753,1.27262897566843,-10.5009924358919,1.75584177472554,-2.46552357675947,2.69305395745525,-1.5726527149707,0.75762247190027,3.51451256144988,1.48897344963746,1.33200840892545,3.60427420943849,-12.415863831178,2.51604768960538,16.9793438302855,2.22227781641939,18.331051051509,2.75130330692199,15.7207538245182,0.717141899932716,15.7792565052493,2.36807526484345,14.0910639211662,0.933698828616616,15.6207269328583,1.35173513418739
63,42.558833711055,2.34893336342476,49.5993059634733,0.992453318594516,49.2976507202586,0.318628078061765,54.5230546029809,1.92317840518967,45.5608617528584,2.13635681312782,56.2210788487101,3.59988267290143,115.729260175903,0.998197790943118,125.141180405031,2.9273201948916,129.346370072413,3.04184309410849,135.708071723059,2.69013655033769,138.938014616007,3.35394609504165,136.537348671814,1.30732585293618,43.6116147596167,1.65435157191922,37.1063144271095,4.0907577958269,40.9116877527504,1.35200749891355,37.3057871987573,1.81078537003278,45.7913292646704,3.08319055109395,28.0767518548945,0.596773981197979,50.2027305582672,1.49221358004029,49.3733317814962,2.20570666529809,50.7972517269699,1.84147073383575,48.7696471345281,0.489504175590612,55.4787480219126,5.41593559679993,48.6252758076211,1.5231309925437,-9.61615702070094,1.58974328416436,-1.84857435713825,2.48841036998411,-0.663714995519042,0.947299526601171,4.46008906214789,1.54778742955073,2.58817368022203,3.36544254346694,-11.7512982244262,2.44704137983179,18.7590395198623,2.02707475693156,19.6563961083362,2.62241384808918,17.2426329639212,0.706570806514083,16.9927847918155,2.00661354563908,15.4851009701757,0.94380132967785,14.6709186384602,1.80055637699067
64,45.03031297783,2.31245831835411,52.0340960860118,0.675526058372739,52.3173238835377,0.630992479399461,57.8460739473479,1.79371001345581,49.644763646167,2.31369466966236,59.6475908567832,3.36783816343582,115.779181856813,0.678545631185236,124.486337886333,3.60997780369194,128.954560237171,3.39554920072258,134.895092066043,2.41847402202522,138.694621669081,3.41748778025509,133.208293285831,1.533856016176,41.498025733868,1.92217617194411,34.127097236967,4.83798708731933,38.4534680185096,1.79057424675888,34.7773099950296,2.20519060139745,43.3580969207938,3.07899188445124,24.3103233873211,0.208495319034272,49.9987025104973,1.30227426185365,48.4551893441869,2.91344081234364,50.5409543591109,1.60411113017474,48.2153190048102,1.11418466169192,55.1069590012497,5.12958519123446,46.2236967921562,1.86381010950669,-8.84029071059394,1.41797377113108,-1.39873969560592,2.3146313454305,0.0843831232216199,1.15889682889656,5.23334295590913,1.60229943890647,3.6360123681049,3.12489131362022,-11.2681277324575,2.37060233021747,20.3083287959364,1.7955302759265,20.6495921073256,2.69105590316304,18.4674280969259,0.701121279320589,17.8334408619086,1.57559302935435,16.534112246744,0.91636650664428,12.8929854052583,2.3610973799033
65,47.3367425404662,2.27593330679999,54.2365115207734,0.386199810627889,55.046905652263,0.922480898758162,60.8345222897108,1.65506992250192,53.5046563334458,2.49682565120738,62.7802774413264,3.08843192621088,115.449843414791,0.4162306322278,123.430380573659,4.34868513058804,128.161132153759,3.76526126459124,133.67386920457,2.15674224515186,138.048121345215,3.46574035619848,129.525924869677,1.75528565429919,39.0972817050768,2.17008945176078,30.8759607134813,5.42981194114631,35.6084122593593,2.16488280304175,31.8430626503057,2.56600641887842,40.5089366868048,3.05999228260082,20.295576260386,0.320674039987578,49.4211190246413,1.16792462785535,47.1131582704949,3.61410446256885,49.8463010540409,1.45942420449179,47.1819192315168,1.75909507522713,54.2264163100007,4.85601445316787,43.28828455357,2.21586170368147,-8.16621272674705,1.23480543027648,-1.10401141473158,2.18941497835638,0.666751119883892,1.37258237972081,5.83774686353551,1.65102022578068,4.47083232256436,2.88973635159268,-10.9626031753819,2.28157603790706,21.5649404491019,1.52994878975952,21.2219649813026,3.10781972892345,19.3282179058497,0.751207334138258,18.2247465611358,1.06886496902843,17.152851226089,0.865227333463118,10.3093091152323,2.95741976154563
66,49.4838141483312,2.24487135177221,56.2308477065424,0.174701090241555,57.4788298074427,1.18050046487093,63.4822766879442,1.53086161001234,57.1064720688723,2.6893911290878,65.6004499108145,2.77974751992117,114.728034566846,0.375411954534789,122.021896439682,5.09405850138891,126.985457328514,4.14146019633999,132.06446439258,1.91384271087379,137.016611247846,3.50023266454072,125.522638651895,1.96675810683502,36.4582815309051,2.34270229923348,27.4295803759069,5.83125611305011,32.4282094063307,2.4530068463398,28.5504073322523,2.86034394982309,37.2705317534425,3.02221837028924,16.1089697399732,0.677972773225413,48.4659819515484,1.09075768085418,45.4052476208221,4.23929119185607,48.7413356359325,1.40811867602776,45.6921878869224,2.34273186433036,52.8413597269877,4.5862266986718,39.925402522404,2.52769961808979,-7.59317951318165,1.04633701851362,-0.936120321213355,2.12275863412508,1.08655399613934,1.56960200708814,6.2829192337987,1.69345854796982,5.09511251043626,2.66592437389529,-10.8242584362881,2.17467575432644,22.4321048432149,1.26391108053327,21.3434143523928,3.87693632848666,19.7560808200515,0.92131041712771,18.0929447154933,0.482790106819593,17.2572443235281,0.815288797962678,6.97200062744351,3.54681546397276
67,51.4996045534825,2.19407638007051,58.0337404633509,0.169216522567774,59.6237643667657,1.3998848053253,65.8036082563978,1.44179799353202,60.4347295232728,2.89725479401584,68.1003328268972,2.45834075655312,113.66332398886,0.538891613624057,120.280168088698,5.83452770318001,125.450740143429,4.51756112402073,130.089561180061,1.69871257657523,135.621361655894,3.52651407861743,121.226616489831,2.16635003802297,33.6570361740496,2.41168739220961,23.8545937864882,6.02633681606804,28.9784124717676,2.64225301443925,24.9645659160752,3.06847088315872,33.6846719033032,2.97040024030235,11.8424079103598,0.989331716285066,47.1785035684493,1.03787967505067,43.3635118379635,4.75574784125896,47.2571855725332,1.42982639709481,43.7792766528281,2.84910552298504,50.9615065820385,4.30922898157594,36.2682540238959,2.76145523602684,-7.09887975149053,0.866431517962908,-0.874238106223499,2.10058094181521,1.35520999106459,1.7335338521385,6.58432249590463,1.73087155014876,5.51937162705884,2.45871921767522,-10.8368603297751,2.04656461298417,22.8816960244223,1.04258134363935,20.948934270265,4.92200803128416,19.6826724379252,1.23975353875762,17.3691822820022,0.18463944062566,16.765159194594,0.807482484996469,2.96810030585763,4.09599467287279
68,53.4076996495002,2.12769490093972,59.6686662612996,0.312802973540551,61.5069906441253,1.58277127928672,67.8301002125479,1.40284103016553,63.4902810649506,3.12203587719863,70.2805776311284,2.13927623660519,112.276922910725,0.78981101710692,118.225248707402,6.5662976308669,123.582111279884,4.88994908274978,127.774063320818,1.51791263081331,133.886420646985,3.55192785930911,116.660842474664,2.35434137956012,30.758409695663,2.38656020873287,20.2236691174463,6.0132717034972,25.3344328791495,2.72748054888095,21.1669127517265,3.1788237453326,29.8066469199947,2.91391259900945,7.59833286365869,1.22884090287214,45.5810984827626,0.994949778600249,41.0272882236087,5.13350986179884,45.4284365826108,1.49295038303333,41.490380887878,3.26790292765051,48.6064213250286,4.01788253237388,32.4751756811695,2.88684722619742,-6.66757933497991,0.695677084069177,-0.893039315200261,2.09927175069241,1.49195204497445,1.85188937076746,6.76314363790026,1.76436222513152,5.76405564843304,2.27085227740601,-10.9803927127798,1.89663313063938,22.8668756345329,0.894060776398857,19.9782412173272,6.14009194919097,19.043846587697,1.69480610813498,15.9967688970035,0.924954859045886,15.6025673487586,0.893844215267385,-1.57707222874314,4.57276109201634
69,55.2109035586788,2.038076765468,61.1632994107102,0.477908660509638,63.1633573688354,1.73808225712464,69.6066003006872,1.42013519194855,66.2884853318071,3.35854895835819,72.1478992742754,1.83719711608151,110.570624167037,1.05899287782547,115.869766766882,7.31228985539018,121.404868648449,5.25774878945176,125.146313688616,1.37006727696899,131.839313793507,3.582321107937,111.842681188635,2.53284232266771,27.8049971094075,2.27301550409493,16.634796916871,5.77789456645978,21.5772087913887,2.7105299629637,17.2510395382012,3.18710559306478,25.7042785148249,2.86068100258684,3.48363047624728,1.38979660584862,43.6793836556754,0.9441498783918,38.4587328398356,5.33938244240448,43.2944185576007,1.56818368268367,38.8914315120987,3.58642300544578,45.8137573442369,3.71794852280815,28.7249468122111,2.88055689586823,-6.28210428154921,0.542381705291478,-0.960248830653747,2.08923967878847,1.5227605738553,1.91785877562367,6.84557496702375,1.7926954066012,5.8602111998712,2.1008954493821,-11.2340750095885,1.72717263450134,22.328323502363,0.849326171932067,18.3655486226298,7.47875240996916,17.783975255404,2.26270262336251,13.9455493773002,1.72162012074138,13.7180137134441,1.09176407455267,-6.50036949018997,4.94511330830142
70,56.9114791300838,1.92407160839365,62.5467502145672,0.662210279249574,64.6286345328687,1.88234581513714,71.1794136023589,1.49054761301448,68.8512717945269,3.59564634622965,73.7125150758764,1.56775384724648,108.580103085682,1.32024648537329,113.251076728058,8.05763184513795,118.936168727363,5.63420548115189,122.231116080952,1.25531399816786,129.50480060332,3.62785615019354,106.783969836658,2.70539736318291,24.8315048581681,2.0999259469785,13.1436573779917,5.35587325109912,17.7931626355588,2.59273545295055,13.3156188572696,3.09674624435852,21.4528746885719,2.8127419219485,-0.39725325897168,1.47498743137025,41.5187014430265,0.874579150627709,35.725652621371,5.34337092361163,40.8976292114721,1.63584090947448,36.0636023994197,3.79098107204061,42.636180144789,3.41477676692654,25.2088360308283,2.72806057799058,-5.91965307111018,0.418614081229771,-1.04823012500907,2.06736486508897,1.47873915311447,1.93114234525714,6.85842923505046,1.8148129709058,5.84426800177938,1.94891689222443,-11.5798777280787,1.54339898449238,21.2802205988127,0.879633783417605,16.1384027499767,8.78468677292702,15.8416672394276,2.94651198705342,11.2070571083648,2.5474848444514,11.0788705595645,1.37564548707304,-11.6070928795727,5.1847106118198
71,58.4964094272407,1.80709364182445,63.8342859373726,0.87435588751618,65.9373529713658,2.02228888916227,72.5926782956432,1.60408327679089,71.2044534699273,3.81879511735047,74.9855081099765,1.34754977607221,106.307069617183,1.58714311003901,110.387198069658,8.81351060492276,116.18977296019,6.00081263134412,119.051429346395,1.1723048816212,126.905776769765,3.69873327340852,101.491617575457,2.87641293173333,21.8677245165758,1.89948448813764,9.80729110210831,4.76550843464492,14.0684693305152,2.39063917596541,9.46181247719499,2.9170896714696,17.1362155874933,2.76387676069482,-3.94944590471404,1.49429444273036,39.1265243632219,0.801047766255683,32.8980443476346,5.13349526327944,38.2896176067092,1.67734741601015,33.1066014816256,3.86502422642004,39.1489939822285,3.11559220472103,22.1193645855379,2.42635374355754,-5.56250199338599,0.340466508131889,-1.13354190777433,2.04008262467174,1.39272592103894,1.89479909786226,6.82746926005534,1.82912923939978,5.75655147504091,1.81634100451214,-12.0050884244666,1.35296581111022,19.6958041473952,1.00892130798347,13.3146627263096,9.96606994055296,13.1738223797756,3.66023302577368,7.80530227430364,3.36390351459832,7.6837879431685,1.70640194513702,-16.6846686148522,5.27323058686655
72,59.9418491766656,1.68075915678898,65.0292019439753,1.11575620176845,67.1345069052797,2.16966912143091,73.8839368518296,1.74650663617076,73.374105690183,4.01369051612538,75.9763332344379,1.19025099731722,103.755248048324,1.86149587252601,107.281582635127,9.579826255083,113.201668159502,6.37083918505009,115.62796102955,1.1188980063009,124.062593335467,3.80351043531885,95.9687481671095,3.05040705456929,18.9310401436168,1.70014484545402,6.67999719442309,4.03400473019146,10.482738707187,2.12566230556196,5.7889944768042,2.66332608695827,12.845438128297,2.7010672705408,-7.09477699552526,1.46231874815578,36.5390836717269,0.712359865506589,30.0471712792354,4.70426323146817,35.5564495251667,1.69113676098047,30.1373074869568,3.79119771614243,35.453042461355,2.82569332882969,19.6358473608955,1.98693684368061,-5.196337819719,0.329638404480689,-1.19933575337803,2.01858043745134,1.30219836213501,1.82544933011508,6.77498375726058,1.83480164368858,5.63837058752968,1.70744179327542,-12.5026922313171,1.165151797702,17.5643130209602,1.16304228876138,9.90984732932378,10.9004159751057,9.83474124842229,4.37761996068936,3.80232793654849,4.12040266655397,3.57068711985367,2.04631181999013,-21.5241472845732,5.20997716484611
73,61.2356447021153,1.54796905942495,66.1253521103774,1.38706443770871,68.2463901527811,2.32477815369522,75.0814509737515,1.90149137142201,75.383518958573,4.16903367306031,76.6906169139072,1.09889258140613,100.947995694992,2.13393771721184,103.939969165919,10.3851101882729,109.986807268972,6.74735965896329,111.979073400244,1.09280923496177,120.99270347149,3.94764893985197,90.2164909801853,3.2311479631046,16.034482079158,1.52622801740812,3.82238248115281,3.15296140047595,7.10758438223532,1.8157091990413,2.39061271021823,2.35863886322111,8.67673980102173,2.60798146095486,-9.77815635674424,1.39448715746199,33.8129900643288,0.626990061446642,27.2891246196536,4.03762667941871,32.7792274254045,1.68222482893695,27.2859291175287,3.5554956282174,31.6747780665626,2.54507840061488,17.9089626236904,1.43643379309137,-4.81574963791453,0.38471737837181,-1.2378329366019,2.02180202222624,1.23479690009057,1.73651896218033,6.7177135297553,1.83305643492851,5.5288249283855,1.62919431262859,-13.0697975528693,0.990303128472466,14.9261842086427,1.3184927394492,6.03370585882298,11.4958727433266,5.87400796246246,5.04919390583335,-0.698331281585204,4.75748372136133,-1.17664649673026,2.36075169148651,-25.9463751390104,5.01690767454033
74,62.344358713787,1.42176059665391,67.1201617304053,1.67948657126925,69.2927530446232,2.48331414833378,76.2028958650789,2.05194265984961,77.2511094507063,4.27776465121345,77.1287031637039,1.06173413935082,97.8739641769447,2.40750112080473,100.379131268868,11.2014245301223,106.557429715619,7.13253948492465,108.120968398582,1.09218408236603,117.710502717608,4.13276612721487,84.2365450637301,3.42067176753217,13.1948036167685,1.38957029492513,1.24879314557764,2.22826622094397,4.00957655334673,1.4811040473611,-0.649910771107426,2.04036079352701,4.72821616355217,2.46876683829929,-11.9711565651346,1.30299114478125,30.9949647599075,0.565880803371225,24.6951236187001,3.23601157781319,30.0509155316885,1.66786518189751,24.6898790533421,3.15325237770121,27.9632737132924,2.2673888078303,17.0496434828352,0.811242911371982,-4.42032761699132,0.483845995921524,-1.25080431529208,2.07664027364893,1.2117637579939,1.6412713118196,6.66530370322611,1.82801759904759,5.46136627369396,1.58803272005011,-13.7049967998881,0.839510103936743,11.7668116373266,1.52467005532988,1.79313613735474,11.6304731630439,1.38172464053857,5.62151447454748,-5.5519194113437,5.21263204648197,-6.42485697594692,2.6180350549243,-29.8248753201453,4.73580141307795
75,63.2531079969691,1.27183064976685,68.0012935655071,1.99250655446935,70.2868358180316,2.63980160711974,77.2549507564804,2.18084087408567,78.9891376326098,4.33668936121184,77.2853704704719,1.05918305009259,94.5414593806793,2.6892885392618,96.6009377928811,12.0194634032,102.923632199905,7.52720876633572,104.068167630331,1.11592485544712,114.227339639322,4.35670914036244,78.0346227000091,3.61809908395645,10.4318617222865,1.28486873467295,-1.00522227042753,1.44009091121162,1.24952669962302,1.15107951288974,-3.26323781610759,1.76885421443611,1.09601765081337,2.27143959526262,-13.6724567237954,1.19692226661468,28.1495905584541,0.538313081782035,22.3627097134068,2.53917351272412,27.474521800709,1.67976820785036,22.4859038995015,2.59778528354286,24.4843583435638,1.98294238752296,17.1238796151783,0.160401897531078,-4.01837255558096,0.605046760317982,-1.244060634511,2.20683327197745,1.24666128994309,1.5518725160098,6.61963790125269,1.82668852064372,5.46093809469422,1.58437654819898,-14.4050351175506,0.723697012178452,8.12206349249112,1.70821988415164,-2.69054281761879,11.2369780299555,-3.51050095161066,6.04145059287624,-10.5782795111983,5.42919416586715,-11.9920371143442,2.79013152715854,-33.0983392392339,4.41771416936926
76,63.9609697133692,1.11398751223046,68.7580885781525,2.34109841823415,71.2347852559057,2.79044662149896,78.2334293069976,2.272527349253,80.6026258937973,4.3451669342292,77.1422299562215,1.08199772874577,90.9650765274913,2.96164479430736,92.6057299744334,12.830354270058,99.0940865220934,7.93050558638297,99.8343046090382,1.16351498426651,110.551745117924,4.61419682634638,71.6193637640771,3.81683009303561,7.76550173432683,1.20457517632951,-2.89799485926248,1.2343694532585,-1.11938167794658,0.88026702944008,-5.39796285957775,1.62577489004712,-2.13054862614089,2.01049792221915,-14.8942705969638,1.07640646126299,25.3418030491726,0.553449854694224,20.4042619767247,2.44655973547185,25.1598518521112,1.76073660738156,20.8011708727827,1.94043385805849,21.4118647836586,1.68730093966505,18.1772240722385,0.527155202242411,-3.61960719605273,0.736705420399649,-1.22904779382775,2.42519338445945,1.34484098286017,1.4791119046005,6.57529528419162,1.8380003458971,5.54230108862277,1.60919009808774,-15.1623340121993,0.650820908951509,4.05492034539985,1.87334829918097,-7.26874637865819,10.3046179169545,-8.63264900273132,6.26198171119854,-15.5740987871525,5.36698975083412,-17.6553851590597,2.85461393292617,-35.7550111583203,4.12246752926574
77,64.4585165873135,0.949170505989077,69.3660159202977,2.75747360096125,72.1339042186307,2.93553771153798,79.12387035218,2.31483189697581,82.0882540603474,4.30392178372503,76.6952128184665,1.11387368520427,87.1417723558715,3.23017610895252,88.4042104722416,13.6398391500203,95.0764268004941,8.34033895786717,95.4332237597432,1.23432088152783,106.689952305881,4.89758343471826,65.0254255142124,4.00819310901926,5.22911321912743,1.13721860952778,-4.41353955871914,1.83002623506343,-3.0537214285365,0.766670222996878,-7.02388348940965,1.67079909393059,-4.87491608452168,1.68832344160168,-15.7033498953559,0.957103235012241,22.646334133327,0.616992860734666,18.9334521717935,3.32070723707608,23.2201344781745,1.9504327031326,19.744091588425,1.35096463694332,18.9160990009622,1.39841401682284,20.1480252316203,1.16108591707875,-3.23223193573392,0.868580477508852,-1.22761043943528,2.74942605986998,1.50354236428539,1.43205245930304,6.52090739917898,1.87109842563789,5.70941974145005,1.64597137621935,-15.9575005622438,0.624164644758614,-0.38374183318211,2.0313987788374,-11.7165118806667,8.82200044422616,-13.7832524259697,6.24653868397947,-20.3308096028989,5.01332110498466,-23.1668833051401,2.79811368149617,-37.8758683905227,3.8757789879917
78,64.754582065738,0.760229908852169,69.8234344994881,3.24611052551273,72.9674461487112,3.08420481720383,79.9029248687493,2.3013028299278,83.4337225752327,4.21459936443825,75.9349492950365,1.15057664578328,83.0792611466552,3.49059000456211,84.0191387264637,14.4083707995302,90.8747394369472,8.75907882378032,90.8803904241876,1.32677878174021,102.646815823025,5.19735458406697,58.2973984099194,4.17723534376899,2.86639210010575,1.06081623977626,-5.56435467342499,2.66780286317063,-4.5132514439128,0.887019091328925,-8.13394639651987,1.88235306169351,-7.07925243668588,1.31548084408058,-16.1682472811869,0.842453516655784,20.1515071076004,0.720725186795809,17.9910004014734,4.77384025351305,21.7816665345866,2.28552778178921,19.3960089429075,1.30949075961503,17.1501956660213,1.18842191997881,22.9629238728859,1.75071195260847,-2.85944081952675,0.991932869668041,-1.2440542498513,3.16476398535396,1.71217961496492,1.41802640063728,6.44100805649584,1.93338556020178,5.95572140984611,1.67632878382136,-16.764845421897,0.639516067884731,-5.10166971446345,2.12420553566925,-15.9152107994866,6.94927740468369,-18.7252231841007,5.94485448046201,-24.6556558831684,4.39296694661188,-28.2769086178285,2.62086478250744,-39.5555006719296,3.69858269722767
79,64.8718145476701,0.58397984051635,70.1152890551551,3.8179366476714,73.7166523983854,3.24499377758082,80.5408407073002,2.23259141905179,84.61812107061,4.07994515631254,74.8595549277433,1.18995079587013,78.7985178304799,3.7222322789474,79.466599238043,15.1100035117858,86.5061901706005,9.16667438619665,86.194581325042,1.43790336840985,98.4272081731114,5.50222709781497,51.4986188789086,4.30577046747795,0.712488845249346,0.991775124639458,-6.35168902601002,3.46779622549174,-5.50404276768397,1.15826829406536,-8.74417198697299,2.1825270724642,-8.70956124140871,0.911029162193458,-16.365027065254,0.731532807713977,17.9372889523436,0.853010077910658,17.6401244568342,6.43271663498326,20.9216301613437,2.74115198838251,19.805143759457,1.99636700117824,16.2357414191547,1.19728937451015,26.5227138511382,2.27797949777102,-2.49684686811221,1.09782453459898,-1.2835344319361,3.65221190274655,1.95319802807293,1.44286799608757,6.31823743518079,2.02896872279971,6.26519164268775,1.68489916372652,-17.554094685377,0.686756370420917,-9.96698186514428,2.15071398335991,-19.7211302608584,4.841300130211,-23.2586336896689,5.38674396640383,-28.3920337170634,3.5760598733072,-32.7632040495087,2.34094386921395,-40.8951569176847,3.59728449714679
80,64.8244896318094,0.453148833330141,70.2138027309005,4.4613138948416,74.3513535063478,3.43149663244431,81.0047980565557,2.11674636170319,85.6133832413524,3.9042277613233,73.4783052844958,1.2296904294481,74.3171673301491,3.93286433455946,74.7530588765708,15.702558862678,81.9858933989063,9.54988096933436,81.3997350763447,1.56320247229302,94.0378951874691,5.79898663897696,44.7113103984044,4.37455082107313,-1.18573119138902,0.920193017528829,-6.75082743644881,4.1099157516418,-6.03746094781791,1.46695945630847,-8.89154386329533,2.49990715704724,-9.75929432638765,0.507978580751367,-16.3681971757992,0.622503271759512,16.1071376654063,1.05157815955275,17.9890817529838,8.05772246353257,20.7115571796521,3.27886641729183,20.9839193902723,2.96630117301665,16.2499552262659,1.49549088207189,30.7159705666284,2.73465445092507,-2.13121984237815,1.17873907797354,-1.34773030970833,4.18266048888957,2.20615905505137,1.50744159517154,6.13587974175247,2.15792966274721,6.61414652095541,1.66156536674723,-18.2970782333341,0.753535774400887,-14.8200439757201,2.08022620793578,-22.9515249463067,2.74515383149448,-27.201702684895,4.61613883875025,-31.4348223240068,2.68788883941924,-36.4595642879155,1.99622309802305,-41.9836165867295,3.5665680594131
81,64.6270906847207,0.430647741864909,70.1002386456292,5.19571439640473,74.8274746903883,3.6492858227131,81.2625077233627,1.9686557023762,86.3866203321713,3.69366561815007,71.813503457937,1.26616307738807,69.6570846299712,4.10692205759362,69.9319573621229,16.1621201550463,77.3276923799811,9.88530195088152,76.5267416662962,1.69682405063149,89.4898215135403,6.07231233518508,38.0344639561925,4.36577553443333,-2.77885691641928,0.827265120250418,-6.8188947079188,4.60398532843876,-6.12101094074906,1.738802807408,-8.63031645907974,2.78886645225492,-10.2508449850115,0.232900846884526,-16.2438055862169,0.516766908253019,14.7742547968348,1.29089079540246,19.0330456953658,9.62807326331363,21.2351034898717,3.82437857929784,22.9101243720307,3.9841830636524,17.2176198534817,1.99055247778802,35.4296345189167,3.11973535491985,-1.74204236241335,1.23231848367212,-1.43347984750795,4.7250317337334,2.44910090466638,1.60901658129087,5.88051358309938,2.31654290817259,6.9734877012036,1.60145579007973,-18.9761691070545,0.827568051263352,-19.471110325555,1.91049498420549,-25.5211372271273,1.00151400650341,-30.376074758437,3.73484196916314,-33.7376561448502,1.94127065137251,-39.2764157087666,1.64164725463043,-42.887936447789,3.59362062295273
82,64.302459499696,0.555526629300704,69.7804090398234,5.9711917152021,75.1135681420562,3.90812596204631,81.2855803556205,1.80874893929187,86.9031885454772,3.45672197480745,69.9005987059052,1.29421567688157,64.8581297410321,4.22274381888321,65.0455124633997,16.459649852982,72.5715696347466,10.1620516772685,71.6147907281734,1.83183009104729,84.8006439229425,6.30486195103006,31.5796295457451,4.26528756882751,-4.04529898218288,0.778744591109979,-6.60583873605841,4.93995521172573,-5.83180398103651,1.97099218438001,-8.02715843099014,3.02443809174417,-10.2339945846455,0.422802583416986,-16.0450828602497,0.422823846913341,14.012039882287,1.53850090499863,20.7241384810359,11.0395968499779,22.4638849748261,4.36684342898404,25.5316184281074,4.95565793517261,19.1106219386517,2.57265570726445,40.5558144167459,3.43717192229349,-1.30938619788902,1.26567816556401,-1.53394200947519,5.24767317489594,2.66150433298402,1.74062032706454,5.54427054700972,2.49829996601675,7.31134957988706,1.50396078736068,-19.591367065896,0.898268076563922,-23.7225277843838,1.64722162196154,-27.4280075991199,1.51075942320252,-32.7423374556411,2.79303755674719,-35.311611481278,1.66593223667114,-41.20676553406,1.338601664264,-43.6531426527543,3.66133913868515
83,63.8660737198803,0.75784738864801,69.2467714989779,6.75375187292556,75.1768500165452,4.20514242427261,81.052345115793,1.6606292656516,87.1303724953711,3.20415078942471,67.7868047293335,1.30769104005315,59.9722651435131,4.27903267250956,60.1401222014284,16.5713243172803,67.7582271968843,10.3598852012599,66.7117981704339,1.96064129115778,79.997138784631,6.47785306892557,25.4651780320995,4.06414406246238,-4.97047283585828,0.749254580772378,-6.1570219875252,5.13254449660653,-5.23271029973146,2.15293942241316,-7.15555999862459,3.19544472289738,-9.78081915135906,0.726801579378492,-15.8105107723764,0.358111527632385,13.8851324350263,1.84574546511827,23.0276974449044,12.2576494981974,24.3734636228234,4.87883384032812,28.7735454590871,5.83088880342024,21.8556147499081,3.17378603569276,45.9953282252829,3.69375512587852,-0.814700407793287,1.28146191636335,-1.64757786153005,5.73360614527041,2.82961766346196,1.89365515819945,5.1260108504515,2.69533180876405,7.59594397915724,1.37169127140679,-20.1625823435831,0.959058489941008,-27.3890355599346,1.26781616272501,-28.6775665467175,2.81508061975873,-34.2986345002033,1.86232144973875,-36.2168107599784,1.96126783581852,-42.3164505621353,1.13108715369648,-44.3066612894413,3.75000153816796
84,63.3258135756949,0.979104834562579,68.4867347503333,7.50227248419311,74.9916970816682,4.52929340459778,80.5497999566694,1.54697268148666,87.0412889027926,2.94849679473568,65.5285267174171,1.30041913304507,55.053629663403,4.25648967843326,55.2673461601082,16.4806022909504,62.9384309662375,10.4589664991408,61.8735583385983,2.07568336140188,75.1169044791169,6.57225525673002,19.809538110833,3.75994305267302,-5.54364375028044,0.737281969728769,-5.51532851981975,5.2007510661739,-4.39290986762092,2.28139707620534,-6.09023510484,3.29972736958457,-8.97784612775033,0.984591200254005,-15.5636773265718,0.34136731024401,14.4526965238851,2.14351353954125,25.9125538032371,13.2459062323533,26.9128753020823,5.34080541337566,32.546547811399,6.58244960109656,25.3472372253636,3.7540241618396,51.6592780437508,3.8975672985579,-0.249877711899722,1.29710406682389,-1.7773922540911,6.1766813153515,2.94569519998895,2.0569600968889,4.63089542795309,2.89975567815238,7.79820477489533,1.20984977895443,-20.7251205803531,1.00909301427437,-30.3104802372108,0.878915666912758,-29.2880456079696,3.78102226643035,-35.1024214581065,1.00556316949715,-36.5488455127361,2.4836093659722,-42.7234810975992,1.01434641355697,-44.8634687908852,3.83826555030752
85,62.6924081850482,1.1927956316348,67.4912916758066,8.1810115907463,74.5393175631536,4.86801851933944,79.7744032771487,1.48358326315413,86.6182107056618,2.70270852102862,63.1877489060108,1.26783404080205,50.1685864142524,4.14994968034628,50.5118483514,16.1487873041919,58.1756070384114,10.4360314673916,57.1615987562237,2.17013445016394,70.2088212352944,6.57050089159543,14.7233743837369,3.35877601374126,-5.7938641214994,0.779784226948532,-4.73379523694985,5.1844469046196,-3.38094043091905,2.36040742456727,-4.9023606425873,3.3410134948271,-7.91735635795377,1.17292318036634,-15.3141111738422,0.371917776276125,15.6985015589611,2.39274700326445,29.3212305117733,14.0341247297559,30.0172607681153,5.74940277924509,36.754620879336,7.19841175620974,29.4628237573177,4.28972272083288,57.4698445496093,4.05701298341057,0.375266385555387,1.32960860995519,-1.93159322965248,6.57870656234427,3.00681665689731,2.21933917366159,4.06837670230587,3.10462562354645,7.89387564987543,1.02605366939584,-21.319233486069,1.0521664281433,-32.43103599812,0.486969125234254,-29.3351211095726,4.36896518884033,-35.2522578073423,0.27107698597492,-36.42201850684,2.98489090030048,-42.5732547398119,0.936846507560856,-45.3300243738712,3.90446314127235
86,61.9704438707351,1.39436448836613,66.2912751358863,8.75875419324698,73.814177888092,5.2029359862969,78.7316786157396,1.47401290583808,85.8545080030666,2.47806368535884,60.8271840659046,1.2093813556459,45.4032193769653,3.93831105966758,45.9229016349864,15.617612965754,53.5416900239426,10.2701513894662,52.6400232401337,2.23860507414842,65.3320472816459,6.45842605622168,10.3003761951836,2.87773067019901,-5.74758145024543,0.830764609645075,-3.87115487748017,5.12460875439326,-2.26238973276134,2.39594592994099,-3.65609728138223,3.32701631945689,-6.68977120123613,1.28603878331248,-15.0586354732981,0.429290534382412,17.6113450064186,2.64515378003114,33.1285044549221,14.6375603646575,33.6046640214053,6.09921884736353,41.3017674636255,7.67854966027732,34.0751988726728,4.76724810906942,63.3608216789493,4.18019300307764,1.04049457598039,1.38856284350624,-2.1178536690291,6.95918730691826,3.01393835422316,2.36977251201237,3.44924990310819,3.30437101371572,7.86489058782547,0.830343833438291,-21.9776522717243,1.09279622437106,-33.7312601424987,0.416143580999737,-28.9661983351079,4.64506461546862,-34.8822976354938,0.359200179109962,-35.9523480407107,3.39027729333549,-42.0148388637131,0.846834435550719,-45.7067598843288,3.92846583513031
87,61.1581473532079,1.56687494659378,64.9072458050844,9.21912558510982,72.8277820730715,5.50607073027007,77.4348937402896,1.50937769429162,84.7549141406819,2.28227899178264,58.5043458991991,1.13056286465492,40.8434403395298,3.63428892414209,41.5623004391737,14.9084482372538,49.1014159279167,9.96620775760881,48.3717928275505,2.27759723841535,60.5537088503899,6.22709814116161,6.60740771986489,2.34522893164867,-5.43050607356928,0.865356592994132,-2.96716273873015,5.05571382340012,-1.09429551729811,2.39861851524476,-2.40639119249326,3.26836790904105,-5.37823154147412,1.32485590837964,-14.7831176441451,0.496647577796796,20.1806273093858,2.81701440761708,37.2496083909165,15.0838051905892,37.5794654609653,6.37590243710595,46.0969909534647,8.03163401480072,39.0619159119104,5.17914071030193,69.2778329524379,4.27443784866899,1.72029937039243,1.48790439800584,-2.33964990005981,7.33048635371994,2.9690110509209,2.49961845902617,2.78278686258397,3.49482105192283,7.70002932950537,0.635379180887446,-22.715989196898,1.13258890870461,-34.2306415719171,0.720318733492351,-28.2931663181837,4.69014527210838,-34.1389528968526,0.787987988110005,-35.2437843918059,3.6979949245104,-41.1815855095557,0.725681194799756,-45.9896196596038,3.89362457998366
88,60.2645471810811,1.70479817353645,63.3572171403446,9.5464400569873,71.5951595898304,5.76135739129889,75.9031997020757,1.57427616639366,83.3344326257087,2.11871542922086,56.2660685031894,1.04268253432565,36.5584112875878,3.25706414337948,37.4990719364543,14.0557289344358,44.9224417859323,9.5315902638675,44.4149423104105,2.28564918549113,55.9456277920585,5.87429811698248,3.67699520649194,1.79612304006018,-4.9009042488073,0.881956624913355,-2.05408905849912,5.00896398093938,0.0783790679286924,2.38440531193339,-1.19787325186793,3.17793854549804,-4.05537040756766,1.29418981489383,-14.4644947409319,0.570347201488802,23.31001934459,2.90945820882127,41.6143535459994,15.3932851864027,41.857006321218,6.58665427255351,51.0574757426665,8.27308306432812,44.3110070941033,5.52177477712201,75.1780366770741,4.34598331040291,2.38542066599144,1.627694743865,-2.59548487760905,7.69622003559126,2.87112025096356,2.60633789329641,2.07495306450738,3.67296251434684,7.3949133658222,0.457828351751814,-23.5285957533473,1.16942583696908,-34.074876557175,1.05547231583289,-27.408331930497,4.58080317707963,-33.1470635319346,1.07264040547042,-34.3797111508343,3.93137200364641,-40.1784640690981,0.590570967665299,-46.1711147058659,3.78811036013575
89,59.296473198439,1.81225044897669,61.6755295561943,9.73225247467185,70.1383656503709,5.95890504907221,74.1596828690639,1.65367797739786,81.6165477758593,1.98722238163245,54.1460460628551,0.960506635030734,32.6496997103664,2.77806247384055,33.8226722088186,13.0535320498801,41.0671748753224,8.98305737672378,40.819302903407,2.26312928265507,51.5804750481692,5.40553705549754,1.50636956913954,1.2631715427634,-4.19572770675352,0.861679000403224,-1.15309680262354,5.01588256594297,1.22169734119233,2.36876234535835,-0.0645082238043926,3.07013459053173,-2.78153998610063,1.20150803921332,-14.0728150893406,0.657119219369461,26.9461234298689,2.95674224336343,46.1476399813768,15.5970872727231,46.3575106478512,6.74158008154397,56.1102826041357,8.42238592042142,49.7241009993771,5.7940740983217,81.0292434154765,4.39972165254618,3.00579945627572,1.81038767575721,-2.87463994979764,8.04718605422432,2.71689549001425,2.69088319896585,1.32843472600791,3.83633622102518,6.9515896343357,0.323963091388494,-24.3887756448785,1.19857305668951,-33.3757619677993,1.361519814185,-26.3933667973323,4.39737292166824,-32.0074133936811,1.23712254942431,-33.419723862045,4.11676787916528,-39.0775429194233,0.487990608011633,-46.2410186432045,3.60576861772863
90,58.2603105309842,1.87913864134669,59.8982696515341,9.78157901635069,68.4845676138676,6.09520207773527,72.2298988319538,1.7364974734961,79.6314730154909,1.88638363828963,52.1666563272398,0.899984841246446,29.202237042148,2.27276416377816,30.5603388046807,11.9927540782762,37.5893095195082,8.34472366819717,37.624283569971,2.21169126860216,47.527848229905,4.83451704120148,0.0648745214524004,0.77060679346297,-3.35817093535181,0.808973888022461,-0.277838980493739,5.09249569549922,2.31296652406445,2.36494771569098,0.970578129063233,2.95982028003912,-1.60366096929951,1.05650761435437,-13.5732445361033,0.768247135331467,31.012702009177,2.91683200428445,50.7806333573221,15.7160267758218,51.0087515569179,6.85162225899051,61.1932382832411,8.50023026366871,55.2176580760017,5.99680075473979,86.8084182360102,4.43884367691778,3.5618653192398,2.01672444755861,-3.16234030170902,8.36455788985734,2.50133770558087,2.75600860990685,0.544725567156062,3.98198450474852,6.37814409742262,0.274777786107997,-25.2508956020617,1.21436944833356,-32.2775619188345,1.57549994662849,-25.3076218233293,4.19383146988981,-30.7903848353697,1.31203587004343,-32.4006698843303,4.27357910664068,-37.9210077359557,0.471205099864772,-46.1868560566561,3.34740857126954
91,57.1763692510385,1.91485081664526,58.0627867325723,9.7044802227334,66.654886944914,6.16375504062047,70.1414135451987,1.81598671803717,77.4149408613165,1.81578771363697,50.3430657832991,0.875677805510128,26.2350596452476,1.75978620067578,27.7575624014641,10.9120509123794,34.5551759557223,7.66555637137139,34.8580518969787,2.13357080699879,43.8509006629438,4.18294029413587,-0.693598447752329,0.333210871890005,-2.44032750943689,0.737567093375112,0.567968043202899,5.25100914211589,3.33553385033102,2.38737936496327,1.8956098490984,2.8607449295437,-0.554189769959697,0.871321960976897,-12.9285243959268,0.912616876626164,35.3810933015104,2.82687055390401,55.459502344746,15.7703748149914,55.7504203397813,6.92454048101391,66.2555113452269,8.52585254561509,60.7228769847095,6.13225626499294,92.499509153087,4.46441387799054,4.04615074506084,2.2317921772889,-3.444576521286,8.62647709212018,2.21534777210768,2.80067390463161,-0.272350442067121,4.1053402160787,5.68870567467705,0.31976234333475,-26.0533627841515,1.21245863057158,-30.9648610435992,1.72398749674288,-24.1895906775706,4.0085271972432,-29.5348408355794,1.32228536040358,-31.3407249515602,4.412090493223,-36.7287169417561,0.54094759545053,-45.9947530444115,3.02251142673449
92,56.0585607910565,1.92522120795339,56.20691471322,9.51406077513333,64.6945487702742,6.17970537834997,67.924481090241,1.88865450727903,75.0077458052169,1.77644808082983,48.6860549489849,0.895291298036114,23.8342208301385,1.22888654841962,25.4496906200239,9.83328581368693,31.9741042191513,6.95712780438002,32.5381844228578,2.0310174834359,40.6040207479604,3.47966935588907,-0.819051846540249,0.0444509171752135,-1.46962728688722,0.657470519126152,1.38887155182714,5.4955110366487,4.29215544561197,2.43971045709794,2.71103901337047,2.78384000303634,0.350022988099202,0.661004567937697,-12.1024088277501,1.09129760215226,39.982932931954,2.71043074085604,60.1406695193622,15.7747812706324,60.5212085146498,6.97530838202537,71.2578238048142,8.51531867016829,66.1849071369612,6.20439097230407,98.0906615171368,4.47523438262673,4.44233388693882,2.44370783893362,-3.71226899409563,8.80895356286392,1.86084154014047,2.82965802671568,-1.11297206020795,4.19964231364754,4.90383268957427,0.409889697634942,-26.7224081263598,1.19145080823373,-29.5633569469529,1.80835572326608,-23.0618768926686,3.86260088612244,-28.2621817193724,1.29416452636708,-30.2448969440475,4.53554116952807,-35.5064377428242,0.649487641779507,-45.6511854151816,2.64979937925869
93,54.9241673037507,1.91574382627539,54.3735772977474,9.21341805659731,62.6369479560459,6.14951341726493,65.6134578079247,1.95292478312386,72.4560234764675,1.76865172135353,47.2018903362774,0.95443897913031,22.0269851831133,0.812452882328988,23.690411080175,8.7441293455079,29.8726834991682,6.22685935242928,30.6736729199719,1.90597363071621,37.8317623057183,2.75971890065452,-0.358476281357852,0.349053696107668,-0.471027067850158,0.582941824611869,2.20377317284878,5.83327277358003,5.19146455393054,2.52677350434461,3.43029225182519,2.73588719706989,1.10901588212554,0.443755278775449,-11.0637638779437,1.29697147469795,44.7326374077871,2.56490985317692,64.7862655393693,15.7278178113171,65.2766866346184,7.00537943935027,76.1719639287284,8.48097069505187,71.5619439735789,6.21898062722941,103.571127988284,4.46817026473538,4.73366320264568,2.62492503149982,-3.95726056966496,8.87706514527702,1.4394471437386,2.84296451415562,-1.95857630077188,4.25603908711119,4.05097311691821,0.510436967114558,-27.176501735972,1.15260221955518,-28.187520089472,1.84789403866454,-21.9314753188229,3.76499737784522,-26.9748403610398,1.24525568853791,-29.1101779403197,4.64314404145639,-34.2521493571236,0.761216308761864,-45.1454664403856,2.25597030355529
94,53.7942777880161,1.89844454851687,52.5886874630985,8.8388824385667,60.5199390502604,6.07636572795079,63.2483127374746,2.00825547689112,69.8120239953417,1.78869577424062,45.8901976012911,1.03853604597877,20.7608244720947,0.557453017210328,22.4323226550306,7.71067320645073,28.2500619660503,5.50956420878108,29.2679161185758,1.75995620564546,35.5689527476819,2.06488245243599,0.645672564099669,0.583519301732145,0.542098922358368,0.523422235726366,3.03318936562685,6.2472432221837,6.05223043231711,2.65359788283178,4.07988701570016,2.71880761071212,1.74088058353161,0.240563075746412,-9.78992351183919,1.51723567398904,49.5499963580975,2.41568706608047,69.3789836664355,15.6392448241348,69.9823026784768,7.01609342064424,80.9794711867882,8.4315992545429,76.8243660120024,6.18335089016959,108.928361810679,4.43870052532411,4.91034465285398,2.76661240677143,-4.18982413297899,8.83530960117915,0.961883903232024,2.83368373078372,-2.78043603966887,4.26422366298361,3.16479759928106,0.609905535589055,-27.3313774342724,1.09783207024242,-26.9028283037982,1.85864629145935,-20.8023936678499,3.70710768804727,-25.6704978896128,1.19013560964277,-27.9293354062754,4.7323389863672,-32.9596457903865,0.861216478794763,-44.4721301675933,1.87387728043706
95,52.6934714533539,1.87987556950639,50.882896020062,8.41683064931582,58.3836184873984,5.9656054510375,60.8756156535664,2.05508288737089,67.1348909665292,1.82705242228741,44.741573895453,1.12987609551349,20.0957541067141,0.551953737874163,21.6725438901826,6.76631288286892,27.1016689330205,4.8315416040337,28.3220474170417,1.59413732623396,33.8417892015742,1.45115682094482,2.15231576642301,0.739215247116273,1.57120926048757,0.486380587800034,3.90435543449091,6.7260301871393,6.90120870865486,2.8222808465346,4.6986811174048,2.72978672983203,2.28223690675086,0.0755853646751504,-8.2678939137192,1.73848125824434,54.3829706199422,2.2711851501487,73.9030959932706,15.5110388828269,74.6126391058866,7.00938314214078,85.669690544528,8.3727813189712,81.9536202046448,6.10564638800636,114.145723377039,4.38146957326035,4.92932946997591,2.84716383742094,-4.41176943616884,8.67410558836882,0.447427917936409,2.79386875313806,-3.53945541198478,4.21365195213126,2.28754641114537,0.704786005682477,-27.1057716928055,1.02681393558925,-25.7570102118547,1.84550427615004,-19.6751813317905,3.68365591117594,-24.3481974063681,1.13805026101478,-26.6934388244689,4.80003792193301,-31.6199594643471,0.943528797111901,-43.6324126692137,1.54082625113372
96,51.646801437035,1.87289844078984,49.2938061104279,7.97671836223974,56.2720524056469,5.82379372819612,58.5484431986506,2.09562438648709,64.490843244267,1.86910856267495,43.7364008306409,1.21344480668801,19.9831273326492,0.703691147117078,21.4187064574114,5.94324702824975,26.4259789381466,4.20548733899167,27.8377339277479,1.40981163986375,32.6695145771757,1.0144015043916,4.11614375059856,0.808241272920567,2.62219404625449,0.46872800280308,4.85091860097973,7.25236694162635,7.77318780272034,3.03291781949108,5.33618832245619,2.76262758878578,2.78739281300325,0.0475640844266249,-6.4931126244808,1.94892102090432,59.1839197114056,2.13702671459166,78.3446708505506,15.345846891794,79.1484215001183,6.9847573338797,90.2374989819466,8.30722211016526,86.9404767342773,5.99411783776602,119.200997750008,4.29084989589262,4.77459849890475,2.84150832388759,-4.61238154967115,8.37880016634561,-0.0739789048508358,2.71681851272005,-4.18671244121053,4.09536059858125,1.46968021290862,0.793749051551291,-26.4271357704927,0.934423985903833,-24.746807165838,1.81510551101096,-18.550695106002,3.69193599976,-23.0101727152304,1.09426830356332,-25.3936048051431,4.84328052117215,-30.2218339947765,1.0041393580309,-42.6344719666157,1.29424945473172
97,50.677418041476,1.88130803807329,47.8723345644917,7.53133945048414,54.2340657606615,5.6579136602842,56.3248133235242,2.13531219171117,61.9521712649807,1.89760944000595,42.8462230538358,1.27997078166436,20.3725220247338,0.856993627365992,21.6873215698881,5.20036745078541,26.2229216489493,3.64032198377978,27.818449522454,1.20994351824704,32.0658691281603,0.894563373557142,6.48397218293845,0.785513725583776,3.70353492859906,0.463463591935138,5.91975517982871,7.82154547161899,8.70970097817551,3.28378248631901,6.05006520953043,2.81041669182536,3.32591665442706,0.0833253794200572,-4.46662665955936,2.14049096240309,63.922874780895,2.01486664698923,82.6838374546051,15.1312090065344,83.5752398332044,6.9400689253216,94.6809391453456,8.23520465575072,91.782589678684,5.85656306179241,124.06563965657,4.16150607029971,4.45602686586493,2.7425178639598,-4.75137162831838,7.90796699040479,-0.559199644165384,2.59842614078179,-4.66421609410642,3.90406983281575,0.770910404705906,0.876566493777653,-25.2355215401366,0.811665428684635,-23.8465845947264,1.7693997309228,-17.4225018222706,3.73869978726631,-21.6625606506419,1.06140450372749,-24.0222287373142,4.85978762580326,-28.7524434273122,1.03947678686359,-41.492315877124,1.15876637170665
98,49.8373764915366,1.90881538159297,46.6425543529849,7.11147480964539,52.3221386617945,5.47510456541699,54.2644445979341,2.18448050726549,59.5943879401642,1.89561652124232,42.0379393799169,1.32672011757024,21.3454534136926,0.967424981418406,22.4366223900661,4.56435177876748,26.4957491662344,3.14354467608216,28.2682289413056,1.00356275271195,32.0391689205747,1.06164313509106,9.19642085583146,0.674318482326447,4.83553474529596,0.460721872768018,7.13413955510429,8.40546718293417,9.75661967154645,3.57152651420701,6.90299542406292,2.86874330963546,3.97862053748998,0.0878258648977996,-2.192109977126,2.30932395881009,68.5598739435185,1.90391530364333,86.9235270345958,14.8748269872399,87.8814707108904,6.87173051996853,98.9989238358495,8.15517420558778,96.481635882886,5.6996909126984,128.7045368794,3.98883943136117,3.98421346882687,2.51934898779886,-4.77952751348667,7.27568899632576,-0.950549850754113,2.43859480940357,-4.90611267580731,3.64040690206627,0.261241099816744,0.954726953553282,-23.4849890279994,0.651315051289868,-23.0382762034083,1.7091417673496,-16.2961904184172,3.82593852868385,-20.314341273709,1.04118487876616,-22.5737577947812,4.84860412489321,-27.1989285302031,1.04858602501855,-40.2237748626019,1.12768625682623
99,49.1479680898696,1.95807677646114,45.6394948951016,6.73807610260972,50.5894331680444,5.28247035797479,52.4236538208765,2.25947560840827,57.4908858554974,1.84948719829192,41.2787527650403,1.35580442824964,22.8388381950197,1.03065766853635,23.6721135564861,4.03765757352363,27.2499654696411,2.72394862333525,29.1872562259858,0.816797004064169,32.5898254718062,1.30921754627182,12.1925139124041,0.489851976706866,6.02800060102023,0.451302642165232,8.52579227462675,8.98687913132869,10.9611735215422,3.89149335006878,7.95900326015494,2.93820074198421,4.83201452316043,0.230328378172446,0.326236316738522,2.45497424426198,73.0890753196871,1.80505413244281,91.0559076375252,14.5728701040539,92.0562400263883,6.7750266905717,103.189057388956,8.06427666046957,101.040382597434,5.52844207796886,133.076225498008,3.76926129708258,3.45588088309097,2.18180447788492,-4.62627207680558,6.48807152001314,-1.17609398970871,2.24133664794186,-4.84247534021208,3.31331525816453,0.0204876434016532,1.03247294095848,-21.1459121563996,0.455180238287861,-22.2719232348753,1.64187551823157,-15.1744748389091,3.95814871016995,-18.9751019846202,1.03556125006273,-21.0451278336332,4.81048632736588,-25.5508108641258,1.03667688365522,-38.8480829176066,1.16493568419062
100,48.6316005435723,2.02075936838855,44.8911135690524,6.43075155009408,49.0850317032015,5.08698077881333,50.8485035504092,2.38136680488434,55.7050680011078,1.75168973798116,40.5390126738657,1.37084007559218,24.8343390130003,1.05877688095584,25.394485280846,3.62382150661951,28.4884972906122,2.39300405150177,30.5643673091355,0.71241803539409,33.7046932163555,1.51829795632335,15.4111179705864,0.266261602879249,7.29436999854667,0.432709716664394,10.1230914719832,9.54938399526686,12.3688860666256,4.23781688067043,9.27907307355397,3.02514918183816,5.97144349015578,0.52339466225866,3.08470029967971,2.57912620338403,77.5041810470801,1.71289759550794,95.0718842745929,14.2198070135489,96.0875543349217,6.64442456540936,107.245550442388,7.95866791408335,105.459841912165,5.34553009490988,137.13372327495,3.50037053245289,2.98636145245615,1.74604154240316,-4.21186279032079,5.57348097682494,-1.15395495207106,2.01410052317929,-4.40946351977585,2.94162152547772,0.132313907573288,1.11656603339417,-18.2150164295208,0.244973945450107,-21.5095033160284,1.57455580621975,-14.0606711533798,4.13472552488146,-17.6528485755879,1.0467557866378,-19.4361285287029,4.74755461517627,-23.8028927507685,1.01734899394987,-37.3836244701555,1.23153529647292
